M,N,K,tile,tflops,median_ms,avg_ms,min_ms,std_ms,max_err,status,iters,hipblaslt_tflops,ratio_pct
128,256,2048,hk_128x128x64,3.2,0.0425,0.0415,0.0386,0.0018,0.0078,PASS,10,5.2,60.2
128,384,256,hk_128x128x64,1.7,0.0147,0.0137,0.0113,0.0021,0.0039,PASS,10,1.1,151.9
128,640,2048,hk_128x128x64,8.1,0.0415,0.0427,0.0396,0.0027,0.0078,PASS,10,13.4,60.2
128,896,8192,hk_128x128x64,9.6,0.1948,0.1952,0.1920,0.0032,0.0312,PASS,10,54.1,17.8
128,1152,4096,hk_128x128x64,16.6,0.0730,0.0732,0.0705,0.0018,0.0156,PASS,10,38.1,43.4
128,1408,1024,hk_128x128x64,14.9,0.0248,0.0254,0.0237,0.0017,0.0078,PASS,10,15.6,95.6
128,1408,8192,hk_128x128x64,15.4,0.1911,0.1910,0.1890,0.0012,0.0312,PASS,10,71.2,21.7
128,1792,256,hk_128x128x64,10.0,0.0117,0.0117,0.0111,0.0004,0.0039,PASS,10,5.5,182.6
128,1920,1024,hk_128x128x64,19.8,0.0254,0.0256,0.0247,0.0013,0.0078,PASS,10,20.8,95.4
128,2944,2048,hk_128x128x64,34.5,0.0448,0.0443,0.0428,0.0010,0.0156,PASS,10,49.6,69.5
128,3200,128,hk_128x128x64,10.9,0.0096,0.0100,0.0091,0.0014,0.0039,PASS,10,4.9,223.4
128,3456,1024,hk_128x128x64,34.6,0.0262,0.0267,0.0253,0.0018,0.0078,PASS,10,34.8,99.4
128,3840,512,hk_128x128x64,29.7,0.0169,0.0167,0.0160,0.0004,0.0078,PASS,10,22.1,134.8
128,4224,64,hk_128x128x64,8.2,0.0085,0.0086,0.0073,0.0011,0.0020,PASS,10,3.2,254.0
128,4992,128,hk_128x128x64,16.7,0.0098,0.0106,0.0090,0.0022,0.0039,PASS,10,7.7,216.8
128,5120,1024,hk_128x128x64,48.6,0.0276,0.0279,0.0266,0.0013,0.0078,PASS,10,45.9,106.0
128,5376,1024,hk_128x128x64,51.3,0.0275,0.0287,0.0261,0.0023,0.0078,PASS,10,47.8,107.4
128,6144,64,hk_128x128x64,11.5,0.0087,0.0094,0.0083,0.0016,0.0020,PASS,10,4.6,249.1
128,6528,128,hk_128x128x64,21.6,0.0099,0.0106,0.0093,0.0016,0.0039,PASS,10,9.8,220.7
128,6656,4096,hk_128x128x64,83.9,0.0832,0.0830,0.0800,0.0020,0.0156,PASS,10,121.6,69.0
128,7296,64,hk_128x128x64,13.9,0.0086,0.0089,0.0075,0.0015,0.0020,PASS,10,5.5,252.1
128,7424,8192,hk_128x128x64,70.5,0.2207,0.2214,0.2197,0.0018,0.0312,PASS,10,165.1,42.7
128,7808,512,hk_128x128x64,56.8,0.0180,0.0186,0.0178,0.0012,0.0078,PASS,10,40.5,140.5
192,1536,1536,hk_192x192x64,14.4,0.0627,0.0628,0.0615,0.0010,0.0078,PASS,10,31.4,45.9
192,3456,1536,hk_192x192x64,32.9,0.0620,0.0628,0.0607,0.0022,0.0078,PASS,10,65.8,50.0
192,3648,64,hk_192x192x64,8.7,0.0103,0.0106,0.0091,0.0016,0.0020,PASS,10,3.8,227.2
192,3648,384,hk_192x192x64,27.8,0.0193,0.0198,0.0187,0.0017,0.0078,PASS,10,23.2,119.9
192,4416,192,hk_192x192x64,23.7,0.0137,0.0140,0.0127,0.0015,0.0039,PASS,10,15.2,156.7
192,4608,6144,hk_192x192x64,46.8,0.2324,0.2323,0.2290,0.0017,0.0156,PASS,10,162.3,28.8
192,4992,384,hk_192x192x64,38.7,0.0190,0.0191,0.0185,0.0003,0.0039,PASS,10,32.9,117.5
256,768,8192,hk_128x128x64,16.6,0.1944,0.1938,0.1912,0.0014,0.0156,PASS,10,72.0,23.0
256,768,8192,hk_256x256x64,8.7,0.3683,0.3699,0.3607,0.0079,0.0156,PASS,10,72.0,12.1
256,1280,64,hk_128x128x64,5.0,0.0084,0.0088,0.0072,0.0019,0.0020,PASS,10,2.0,254.1
256,1280,64,hk_256x256x64,2.9,0.0144,0.0144,0.0131,0.0010,0.0020,PASS,10,2.0,147.5
256,1408,1024,hk_128x128x64,29.8,0.0248,0.0253,0.0243,0.0014,0.0078,PASS,10,30.1,98.9
256,1536,512,hk_128x128x64,24.9,0.0162,0.0161,0.0157,0.0003,0.0078,PASS,10,18.2,136.9
256,1536,512,hk_256x256x64,13.4,0.0301,0.0304,0.0284,0.0020,0.0078,PASS,10,18.2,73.7
256,1920,128,hk_128x128x64,13.0,0.0097,0.0103,0.0089,0.0017,0.0039,PASS,10,5.9,221.1
256,1920,8192,hk_128x128x64,41.8,0.1927,0.1935,0.1902,0.0032,0.0312,PASS,10,140.5,29.7
256,2304,2048,hk_128x128x64,57.1,0.0423,0.0422,0.0413,0.0006,0.0156,PASS,10,69.4,82.3
256,2304,2048,hk_256x256x64,31.4,0.0771,0.0776,0.0761,0.0018,0.0156,PASS,10,69.4,45.2
256,2560,512,hk_128x128x64,40.6,0.0165,0.0164,0.0156,0.0004,0.0078,PASS,10,28.6,142.2
256,2560,512,hk_256x256x64,22.7,0.0296,0.0297,0.0289,0.0005,0.0078,PASS,10,28.6,79.3
256,2688,64,hk_128x128x64,10.5,0.0084,0.0089,0.0080,0.0019,0.0020,PASS,10,3.9,270.3
256,2944,64,hk_128x128x64,11.3,0.0085,0.0088,0.0077,0.0018,0.0020,PASS,10,4.2,267.6
256,3456,1024,hk_128x128x64,68.7,0.0264,0.0273,0.0249,0.0025,0.0078,PASS,10,63.9,107.4
256,3584,128,hk_128x128x64,23.2,0.0101,0.0107,0.0096,0.0018,0.0039,PASS,10,10.8,214.7
256,3584,128,hk_256x256x64,13.8,0.0171,0.0168,0.0158,0.0005,0.0039,PASS,10,10.8,127.0
256,3584,8192,hk_128x128x64,75.9,0.1981,0.1981,0.1948,0.0023,0.0312,PASS,10,192.0,39.5
256,3584,8192,hk_256x256x64,41.6,0.3614,0.3609,0.3565,0.0032,0.0312,PASS,10,192.0,21.7
256,4096,64,hk_128x128x64,15.6,0.0086,0.0084,0.0074,0.0005,0.0020,PASS,10,6.3,250.0
256,4096,64,hk_256x256x64,9.6,0.0140,0.0141,0.0129,0.0011,0.0020,PASS,10,6.3,153.7
256,4736,64,hk_128x128x64,18.7,0.0083,0.0083,0.0077,0.0004,0.0020,PASS,10,7.2,260.3
256,4864,2048,hk_128x128x64,107.5,0.0474,0.0479,0.0459,0.0022,0.0156,PASS,10,119.6,89.9
256,4864,2048,hk_256x256x64,64.5,0.0790,0.0791,0.0773,0.0022,0.0156,PASS,10,119.6,54.0
256,5120,128,hk_128x128x64,35.3,0.0095,0.0096,0.0090,0.0005,0.0039,PASS,10,15.2,232.5
256,5120,128,hk_256x256x64,19.6,0.0172,0.0172,0.0159,0.0011,0.0039,PASS,10,15.2,128.7
256,5248,512,hk_128x128x64,77.8,0.0177,0.0183,0.0168,0.0019,0.0078,PASS,10,53.3,146.0
256,5504,2048,hk_128x128x64,118.8,0.0486,0.0485,0.0472,0.0006,0.0156,PASS,10,132.6,89.6
256,7296,1024,hk_128x128x64,129.3,0.0296,0.0301,0.0280,0.0020,0.0078,PASS,10,113.2,114.2
256,7680,256,hk_128x128x64,74.7,0.0135,0.0135,0.0123,0.0013,0.0039,PASS,10,42.6,175.3
256,7680,256,hk_256x256x64,45.1,0.0223,0.0223,0.0210,0.0011,0.0039,PASS,10,42.6,105.7
256,7808,2048,hk_128x128x64,165.5,0.0495,0.0499,0.0482,0.0019,0.0156,PASS,10,168.9,98.0
384,384,8192,hk_128x128x64,12.6,0.1912,0.1912,0.1882,0.0019,0.0312,PASS,10,64.0,19.8
384,384,8192,hk_192x192x64,8.9,0.2721,0.2724,0.2636,0.0050,0.0312,PASS,10,64.0,13.9
384,576,6144,hk_192x192x64,12.4,0.2194,0.2177,0.2123,0.0035,0.0156,PASS,10,72.4,17.1
384,960,768,hk_192x192x64,16.6,0.0340,0.0343,0.0337,0.0008,0.0078,PASS,10,25.0,66.7
384,1024,64,hk_128x128x64,6.2,0.0082,0.0084,0.0074,0.0012,0.0020,PASS,10,2.3,265.2
384,1024,128,hk_128x128x64,10.6,0.0095,0.0094,0.0089,0.0003,0.0039,PASS,10,4.6,231.2
384,1152,384,hk_128x128x64,24.5,0.0139,0.0145,0.0128,0.0022,0.0078,PASS,10,16.0,153.2
384,1152,384,hk_192x192x64,18.3,0.0186,0.0194,0.0178,0.0020,0.0078,PASS,10,16.0,114.2
384,1152,512,hk_128x128x64,28.7,0.0158,0.0161,0.0149,0.0014,0.0078,PASS,10,21.0,136.5
384,1152,512,hk_192x192x64,21.8,0.0208,0.0208,0.0203,0.0003,0.0078,PASS,10,21.0,103.9
384,1408,256,hk_128x128x64,23.5,0.0118,0.0122,0.0111,0.0016,0.0039,PASS,10,12.4,188.8
384,1664,2048,hk_128x128x64,62.9,0.0416,0.0418,0.0405,0.0016,0.0156,PASS,10,82.4,76.3
384,2176,4096,hk_128x128x64,93.4,0.0733,0.0737,0.0714,0.0023,0.0156,PASS,10,144.0,64.9
384,2304,512,hk_128x128x64,55.8,0.0162,0.0165,0.0155,0.0015,0.0078,PASS,10,37.8,147.6
384,2304,512,hk_192x192x64,42.4,0.0214,0.0224,0.0205,0.0024,0.0078,PASS,10,37.8,112.2
384,2432,2048,hk_128x128x64,88.4,0.0433,0.0437,0.0414,0.0023,0.0156,PASS,10,105.0,84.2
384,2560,64,hk_128x128x64,15.0,0.0084,0.0094,0.0073,0.0026,0.0020,PASS,10,5.8,260.8
384,2944,64,hk_128x128x64,17.1,0.0085,0.0089,0.0081,0.0015,0.0020,PASS,10,6.4,266.8
384,3072,192,hk_128x128x64,40.8,0.0111,0.0114,0.0103,0.0013,0.0039,PASS,10,20.8,195.7
384,3072,192,hk_192x192x64,32.7,0.0138,0.0147,0.0129,0.0022,0.0039,PASS,10,20.8,157.1
384,3200,128,hk_128x128x64,32.4,0.0097,0.0095,0.0087,0.0004,0.0039,PASS,10,14.6,222.3
384,3456,1024,hk_128x128x64,103.2,0.0263,0.0267,0.0255,0.0013,0.0078,PASS,10,92.1,112.0
384,3456,1024,hk_192x192x64,80.9,0.0336,0.0338,0.0328,0.0017,0.0078,PASS,10,92.1,87.8
384,4480,1024,hk_128x128x64,129.2,0.0273,0.0279,0.0269,0.0013,0.0078,PASS,10,107.0,120.7
384,4480,4096,hk_128x128x64,169.6,0.0831,0.0833,0.0813,0.0017,0.0156,PASS,10,208.1,81.5
384,4608,64,hk_128x128x64,25.4,0.0089,0.0092,0.0079,0.0018,0.0020,PASS,10,10.2,248.6
384,4608,64,hk_192x192x64,20.8,0.0109,0.0109,0.0103,0.0004,0.0020,PASS,10,10.2,203.7
384,4608,3072,hk_128x128x64,118.0,0.0921,0.0932,0.0909,0.0028,0.0156,PASS,10,185.1,63.8
384,4608,3072,hk_192x192x64,95.2,0.1142,0.1144,0.1127,0.0012,0.0156,PASS,10,185.1,51.4
384,4736,512,hk_128x128x64,105.6,0.0176,0.0177,0.0169,0.0008,0.0078,PASS,10,71.0,148.6
384,4864,8192,hk_128x128x64,142.3,0.2150,0.2150,0.2114,0.0023,0.0312,PASS,10,272.8,52.2
384,4992,1024,hk_128x128x64,140.5,0.0279,0.0278,0.0268,0.0006,0.0078,PASS,10,119.6,117.5
384,4992,1024,hk_192x192x64,108.1,0.0363,0.0365,0.0356,0.0012,0.0078,PASS,10,119.6,90.4
384,5184,64,hk_192x192x64,23.9,0.0107,0.0107,0.0099,0.0007,0.0020,PASS,10,10.4,229.7
384,5632,4096,hk_128x128x64,203.9,0.0869,0.0869,0.0852,0.0011,0.0156,PASS,10,228.6,89.2
384,5888,512,hk_128x128x64,127.2,0.0182,0.0183,0.0177,0.0007,0.0078,PASS,10,82.5,154.2
384,5888,1024,hk_128x128x64,152.2,0.0304,0.0305,0.0291,0.0011,0.0078,PASS,10,129.3,117.7
384,5952,6144,hk_192x192x64,116.7,0.2407,0.2405,0.2351,0.0024,0.0156,PASS,10,261.6,44.6
384,6528,8192,hk_128x128x64,189.6,0.2167,0.2168,0.2146,0.0012,0.0312,PASS,10,308.2,61.5
384,6528,8192,hk_192x192x64,149.9,0.2740,0.2741,0.2689,0.0031,0.0312,PASS,10,308.2,48.6
384,7040,4096,hk_128x128x64,233.2,0.0950,0.0950,0.0939,0.0007,0.0156,PASS,10,263.9,88.3
384,7296,64,hk_128x128x64,37.0,0.0097,0.0097,0.0091,0.0003,0.0020,PASS,10,14.3,259.1
384,7296,64,hk_192x192x64,31.2,0.0115,0.0116,0.0111,0.0003,0.0020,PASS,10,14.3,218.5
384,7680,128,hk_128x128x64,64.9,0.0116,0.0118,0.0109,0.0007,0.0039,PASS,10,31.8,204.1
384,7680,128,hk_192x192x64,52.5,0.0144,0.0142,0.0131,0.0004,0.0039,PASS,10,31.8,164.9
384,7936,512,hk_128x128x64,156.6,0.0199,0.0202,0.0187,0.0016,0.0078,PASS,10,106.9,146.5
384,8064,64,hk_128x128x64,40.5,0.0098,0.0101,0.0089,0.0016,0.0020,PASS,10,17.9,225.8
384,8064,64,hk_192x192x64,34.7,0.0114,0.0121,0.0106,0.0021,0.0020,PASS,10,17.9,193.3
384,8192,64,hk_128x128x64,42.0,0.0096,0.0102,0.0088,0.0020,0.0020,PASS,10,18.0,233.5
512,768,128,hk_128x128x64,10.7,0.0094,0.0096,0.0088,0.0011,0.0039,PASS,10,4.6,231.9
512,768,128,hk_256x256x64,6.0,0.0167,0.0177,0.0162,0.0023,0.0039,PASS,10,4.6,130.7
512,1024,1024,hk_128x128x64,45.1,0.0238,0.0238,0.0232,0.0005,0.0078,PASS,10,42.6,105.9
512,1024,1024,hk_256x256x64,23.8,0.0451,0.0459,0.0445,0.0019,0.0078,PASS,10,42.6,55.9
512,1280,128,hk_128x128x64,17.6,0.0095,0.0099,0.0084,0.0016,0.0039,PASS,10,7.8,225.2
512,1280,128,hk_256x256x64,10.2,0.0165,0.0174,0.0160,0.0022,0.0039,PASS,10,7.8,130.4
512,1408,1024,hk_128x128x64,59.3,0.0249,0.0254,0.0243,0.0018,0.0078,PASS,10,56.7,104.5
512,2048,8192,hk_128x128x64,86.3,0.1992,0.2002,0.1951,0.0039,0.0312,PASS,10,214.4,40.2
512,2048,8192,hk_256x256x64,49.4,0.3474,0.3479,0.3464,0.0020,0.0312,PASS,10,214.4,23.1
512,2816,64,hk_128x128x64,20.9,0.0088,0.0088,0.0083,0.0004,0.0020,PASS,10,8.3,252.7
512,2816,64,hk_256x256x64,13.1,0.0141,0.0142,0.0136,0.0006,0.0020,PASS,10,8.3,158.4
512,3072,128,hk_128x128x64,40.2,0.0100,0.0106,0.0092,0.0017,0.0039,PASS,10,18.0,223.2
512,3072,128,hk_256x256x64,24.3,0.0166,0.0164,0.0155,0.0004,0.0039,PASS,10,18.0,135.1
512,3072,8192,hk_128x128x64,131.6,0.1959,0.1959,0.1940,0.0016,0.0312,PASS,10,251.6,52.3
512,3072,8192,hk_256x256x64,73.2,0.3519,0.3521,0.3495,0.0019,0.0312,PASS,10,251.6,29.1
512,3712,1024,hk_128x128x64,146.9,0.0265,0.0265,0.0255,0.0004,0.0078,PASS,10,120.2,122.2
512,4096,8192,hk_128x128x64,164.8,0.2085,0.2079,0.2037,0.0022,0.0312,PASS,10,299.4,55.0
512,4096,8192,hk_256x256x64,97.1,0.3537,0.3548,0.3508,0.0037,0.0312,PASS,10,299.4,32.4
512,4736,8192,hk_128x128x64,185.5,0.2142,0.2148,0.2127,0.0017,0.0312,PASS,10,311.1,59.6
512,5120,128,hk_128x128x64,60.4,0.0111,0.0115,0.0110,0.0008,0.0039,PASS,10,28.1,214.8
512,5120,128,hk_256x256x64,37.0,0.0182,0.0182,0.0169,0.0008,0.0039,PASS,10,28.1,131.3
512,5376,1024,hk_128x128x64,191.8,0.0294,0.0292,0.0283,0.0005,0.0078,PASS,10,137.8,139.2
512,5376,1024,hk_256x256x64,115.7,0.0487,0.0488,0.0472,0.0013,0.0078,PASS,10,137.8,84.0
512,5376,8192,hk_128x128x64,202.1,0.2231,0.2228,0.2201,0.0019,0.0312,PASS,10,322.2,62.7
512,5376,8192,hk_256x256x64,124.8,0.3614,0.3605,0.3563,0.0026,0.0312,PASS,10,322.2,38.7
512,5504,2048,hk_128x128x64,224.7,0.0514,0.0514,0.0501,0.0011,0.0156,PASS,10,199.8,112.5
512,5632,256,hk_128x128x64,106.1,0.0139,0.0139,0.0131,0.0005,0.0039,PASS,10,51.8,204.9
512,5632,256,hk_256x256x64,64.3,0.0230,0.0230,0.0226,0.0002,0.0039,PASS,10,51.8,124.1
512,5760,256,hk_128x128x64,108.8,0.0139,0.0138,0.0134,0.0002,0.0039,PASS,10,59.9,181.8
512,5888,128,hk_128x128x64,67.5,0.0114,0.0118,0.0107,0.0016,0.0039,PASS,10,32.0,210.9
512,5888,128,hk_256x256x64,44.0,0.0175,0.0175,0.0169,0.0004,0.0039,PASS,10,32.0,137.5
512,5888,4096,hk_128x128x64,272.2,0.0907,0.0911,0.0889,0.0019,0.0156,PASS,10,268.2,101.5
512,5888,4096,hk_256x256x64,169.8,0.1455,0.1488,0.1433,0.0061,0.0156,PASS,10,268.2,63.3
512,6016,4096,hk_128x128x64,261.7,0.0964,0.0964,0.0920,0.0022,0.0156,PASS,10,262.3,99.8
512,6144,512,hk_128x128x64,154.8,0.0208,0.0206,0.0197,0.0005,0.0078,PASS,10,104.5,148.2
512,6144,512,hk_256x256x64,96.1,0.0335,0.0337,0.0330,0.0007,0.0078,PASS,10,104.5,92.0
512,6656,64,hk_128x128x64,44.0,0.0099,0.0099,0.0093,0.0006,0.0020,PASS,10,19.4,226.7
512,6656,64,hk_256x256x64,30.0,0.0146,0.0145,0.0140,0.0004,0.0020,PASS,10,19.4,154.3
512,6656,2048,hk_128x128x64,249.9,0.0558,0.0563,0.0542,0.0021,0.0156,PASS,10,227.7,109.8
512,6656,2048,hk_256x256x64,164.1,0.0850,0.0868,0.0833,0.0041,0.0156,PASS,10,227.7,72.1
512,6784,512,hk_128x128x64,177.1,0.0201,0.0202,0.0194,0.0005,0.0078,PASS,10,114.6,154.5
512,6912,256,hk_128x128x64,124.8,0.0145,0.0143,0.0137,0.0004,0.0039,PASS,10,68.4,182.6
512,6912,256,hk_256x256x64,76.9,0.0236,0.0234,0.0223,0.0007,0.0039,PASS,10,68.4,112.4
512,7552,64,hk_128x128x64,48.4,0.0102,0.0111,0.0099,0.0020,0.0020,PASS,10,21.7,222.8
512,7680,128,hk_128x128x64,84.3,0.0119,0.0124,0.0113,0.0014,0.0039,PASS,10,42.3,199.0
512,7680,128,hk_256x256x64,52.4,0.0192,0.0196,0.0181,0.0016,0.0039,PASS,10,42.3,123.8
512,7808,8192,hk_128x128x64,273.2,0.2397,0.2386,0.2311,0.0030,0.0312,PASS,10,365.7,74.7
576,576,384,hk_192x192x64,13.6,0.0188,0.0189,0.0180,0.0006,0.0039,PASS,10,11.5,118.0
576,1344,6144,hk_192x192x64,43.5,0.2185,0.2187,0.2156,0.0027,0.0156,PASS,10,166.9,26.1
576,1536,3072,hk_192x192x64,48.8,0.1113,0.1113,0.1105,0.0008,0.0156,PASS,10,125.3,39.0
576,1728,768,hk_192x192x64,45.1,0.0339,0.0338,0.0325,0.0006,0.0078,PASS,10,59.5,75.8
576,2304,384,hk_192x192x64,54.8,0.0186,0.0192,0.0178,0.0015,0.0039,PASS,10,44.3,123.7
576,3648,192,hk_192x192x64,57.8,0.0140,0.0138,0.0130,0.0005,0.0039,PASS,10,30.0,192.5
576,4800,192,hk_192x192x64,74.4,0.0143,0.0145,0.0138,0.0010,0.0039,PASS,10,38.7,192.1
576,4800,768,hk_192x192x64,120.1,0.0354,0.0353,0.0349,0.0003,0.0078,PASS,10,113.7,105.7
576,5760,64,hk_192x192x64,36.5,0.0116,0.0117,0.0107,0.0009,0.0020,PASS,10,19.4,188.6
576,5952,1536,hk_192x192x64,163.0,0.0646,0.0649,0.0640,0.0011,0.0156,PASS,10,188.8,86.3
640,640,64,hk_128x128x64,6.3,0.0083,0.0093,0.0076,0.0019,0.0020,PASS,10,2.5,251.0
640,640,2048,hk_128x128x64,41.6,0.0403,0.0406,0.0395,0.0016,0.0156,PASS,10,58.4,71.2
640,1024,128,hk_128x128x64,17.4,0.0096,0.0104,0.0087,0.0018,0.0039,PASS,10,7.8,222.5
640,1408,64,hk_128x128x64,13.6,0.0085,0.0096,0.0082,0.0022,0.0020,PASS,10,5.0,272.7
640,1408,512,hk_128x128x64,54.8,0.0168,0.0169,0.0160,0.0006,0.0078,PASS,10,40.7,134.8
640,2432,512,hk_128x128x64,92.7,0.0172,0.0182,0.0160,0.0022,0.0078,PASS,10,60.4,153.4
640,2816,8192,hk_128x128x64,151.1,0.1954,0.1954,0.1943,0.0007,0.0312,PASS,10,267.4,56.5
640,3072,1024,hk_128x128x64,149.2,0.0270,0.0268,0.0257,0.0007,0.0078,PASS,10,122.3,122.0
640,3328,256,hk_128x128x64,85.8,0.0127,0.0131,0.0117,0.0016,0.0039,PASS,10,46.4,184.9
640,3328,512,hk_128x128x64,123.4,0.0177,0.0177,0.0167,0.0008,0.0078,PASS,10,81.0,152.4
640,3840,1024,hk_128x128x64,184.3,0.0273,0.0277,0.0266,0.0016,0.0078,PASS,10,140.9,130.8
640,3968,2048,hk_128x128x64,216.9,0.0480,0.0481,0.0463,0.0023,0.0156,PASS,10,203.0,106.9
640,4608,256,hk_128x128x64,110.1,0.0137,0.0140,0.0130,0.0014,0.0039,PASS,10,56.8,193.9
640,6016,8192,hk_128x128x64,270.4,0.2333,0.2316,0.2238,0.0036,0.0312,PASS,10,365.7,73.9
640,6272,256,hk_128x128x64,132.8,0.0155,0.0158,0.0150,0.0010,0.0039,PASS,10,70.3,188.9
640,6272,2048,hk_128x128x64,284.0,0.0579,0.0579,0.0570,0.0006,0.0156,PASS,10,262.5,108.2
640,6784,2048,hk_128x128x64,304.7,0.0584,0.0583,0.0577,0.0004,0.0156,PASS,10,277.9,109.6
640,7040,1024,hk_128x128x64,255.7,0.0361,0.0363,0.0352,0.0012,0.0078,PASS,10,215.5,118.7
640,7168,4096,hk_128x128x64,346.3,0.1085,0.1086,0.1068,0.0010,0.0156,PASS,10,357.6,96.8
640,7296,512,hk_128x128x64,211.8,0.0226,0.0230,0.0218,0.0015,0.0078,PASS,10,144.0,147.1
640,7296,2048,hk_128x128x64,301.2,0.0635,0.0634,0.0623,0.0005,0.0156,PASS,10,249.0,121.0
640,7424,128,hk_128x128x64,91.7,0.0133,0.0132,0.0128,0.0003,0.0039,PASS,10,46.3,197.9
640,7552,512,hk_128x128x64,218.1,0.0227,0.0226,0.0220,0.0005,0.0078,PASS,10,124.3,175.4
640,7808,8192,hk_128x128x64,213.8,0.3830,0.3819,0.3732,0.0037,0.0312,PASS,10,375.4,56.9
768,1280,512,hk_128x128x64,62.9,0.0160,0.0168,0.0154,0.0022,0.0078,PASS,10,41.6,151.4
768,1280,512,hk_256x256x64,34.4,0.0292,0.0293,0.0288,0.0004,0.0078,PASS,10,41.6,82.9
768,1344,384,hk_192x192x64,42.9,0.0185,0.0187,0.0173,0.0013,0.0039,PASS,10,36.3,118.0
768,1664,2048,hk_128x128x64,122.1,0.0429,0.0432,0.0419,0.0015,0.0156,PASS,10,133.6,91.4
768,1792,4096,hk_128x128x64,140.9,0.0800,0.0797,0.0770,0.0021,0.0156,PASS,10,185.6,75.9
768,1792,4096,hk_256x256x64,80.3,0.1404,0.1415,0.1399,0.0028,0.0156,PASS,10,185.6,43.2
768,2112,768,hk_192x192x64,72.4,0.0344,0.0344,0.0333,0.0005,0.0078,PASS,10,83.3,86.9
768,2304,8192,hk_128x128x64,146.4,0.1980,0.1977,0.1933,0.0036,0.0312,PASS,10,283.0,51.7
768,2304,8192,hk_192x192x64,114.9,0.2523,0.2530,0.2481,0.0033,0.0312,PASS,10,283.0,40.6
768,2304,8192,hk_256x256x64,84.6,0.3427,0.3432,0.3390,0.0028,0.0312,PASS,10,283.0,29.9
768,2496,768,hk_192x192x64,86.5,0.0340,0.0345,0.0330,0.0018,0.0078,PASS,10,92.8,93.2
768,2560,256,hk_128x128x64,80.0,0.0126,0.0125,0.0117,0.0006,0.0039,PASS,10,44.0,181.5
768,2560,256,hk_256x256x64,45.3,0.0222,0.0227,0.0218,0.0014,0.0039,PASS,10,44.0,102.9
768,2688,2048,hk_128x128x64,188.0,0.0450,0.0451,0.0440,0.0007,0.0156,PASS,10,180.0,104.5
768,2688,2048,hk_192x192x64,143.9,0.0588,0.0589,0.0585,0.0004,0.0156,PASS,10,180.0,79.9
768,3072,192,hk_128x128x64,75.8,0.0119,0.0125,0.0113,0.0018,0.0039,PASS,10,36.6,207.4
768,3072,192,hk_192x192x64,61.6,0.0147,0.0155,0.0138,0.0019,0.0039,PASS,10,36.6,168.4
768,3072,192,hk_256x256x64,47.5,0.0191,0.0196,0.0188,0.0015,0.0039,PASS,10,36.6,129.8
768,3072,6144,hk_128x128x64,160.9,0.1802,0.1803,0.1770,0.0027,0.0156,PASS,10,290.6,55.4
768,3072,6144,hk_192x192x64,132.5,0.2188,0.2179,0.2128,0.0023,0.0156,PASS,10,290.6,45.6
768,3072,6144,hk_256x256x64,105.0,0.2762,0.2756,0.2727,0.0022,0.0156,PASS,10,290.6,36.1
768,3200,8192,hk_128x128x64,193.6,0.2080,0.2085,0.2072,0.0015,0.0312,PASS,10,305.1,63.5
768,3264,384,hk_192x192x64,93.8,0.0205,0.0208,0.0198,0.0009,0.0039,PASS,10,64.2,146.1
768,3328,256,hk_128x128x64,95.7,0.0137,0.0138,0.0130,0.0009,0.0039,PASS,10,55.0,174.2
768,3328,256,hk_256x256x64,57.4,0.0228,0.0230,0.0223,0.0009,0.0039,PASS,10,55.0,104.4
768,3584,4096,hk_128x128x64,262.2,0.0860,0.0859,0.0844,0.0011,0.0156,PASS,10,266.0,98.6
768,3584,4096,hk_256x256x64,154.8,0.1457,0.1487,0.1428,0.0061,0.0156,PASS,10,266.0,58.2
768,3968,256,hk_128x128x64,115.1,0.0136,0.0135,0.0127,0.0004,0.0039,PASS,10,63.0,182.8
768,4224,3072,hk_128x128x64,210.9,0.0945,0.0944,0.0938,0.0006,0.0156,PASS,10,265.8,79.3
768,4224,3072,hk_192x192x64,173.0,0.1152,0.1150,0.1132,0.0009,0.0156,PASS,10,265.8,65.1
768,4608,128,hk_128x128x64,82.2,0.0110,0.0110,0.0104,0.0003,0.0039,PASS,10,37.3,220.4
768,4608,128,hk_192x192x64,65.5,0.0138,0.0136,0.0129,0.0004,0.0039,PASS,10,37.3,175.7
768,4608,128,hk_256x256x64,48.9,0.0185,0.0183,0.0170,0.0005,0.0039,PASS,10,37.3,131.2
768,4608,1024,hk_128x128x64,224.3,0.0323,0.0327,0.0314,0.0016,0.0078,PASS,10,181.9,123.3
768,4608,1024,hk_192x192x64,186.6,0.0388,0.0394,0.0382,0.0016,0.0078,PASS,10,181.9,102.6
768,4608,1024,hk_256x256x64,144.7,0.0501,0.0520,0.0496,0.0032,0.0078,PASS,10,181.9,79.6
768,4800,64,hk_192x192x64,40.6,0.0116,0.0115,0.0108,0.0004,0.0020,PASS,10,16.4,247.2
768,5120,4096,hk_128x128x64,332.0,0.0970,0.0974,0.0952,0.0015,0.0156,PASS,10,310.9,106.8
768,5120,4096,hk_256x256x64,204.3,0.1577,0.1576,0.1528,0.0039,0.0156,PASS,10,310.9,65.7
768,5248,128,hk_128x128x64,84.7,0.0122,0.0124,0.0113,0.0009,0.0039,PASS,10,43.5,194.7
768,5504,8192,hk_128x128x64,305.4,0.2268,0.2257,0.2171,0.0035,0.0312,PASS,10,394.7,77.4
768,5632,1024,hk_128x128x64,254.0,0.0349,0.0347,0.0338,0.0009,0.0078,PASS,10,206.9,122.8
768,5632,1024,hk_256x256x64,166.5,0.0532,0.0537,0.0524,0.0014,0.0078,PASS,10,206.9,80.5
768,6272,128,hk_128x128x64,97.0,0.0127,0.0134,0.0121,0.0019,0.0039,PASS,10,50.4,192.4
768,6400,64,hk_128x128x64,54.9,0.0115,0.0123,0.0109,0.0020,0.0020,PASS,10,27.4,200.4
768,6400,64,hk_256x256x64,38.3,0.0164,0.0165,0.0152,0.0014,0.0020,PASS,10,27.4,139.8
768,6528,256,hk_128x128x64,117.0,0.0219,0.0222,0.0206,0.0013,0.0039,PASS,10,75.7,154.7
768,6528,256,hk_192x192x64,139.8,0.0184,0.0188,0.0177,0.0014,0.0039,PASS,10,75.7,184.7
768,7296,4096,hk_128x128x64,252.3,0.1819,0.1817,0.1798,0.0009,0.0156,PASS,10,326.2,77.3
768,7296,4096,hk_192x192x64,342.5,0.1340,0.1336,0.1307,0.0014,0.0156,PASS,10,326.2,105.0
768,7680,512,hk_128x128x64,173.0,0.0349,0.0345,0.0328,0.0010,0.0078,PASS,10,160.3,107.9
768,7680,512,hk_192x192x64,219.3,0.0275,0.0277,0.0268,0.0007,0.0078,PASS,10,160.3,136.8
768,7680,512,hk_256x256x64,174.4,0.0346,0.0346,0.0340,0.0005,0.0078,PASS,10,160.3,108.8
768,7808,2048,hk_128x128x64,249.5,0.0984,0.0985,0.0971,0.0007,0.0156,PASS,10,266.7,93.6
768,7936,256,hk_128x128x64,138.2,0.0226,0.0229,0.0220,0.0015,0.0039,PASS,10,107.4,128.8
768,7936,256,hk_256x256x64,124.7,0.0250,0.0249,0.0239,0.0004,0.0039,PASS,10,107.4,116.2
768,8064,128,hk_128x128x64,89.9,0.0176,0.0177,0.0172,0.0003,0.0039,PASS,10,46.9,191.8
768,8064,128,hk_192x192x64,99.4,0.0160,0.0162,0.0152,0.0013,0.0039,PASS,10,46.9,212.1
896,896,1024,hk_128x128x64,67.5,0.0244,0.0246,0.0237,0.0012,0.0078,PASS,10,63.1,106.9
896,896,8192,hk_128x128x64,71.1,0.1849,0.1867,0.1821,0.0043,0.0312,PASS,10,199.8,35.6
896,1024,4096,hk_128x128x64,100.8,0.0746,0.0746,0.0712,0.0024,0.0156,PASS,10,150.1,67.2
896,1152,8192,hk_128x128x64,89.9,0.1881,0.1869,0.1831,0.0027,0.0312,PASS,10,218.8,41.1
896,2048,256,hk_128x128x64,77.6,0.0121,0.0122,0.0118,0.0004,0.0039,PASS,10,42.1,184.1
896,2560,256,hk_128x128x64,93.6,0.0125,0.0129,0.0119,0.0014,0.0039,PASS,10,50.3,185.9
896,3072,4096,hk_128x128x64,256.8,0.0878,0.0881,0.0855,0.0019,0.0156,PASS,10,268.1,95.8
896,3328,128,hk_128x128x64,66.8,0.0114,0.0117,0.0100,0.0017,0.0039,PASS,10,30.8,216.8
896,3712,256,hk_128x128x64,126.0,0.0135,0.0139,0.0125,0.0017,0.0039,PASS,10,68.5,184.0
896,3840,4096,hk_128x128x64,308.5,0.0914,0.0915,0.0900,0.0012,0.0156,PASS,10,297.4,103.7
896,3840,8192,hk_128x128x64,256.7,0.2196,0.2192,0.2157,0.0023,0.0312,PASS,10,377.4,68.0
896,4096,128,hk_128x128x64,79.4,0.0118,0.0118,0.0112,0.0004,0.0039,PASS,10,38.2,208.1
896,4096,512,hk_128x128x64,188.6,0.0199,0.0199,0.0194,0.0003,0.0078,PASS,10,122.1,154.5
896,5632,512,hk_128x128x64,159.5,0.0324,0.0327,0.0313,0.0012,0.0078,PASS,10,131.7,121.2
896,5760,1024,hk_128x128x64,189.7,0.0557,0.0566,0.0541,0.0022,0.0078,PASS,10,202.8,93.5
896,5888,512,hk_128x128x64,162.5,0.0332,0.0335,0.0319,0.0015,0.0078,PASS,10,147.3,110.4
896,6400,128,hk_128x128x64,82.5,0.0178,0.0182,0.0170,0.0015,0.0039,PASS,10,54.4,151.6
896,6656,128,hk_128x128x64,87.9,0.0174,0.0177,0.0166,0.0013,0.0039,PASS,10,57.6,152.7
896,6656,256,hk_128x128x64,134.8,0.0227,0.0236,0.0215,0.0023,0.0039,PASS,10,98.4,137.0
896,6784,1024,hk_128x128x64,223.4,0.0557,0.0563,0.0553,0.0015,0.0078,PASS,10,229.3,97.4
896,7168,512,hk_128x128x64,194.8,0.0338,0.0337,0.0332,0.0003,0.0078,PASS,10,167.9,116.0
896,7296,128,hk_128x128x64,92.1,0.0182,0.0191,0.0168,0.0022,0.0039,PASS,10,59.5,154.7
896,7296,8192,hk_128x128x64,278.2,0.3850,0.3848,0.3810,0.0028,0.0312,PASS,10,424.0,65.6
896,7808,64,hk_128x128x64,55.0,0.0163,0.0161,0.0152,0.0007,0.0020,PASS,10,24.9,221.2
960,2112,3072,hk_192x192x64,113.6,0.1097,0.1102,0.1076,0.0024,0.0156,PASS,10,206.6,55.0
960,2304,64,hk_192x192x64,26.1,0.0109,0.0107,0.0101,0.0003,0.0020,PASS,10,12.9,202.2
960,2304,3072,hk_192x192x64,123.4,0.1101,0.1105,0.1081,0.0024,0.0156,PASS,10,218.7,56.4
960,3456,3072,hk_192x192x64,176.8,0.1153,0.1156,0.1148,0.0013,0.0156,PASS,10,269.0,65.7
960,3648,768,hk_192x192x64,155.1,0.0347,0.0347,0.0338,0.0005,0.0078,PASS,10,136.9,113.3
960,4416,1536,hk_192x192x64,205.2,0.0635,0.0637,0.0625,0.0015,0.0156,PASS,10,215.3,95.3
960,5376,64,hk_192x192x64,49.8,0.0133,0.0139,0.0125,0.0018,0.0039,PASS,10,27.1,183.7
1024,1152,512,hk_128x128x64,74.0,0.0163,0.0167,0.0158,0.0016,0.0078,PASS,10,52.1,142.0
1024,1536,4096,hk_128x128x64,163.1,0.0790,0.0799,0.0770,0.0027,0.0156,PASS,10,195.8,83.3
1024,1536,4096,hk_256x256x64,91.5,0.1409,0.1427,0.1400,0.0033,0.0156,PASS,10,195.8,46.7
1024,2560,128,hk_128x128x64,64.1,0.0105,0.0105,0.0102,0.0002,0.0039,PASS,10,27.4,234.5
1024,2560,128,hk_256x256x64,39.4,0.0170,0.0170,0.0163,0.0004,0.0039,PASS,10,27.4,144.0
1024,2560,512,hk_128x128x64,148.5,0.0181,0.0188,0.0172,0.0027,0.0078,PASS,10,88.3,168.1
1024,2560,512,hk_256x256x64,84.8,0.0317,0.0320,0.0305,0.0017,0.0078,PASS,10,88.3,95.9
1024,3200,128,hk_128x128x64,76.6,0.0109,0.0113,0.0101,0.0017,0.0039,PASS,10,36.6,209.1
1024,3200,1024,hk_128x128x64,216.8,0.0310,0.0310,0.0302,0.0005,0.0078,PASS,10,159.6,135.9
1024,3456,4096,hk_128x128x64,314.4,0.0922,0.0924,0.0917,0.0006,0.0156,PASS,10,301.9,104.1
1024,4608,128,hk_128x128x64,92.7,0.0130,0.0131,0.0121,0.0006,0.0039,PASS,10,48.5,191.1
1024,4608,128,hk_256x256x64,62.9,0.0192,0.0197,0.0184,0.0018,0.0039,PASS,10,48.5,129.6
1024,4864,4096,hk_128x128x64,380.6,0.1072,0.1064,0.1038,0.0024,0.0156,PASS,10,363.5,104.7
1024,4864,4096,hk_256x256x64,248.1,0.1645,0.1680,0.1606,0.0077,0.0156,PASS,10,363.5,68.3
1024,5888,64,hk_128x128x64,50.0,0.0154,0.0152,0.0146,0.0004,0.0020,PASS,10,25.6,195.1
1024,5888,64,hk_256x256x64,46.6,0.0166,0.0164,0.0157,0.0004,0.0020,PASS,10,25.6,181.8
1024,7296,128,hk_128x128x64,107.2,0.0178,0.0177,0.0172,0.0005,0.0039,PASS,10,50.3,213.3
1024,7424,64,hk_128x128x64,60.8,0.0160,0.0164,0.0153,0.0016,0.0020,PASS,10,37.9,160.6
1024,7424,64,hk_256x256x64,55.4,0.0176,0.0180,0.0165,0.0017,0.0020,PASS,10,37.9,146.3
1024,7680,128,hk_128x128x64,108.5,0.0186,0.0192,0.0182,0.0016,0.0039,PASS,10,71.7,151.2
1024,7680,128,hk_256x256x64,97.7,0.0206,0.0207,0.0193,0.0019,0.0039,PASS,10,71.7,136.2
1024,7936,256,hk_128x128x64,170.1,0.0245,0.0246,0.0231,0.0016,0.0039,PASS,10,126.3,134.8
1024,7936,256,hk_256x256x64,155.1,0.0268,0.0271,0.0256,0.0018,0.0039,PASS,10,126.3,122.9
1024,8064,8192,hk_128x128x64,324.8,0.4166,0.4136,0.4024,0.0060,0.0312,PASS,10,485.6,66.9
1024,8192,128,hk_128x128x64,103.0,0.0208,0.0211,0.0200,0.0011,0.0039,PASS,10,69.9,147.3
1024,8192,128,hk_256x256x64,93.5,0.0230,0.0228,0.0216,0.0005,0.0039,PASS,10,69.9,133.7
1024,8192,2048,hk_128x128x64,330.0,0.1041,0.1043,0.1025,0.0015,0.0156,PASS,10,370.4,89.1
1024,8192,2048,hk_256x256x64,329.7,0.1042,0.1053,0.0989,0.0060,0.0156,PASS,10,370.4,89.0
1152,1664,64,hk_128x128x64,26.3,0.0093,0.0092,0.0083,0.0004,0.0020,PASS,10,11.1,237.4
1152,1920,768,hk_128x128x64,124.4,0.0273,0.0279,0.0263,0.0016,0.0078,PASS,10,117.0,106.3
1152,1920,768,hk_192x192x64,100.0,0.0340,0.0345,0.0330,0.0018,0.0078,PASS,10,117.0,85.5
1152,2048,2048,hk_128x128x64,207.1,0.0467,0.0466,0.0456,0.0005,0.0156,PASS,10,196.6,105.3
1152,2112,6144,hk_192x192x64,140.1,0.2134,0.2123,0.2074,0.0035,0.0312,PASS,10,290.7,48.2
1152,2304,512,hk_128x128x64,156.9,0.0173,0.0176,0.0165,0.0012,0.0078,PASS,10,97.5,160.9
1152,2304,512,hk_192x192x64,121.1,0.0225,0.0224,0.0215,0.0005,0.0078,PASS,10,97.5,124.1
1152,2304,768,hk_128x128x64,145.7,0.0280,0.0282,0.0270,0.0016,0.0078,PASS,10,127.3,114.5
1152,2304,768,hk_192x192x64,116.6,0.0350,0.0350,0.0333,0.0020,0.0078,PASS,10,127.3,91.6
1152,2304,4096,hk_128x128x64,265.2,0.0820,0.0825,0.0800,0.0023,0.0156,PASS,10,262.6,101.0
1152,2304,4096,hk_192x192x64,207.2,0.1049,0.1066,0.1021,0.0043,0.0156,PASS,10,262.6,78.9
1152,2688,768,hk_128x128x64,167.1,0.0285,0.0289,0.0278,0.0015,0.0078,PASS,10,144.0,116.1
1152,2688,768,hk_192x192x64,137.9,0.0345,0.0351,0.0336,0.0018,0.0078,PASS,10,144.0,95.8
1152,2880,768,hk_192x192x64,142.5,0.0358,0.0357,0.0341,0.0015,0.0078,PASS,10,129.4,110.1
1152,2944,1024,hk_128x128x64,230.1,0.0302,0.0302,0.0293,0.0005,0.0078,PASS,10,180.3,127.6
1152,3200,512,hk_128x128x64,188.7,0.0200,0.0203,0.0192,0.0013,0.0078,PASS,10,127.6,147.9
1152,3200,1024,hk_128x128x64,238.1,0.0317,0.0319,0.0308,0.0015,0.0078,PASS,10,190.2,125.2
1152,3584,256,hk_128x128x64,148.1,0.0143,0.0146,0.0135,0.0013,0.0039,PASS,10,81.1,182.6
1152,3712,1024,hk_128x128x64,252.5,0.0347,0.0349,0.0334,0.0016,0.0078,PASS,10,201.3,125.4
1152,3840,1536,hk_128x128x64,257.6,0.0528,0.0533,0.0512,0.0019,0.0156,PASS,10,252.8,101.9
1152,3840,1536,hk_192x192x64,217.3,0.0625,0.0628,0.0613,0.0020,0.0156,PASS,10,252.8,86.0
1152,3968,2048,hk_128x128x64,323.6,0.0579,0.0578,0.0567,0.0009,0.0156,PASS,10,273.9,118.2
1152,4096,512,hk_128x128x64,216.0,0.0224,0.0228,0.0213,0.0022,0.0078,PASS,10,135.7,159.1
1152,4224,192,hk_128x128x64,128.8,0.0145,0.0146,0.0134,0.0014,0.0039,PASS,10,69.2,185.9
1152,4224,192,hk_192x192x64,115.1,0.0162,0.0164,0.0152,0.0017,0.0039,PASS,10,69.2,166.2
1152,4416,6144,hk_192x192x64,276.7,0.2259,0.2253,0.2194,0.0023,0.0156,PASS,10,347.0,79.7
1152,4480,64,hk_128x128x64,46.7,0.0142,0.0141,0.0134,0.0004,0.0020,PASS,10,19.0,245.9
1152,4608,1024,hk_128x128x64,195.2,0.0557,0.0560,0.0544,0.0017,0.0078,PASS,10,214.7,90.9
1152,4608,1024,hk_192x192x64,263.3,0.0413,0.0414,0.0403,0.0008,0.0078,PASS,10,214.7,122.6
1152,4736,1024,hk_128x128x64,201.7,0.0554,0.0553,0.0547,0.0004,0.0078,PASS,10,219.4,91.9
1152,4992,1536,hk_128x128x64,201.3,0.0878,0.0878,0.0864,0.0015,0.0156,PASS,10,249.7,80.6
1152,4992,1536,hk_192x192x64,278.7,0.0634,0.0640,0.0629,0.0013,0.0156,PASS,10,249.7,111.6
1152,5248,512,hk_128x128x64,184.3,0.0336,0.0339,0.0321,0.0017,0.0078,PASS,10,167.5,110.0
1152,5248,1024,hk_128x128x64,224.4,0.0552,0.0555,0.0544,0.0015,0.0078,PASS,10,201.1,111.6
1152,5568,1536,hk_192x192x64,298.8,0.0660,0.0661,0.0649,0.0010,0.0078,PASS,10,266.4,112.2
1152,5632,256,hk_128x128x64,141.9,0.0234,0.0243,0.0225,0.0023,0.0039,PASS,10,111.5,127.2
1152,5888,2048,hk_128x128x64,283.3,0.0981,0.0984,0.0973,0.0013,0.0156,PASS,10,327.6,86.5
1152,6016,256,hk_128x128x64,150.3,0.0236,0.0233,0.0221,0.0007,0.0039,PASS,10,84.7,177.4
1152,6400,64,hk_128x128x64,59.0,0.0160,0.0163,0.0152,0.0015,0.0020,PASS,10,37.8,155.9
1152,6528,4096,hk_128x128x64,338.4,0.1821,0.1823,0.1798,0.0018,0.0156,PASS,10,367.3,92.1
1152,6528,4096,hk_192x192x64,429.8,0.1433,0.1426,0.1384,0.0026,0.0156,PASS,10,367.3,117.0
1152,6656,64,hk_128x128x64,54.9,0.0179,0.0180,0.0170,0.0006,0.0020,PASS,10,33.2,165.5
1152,7040,256,hk_128x128x64,171.8,0.0242,0.0242,0.0232,0.0007,0.0039,PASS,10,88.8,193.4
1152,7168,8192,hk_128x128x64,327.5,0.4132,0.4129,0.4071,0.0036,0.0312,PASS,10,504.8,64.9
1152,8064,64,hk_128x128x64,64.5,0.0184,0.0186,0.0177,0.0006,0.0020,PASS,10,26.0,247.6
1152,8064,64,hk_192x192x64,71.0,0.0168,0.0167,0.0158,0.0004,0.0020,PASS,10,26.0,272.5
1280,1920,4096,hk_128x128x64,235.4,0.0855,0.0855,0.0836,0.0013,0.0156,PASS,10,268.2,87.8
1280,2688,2048,hk_128x128x64,275.7,0.0511,0.0510,0.0495,0.0008,0.0156,PASS,10,242.4,113.7
1280,4096,2048,hk_128x128x64,222.5,0.0965,0.0965,0.0953,0.0006,0.0156,PASS,10,306.1,72.7
1280,4096,2048,hk_256x256x64,228.2,0.0941,0.0941,0.0912,0.0023,0.0156,PASS,10,306.1,74.6
1280,4224,1024,hk_128x128x64,203.5,0.0544,0.0544,0.0538,0.0004,0.0078,PASS,10,232.3,87.6
1280,4864,256,hk_128x128x64,140.5,0.0227,0.0227,0.0221,0.0003,0.0039,PASS,10,109.7,128.1
1280,4864,256,hk_256x256x64,123.3,0.0259,0.0258,0.0246,0.0005,0.0039,PASS,10,109.7,112.4
1280,5248,128,hk_128x128x64,94.1,0.0183,0.0185,0.0175,0.0011,0.0039,PASS,10,57.8,162.7
1280,5376,128,hk_128x128x64,95.3,0.0185,0.0196,0.0180,0.0020,0.0039,PASS,10,60.0,158.8
1280,5376,128,hk_256x256x64,86.2,0.0204,0.0208,0.0196,0.0015,0.0039,PASS,10,60.0,143.5
1280,5760,8192,hk_128x128x64,305.1,0.3959,0.3959,0.3886,0.0061,0.0312,PASS,10,445.3,68.5
1280,6656,128,hk_128x128x64,107.1,0.0204,0.0202,0.0193,0.0004,0.0039,PASS,10,74.1,144.5
1280,6656,128,hk_256x256x64,100.0,0.0218,0.0221,0.0211,0.0010,0.0039,PASS,10,74.1,134.9
1280,6656,1024,hk_128x128x64,297.3,0.0587,0.0590,0.0577,0.0017,0.0078,PASS,10,282.0,105.4
1280,6656,1024,hk_256x256x64,298.3,0.0585,0.0593,0.0566,0.0026,0.0078,PASS,10,282.0,105.8
1280,7040,512,hk_128x128x64,238.0,0.0388,0.0387,0.0376,0.0006,0.0078,PASS,10,153.2,155.3
1280,7040,2048,hk_128x128x64,345.7,0.1068,0.1065,0.1028,0.0033,0.0156,PASS,10,329.0,105.1
1280,8192,128,hk_128x128x64,107.5,0.0250,0.0249,0.0241,0.0003,0.0039,PASS,10,86.7,123.9
1280,8192,128,hk_256x256x64,115.8,0.0232,0.0229,0.0218,0.0007,0.0039,PASS,10,86.7,133.6
1344,1344,64,hk_192x192x64,21.0,0.0110,0.0115,0.0103,0.0018,0.0020,PASS,10,10.4,201.8
1344,1344,1536,hk_192x192x64,95.3,0.0583,0.0588,0.0573,0.0016,0.0078,PASS,10,148.2,64.3
1344,2880,384,hk_192x192x64,147.1,0.0202,0.0206,0.0195,0.0016,0.0078,PASS,10,86.9,169.2
1344,3648,768,hk_192x192x64,213.0,0.0354,0.0356,0.0342,0.0014,0.0078,PASS,10,150.8,141.3
1344,4416,64,hk_192x192x64,58.8,0.0129,0.0133,0.0122,0.0015,0.0039,PASS,10,22.1,266.8
1344,4992,384,hk_192x192x64,209.3,0.0246,0.0251,0.0236,0.0014,0.0078,PASS,10,115.8,180.8
1408,1536,256,hk_128x128x64,88.8,0.0125,0.0130,0.0118,0.0016,0.0039,PASS,10,47.3,187.8
1408,2048,2048,hk_128x128x64,244.7,0.0483,0.0489,0.0467,0.0018,0.0156,PASS,10,218.9,111.8
1408,2688,4096,hk_128x128x64,325.7,0.0952,0.0947,0.0902,0.0023,0.0156,PASS,10,328.7,99.1
1408,2816,1024,hk_128x128x64,250.0,0.0325,0.0324,0.0314,0.0005,0.0078,PASS,10,197.8,126.4
1408,2944,64,hk_128x128x64,50.7,0.0105,0.0109,0.0097,0.0016,0.0020,PASS,10,23.0,220.3
1408,2944,8192,hk_128x128x64,304.8,0.2228,0.2220,0.2161,0.0023,0.0312,PASS,10,404.0,75.4
1408,3072,2048,hk_128x128x64,319.8,0.0554,0.0555,0.0547,0.0006,0.0156,PASS,10,284.9,112.2
1408,3328,1024,hk_128x128x64,272.3,0.0352,0.0351,0.0345,0.0003,0.0078,PASS,10,222.3,122.5
1408,3584,1024,hk_128x128x64,187.5,0.0551,0.0556,0.0545,0.0015,0.0078,PASS,10,206.2,90.9
1408,3584,4096,hk_128x128x64,234.6,0.1762,0.1758,0.1746,0.0010,0.0156,PASS,10,347.9,67.4
1408,3712,4096,hk_128x128x64,242.8,0.1764,0.1767,0.1746,0.0020,0.0156,PASS,10,364.4,66.6
1408,3968,1024,hk_128x128x64,210.0,0.0545,0.0544,0.0540,0.0003,0.0078,PASS,10,222.6,94.3
1408,4096,4096,hk_128x128x64,265.5,0.1779,0.1777,0.1766,0.0007,0.0156,PASS,10,381.6,69.6
1408,4480,64,hk_128x128x64,51.9,0.0156,0.0153,0.0143,0.0005,0.0020,PASS,10,21.2,244.9
1408,4992,64,hk_128x128x64,57.5,0.0156,0.0154,0.0149,0.0004,0.0020,PASS,10,26.6,216.2
1408,5120,512,hk_128x128x64,217.4,0.0340,0.0343,0.0336,0.0013,0.0078,PASS,10,165.9,131.0
1408,6528,64,hk_128x128x64,69.7,0.0169,0.0168,0.0160,0.0004,0.0020,PASS,10,29.7,234.4
1408,6912,256,hk_128x128x64,187.5,0.0266,0.0268,0.0255,0.0017,0.0039,PASS,10,138.4,135.4
1408,7168,256,hk_128x128x64,158.9,0.0325,0.0334,0.0317,0.0021,0.0039,PASS,10,141.0,112.7
1408,7424,512,hk_128x128x64,209.1,0.0512,0.0516,0.0502,0.0013,0.0078,PASS,10,221.4,94.4
1408,7424,2048,hk_128x128x64,289.1,0.1481,0.1478,0.1461,0.0009,0.0156,PASS,10,382.5,75.6
1408,7552,2048,hk_128x128x64,290.5,0.1499,0.1505,0.1490,0.0015,0.0156,PASS,10,347.5,83.6
1408,7680,1024,hk_128x128x64,266.6,0.0831,0.0831,0.0821,0.0007,0.0078,PASS,10,300.4,88.8
1408,7808,512,hk_128x128x64,223.2,0.0504,0.0504,0.0494,0.0006,0.0078,PASS,10,167.1,133.5
1536,1728,192,hk_192x192x64,68.2,0.0150,0.0151,0.0138,0.0010,0.0039,PASS,10,43.1,158.2
1536,2496,6144,hk_192x192x64,203.1,0.2319,0.2322,0.2289,0.0031,0.0312,PASS,10,341.4,59.5
1536,2560,64,hk_128x128x64,48.5,0.0104,0.0101,0.0095,0.0004,0.0020,PASS,10,21.4,226.3
1536,2560,64,hk_256x256x64,32.5,0.0155,0.0155,0.0148,0.0006,0.0020,PASS,10,21.4,151.8
1536,2816,64,hk_128x128x64,53.5,0.0103,0.0107,0.0097,0.0013,0.0020,PASS,10,23.4,229.1
1536,2816,64,hk_256x256x64,37.0,0.0150,0.0150,0.0143,0.0005,0.0020,PASS,10,23.4,158.4
1536,3648,384,hk_192x192x64,191.3,0.0225,0.0228,0.0219,0.0014,0.0039,PASS,10,107.9,177.4
1536,3968,1024,hk_128x128x64,229.8,0.0543,0.0550,0.0536,0.0018,0.0078,PASS,10,235.5,97.6
1536,4608,128,hk_128x128x64,96.0,0.0189,0.0188,0.0178,0.0005,0.0039,PASS,10,68.8,139.5
1536,4608,128,hk_192x192x64,108.6,0.0167,0.0167,0.0162,0.0003,0.0039,PASS,10,68.8,157.9
1536,4608,128,hk_256x256x64,86.9,0.0208,0.0210,0.0199,0.0014,0.0039,PASS,10,68.8,126.3
1536,4736,2048,hk_128x128x64,300.9,0.0990,0.0992,0.0981,0.0008,0.0156,PASS,10,305.0,98.7
1536,4800,192,hk_192x192x64,153.9,0.0184,0.0189,0.0181,0.0015,0.0039,PASS,10,70.8,217.4
1536,4992,64,hk_128x128x64,58.4,0.0168,0.0171,0.0158,0.0017,0.0020,PASS,10,28.7,203.6
1536,4992,64,hk_192x192x64,63.9,0.0154,0.0156,0.0142,0.0016,0.0020,PASS,10,28.7,222.7
1536,4992,6144,hk_128x128x64,284.0,0.3317,0.3332,0.3264,0.0059,0.0156,PASS,10,432.7,65.6
1536,4992,6144,hk_192x192x64,369.4,0.2551,0.2543,0.2411,0.0052,0.0156,PASS,10,432.7,85.4
1536,4992,8192,hk_128x128x64,311.7,0.4030,0.4008,0.3939,0.0032,0.0312,PASS,10,423.5,73.6
1536,4992,8192,hk_192x192x64,407.4,0.3084,0.3067,0.2774,0.0140,0.0312,PASS,10,423.5,96.2
1536,5248,2048,hk_128x128x64,325.8,0.1014,0.1017,0.1007,0.0012,0.0156,PASS,10,335.0,97.2
1536,5376,192,hk_128x128x64,138.3,0.0229,0.0227,0.0216,0.0006,0.0039,PASS,10,93.5,147.9
1536,5376,192,hk_192x192x64,157.9,0.0201,0.0200,0.0190,0.0004,0.0039,PASS,10,93.5,168.9
1536,5376,192,hk_256x256x64,128.8,0.0246,0.0245,0.0235,0.0005,0.0039,PASS,10,93.5,137.8
1536,5376,6144,hk_128x128x64,295.5,0.3434,0.3438,0.3394,0.0030,0.0312,PASS,10,471.6,62.7
1536,5376,6144,hk_192x192x64,389.8,0.2603,0.2578,0.2439,0.0056,0.0312,PASS,10,471.6,82.6
1536,5376,6144,hk_256x256x64,323.9,0.3132,0.3140,0.3070,0.0047,0.0312,PASS,10,471.6,68.7
1536,5632,64,hk_128x128x64,64.5,0.0172,0.0173,0.0169,0.0003,0.0039,PASS,10,40.3,160.1
1536,5632,64,hk_256x256x64,59.0,0.0188,0.0185,0.0175,0.0006,0.0039,PASS,10,40.3,146.4
1536,5760,2048,hk_128x128x64,352.5,0.1028,0.1027,0.1013,0.0006,0.0156,PASS,10,328.7,107.3
1536,5760,2048,hk_192x192x64,410.9,0.0882,0.0881,0.0872,0.0006,0.0156,PASS,10,328.7,125.0
1536,5952,3072,hk_192x192x64,417.7,0.1345,0.1342,0.1320,0.0010,0.0156,PASS,10,389.8,107.2
1536,6016,64,hk_128x128x64,61.3,0.0193,0.0198,0.0181,0.0021,0.0020,PASS,10,40.5,151.6
1536,6016,4096,hk_128x128x64,380.3,0.1991,0.1968,0.1859,0.0069,0.0156,PASS,10,421.1,90.3
1536,6144,1536,hk_128x128x64,310.1,0.0935,0.0932,0.0909,0.0010,0.0156,PASS,10,384.6,80.6
1536,6144,1536,hk_192x192x64,402.2,0.0721,0.0718,0.0701,0.0011,0.0156,PASS,10,384.6,104.6
1536,6144,1536,hk_256x256x64,310.6,0.0933,0.0932,0.0889,0.0022,0.0156,PASS,10,384.6,80.8
1536,6656,2048,hk_128x128x64,285.3,0.1468,0.1468,0.1446,0.0012,0.0156,PASS,10,374.6,76.2
1536,6656,2048,hk_256x256x64,390.6,0.1072,0.1073,0.1060,0.0013,0.0156,PASS,10,374.6,104.3
1536,7296,64,hk_128x128x64,68.5,0.0209,0.0215,0.0203,0.0016,0.0020,PASS,10,30.8,222.4
1536,7296,64,hk_192x192x64,82.3,0.0174,0.0172,0.0164,0.0004,0.0020,PASS,10,30.8,266.9
1536,7936,512,hk_128x128x64,244.2,0.0511,0.0516,0.0504,0.0014,0.0078,PASS,10,229.1,106.6
1536,7936,512,hk_256x256x64,282.0,0.0443,0.0442,0.0431,0.0005,0.0078,PASS,10,229.1,123.1
1536,8064,1024,hk_128x128x64,297.9,0.0852,0.0853,0.0845,0.0010,0.0078,PASS,10,266.9,111.6
1536,8064,1024,hk_192x192x64,295.0,0.0860,0.0859,0.0849,0.0007,0.0078,PASS,10,266.9,110.5
1664,1792,256,hk_128x128x64,113.3,0.0135,0.0135,0.0127,0.0005,0.0039,PASS,10,59.3,191.1
1664,1920,64,hk_128x128x64,41.0,0.0100,0.0099,0.0097,0.0002,0.0020,PASS,10,18.3,223.3
1664,2176,64,hk_128x128x64,47.4,0.0098,0.0100,0.0091,0.0013,0.0039,PASS,10,17.1,277.5
1664,2176,1024,hk_128x128x64,233.2,0.0318,0.0322,0.0313,0.0017,0.0078,PASS,10,177.7,131.3
1664,2304,256,hk_128x128x64,145.3,0.0135,0.0136,0.0129,0.0004,0.0039,PASS,10,76.6,189.6
1664,2560,4096,hk_128x128x64,353.1,0.0988,0.0982,0.0944,0.0026,0.0156,PASS,10,337.5,104.6
1664,2688,2048,hk_128x128x64,323.2,0.0567,0.0570,0.0548,0.0016,0.0156,PASS,10,293.3,110.2
1664,2816,64,hk_128x128x64,51.1,0.0117,0.0120,0.0104,0.0015,0.0020,PASS,10,23.9,213.3
1664,3328,512,hk_128x128x64,173.8,0.0326,0.0330,0.0312,0.0018,0.0078,PASS,10,151.4,114.7
1664,3712,4096,hk_128x128x64,283.0,0.1788,0.1788,0.1776,0.0014,0.0156,PASS,10,374.8,75.5
1664,3968,4096,hk_128x128x64,304.3,0.1777,0.1776,0.1765,0.0007,0.0156,PASS,10,406.5,74.9
1664,4224,64,hk_128x128x64,57.0,0.0158,0.0160,0.0154,0.0009,0.0020,PASS,10,21.7,262.2
1664,4736,128,hk_128x128x64,108.0,0.0187,0.0195,0.0178,0.0020,0.0039,PASS,10,49.4,218.7
1664,4864,8192,hk_128x128x64,326.1,0.4066,0.4054,0.4001,0.0033,0.0312,PASS,10,492.3,66.2
1664,4992,64,hk_128x128x64,61.0,0.0174,0.0172,0.0162,0.0005,0.0020,PASS,10,25.2,241.8
1664,4992,1024,hk_128x128x64,287.7,0.0591,0.0595,0.0577,0.0016,0.0078,PASS,10,235.0,122.4
1664,5504,128,hk_128x128x64,113.3,0.0207,0.0212,0.0194,0.0014,0.0039,PASS,10,54.6,207.7
1664,6400,1024,hk_128x128x64,261.8,0.0833,0.0836,0.0820,0.0013,0.0078,PASS,10,283.6,92.3
1664,6400,8192,hk_128x128x64,303.0,0.5758,0.5733,0.5629,0.0046,0.0312,PASS,10,507.3,59.7
1664,6656,128,hk_128x128x64,107.3,0.0264,0.0274,0.0259,0.0020,0.0039,PASS,10,73.5,146.0
1664,7168,512,hk_128x128x64,236.7,0.0516,0.0518,0.0507,0.0015,0.0078,PASS,10,214.1,110.6
1664,7168,8192,hk_128x128x64,333.4,0.5861,0.5880,0.5777,0.0088,0.0312,PASS,10,531.7,62.7
1664,7808,256,hk_128x128x64,194.3,0.0342,0.0341,0.0330,0.0007,0.0039,PASS,10,128.1,151.6
1664,8064,64,hk_128x128x64,76.4,0.0225,0.0232,0.0218,0.0019,0.0020,PASS,10,43.9,173.8
1728,1920,64,hk_192x192x64,36.0,0.0118,0.0124,0.0115,0.0015,0.0020,PASS,10,19.1,189.1
1728,2112,192,hk_192x192x64,94.2,0.0149,0.0149,0.0137,0.0015,0.0039,PASS,10,52.3,180.1
1728,3072,1536,hk_192x192x64,257.6,0.0633,0.0632,0.0613,0.0017,0.0156,PASS,10,255.7,100.8
1728,3264,384,hk_192x192x64,191.9,0.0226,0.0228,0.0213,0.0014,0.0039,PASS,10,98.8,194.1
1728,3840,192,hk_192x192x64,141.2,0.0180,0.0185,0.0175,0.0015,0.0039,PASS,10,92.8,152.2
1728,3840,6144,hk_192x192x64,342.0,0.2384,0.2387,0.2345,0.0028,0.0312,PASS,10,432.0,79.2
1728,4800,192,hk_192x192x64,155.5,0.0205,0.0216,0.0199,0.0032,0.0039,PASS,10,72.0,216.0
1728,5184,64,hk_192x192x64,71.5,0.0160,0.0160,0.0153,0.0006,0.0020,PASS,10,27.8,256.8
1728,5376,1536,hk_192x192x64,375.0,0.0761,0.0760,0.0747,0.0008,0.0078,PASS,10,310.7,120.7
1792,1792,8192,hk_128x128x64,248.1,0.2120,0.2110,0.2078,0.0025,0.0312,PASS,10,352.8,70.3
1792,1792,8192,hk_256x256x64,161.5,0.3257,0.3266,0.3161,0.0066,0.0312,PASS,10,352.8,45.8
1792,2048,512,hk_128x128x64,184.9,0.0203,0.0205,0.0188,0.0017,0.0078,PASS,10,121.3,152.5
1792,2048,512,hk_256x256x64,119.1,0.0316,0.0313,0.0308,0.0004,0.0078,PASS,10,121.3,98.2
1792,2688,1024,hk_128x128x64,272.8,0.0362,0.0361,0.0345,0.0007,0.0078,PASS,10,216.4,126.1
1792,2944,4096,hk_128x128x64,247.3,0.1748,0.1754,0.1732,0.0023,0.0156,PASS,10,363.6,68.0
1792,3072,512,hk_128x128x64,170.4,0.0331,0.0329,0.0318,0.0007,0.0078,PASS,10,154.9,110.1
1792,3072,512,hk_256x256x64,153.0,0.0368,0.0375,0.0364,0.0017,0.0078,PASS,10,154.9,98.8
1792,3072,8192,hk_128x128x64,245.0,0.3682,0.3681,0.3648,0.0023,0.0312,PASS,10,427.8,57.3
1792,3072,8192,hk_256x256x64,259.1,0.3482,0.3492,0.3433,0.0048,0.0312,PASS,10,427.8,60.6
1792,3328,2048,hk_128x128x64,254.1,0.0961,0.0958,0.0945,0.0006,0.0156,PASS,10,291.5,87.2
1792,3328,2048,hk_256x256x64,266.9,0.0915,0.0909,0.0888,0.0016,0.0156,PASS,10,291.5,91.5
1792,3328,8192,hk_128x128x64,262.3,0.3725,0.3736,0.3701,0.0029,0.0312,PASS,10,441.5,59.4
1792,3328,8192,hk_256x256x64,274.0,0.3566,0.3569,0.3437,0.0080,0.0312,PASS,10,441.5,62.1
1792,3456,1024,hk_128x128x64,230.9,0.0549,0.0560,0.0542,0.0029,0.0078,PASS,10,235.0,98.2
1792,3712,128,hk_128x128x64,90.8,0.0188,0.0195,0.0182,0.0021,0.0039,PASS,10,61.5,147.7
1792,3968,64,hk_128x128x64,54.7,0.0166,0.0171,0.0163,0.0012,0.0020,PASS,10,35.6,153.5
1792,4224,256,hk_128x128x64,163.8,0.0237,0.0243,0.0227,0.0018,0.0039,PASS,10,88.8,184.6
1792,4480,256,hk_128x128x64,167.3,0.0246,0.0247,0.0235,0.0015,0.0039,PASS,10,89.5,187.0
1792,5248,512,hk_128x128x64,236.4,0.0407,0.0406,0.0378,0.0014,0.0078,PASS,10,165.8,142.6
1792,5376,64,hk_128x128x64,70.7,0.0174,0.0179,0.0165,0.0016,0.0020,PASS,10,45.9,154.0
1792,5376,64,hk_256x256x64,67.2,0.0184,0.0187,0.0174,0.0018,0.0020,PASS,10,45.9,146.3
1792,5504,256,hk_128x128x64,180.2,0.0280,0.0279,0.0266,0.0014,0.0039,PASS,10,83.9,214.7
1792,5760,64,hk_128x128x64,67.5,0.0196,0.0201,0.0187,0.0013,0.0020,PASS,10,30.5,221.3
1792,5760,1024,hk_128x128x64,252.9,0.0836,0.0836,0.0828,0.0007,0.0078,PASS,10,246.3,102.7
1792,5888,64,hk_128x128x64,62.5,0.0216,0.0221,0.0209,0.0018,0.0020,PASS,10,39.4,158.8
1792,5888,64,hk_256x256x64,71.1,0.0190,0.0194,0.0182,0.0015,0.0020,PASS,10,39.4,180.6
1792,6016,256,hk_128x128x64,163.5,0.0338,0.0343,0.0326,0.0017,0.0039,PASS,10,106.6,153.4
1792,6272,512,hk_128x128x64,229.7,0.0501,0.0511,0.0497,0.0018,0.0078,PASS,10,171.8,133.7
1792,6272,2048,hk_128x128x64,313.2,0.1470,0.1472,0.1443,0.0025,0.0156,PASS,10,354.7,88.3
1792,6272,4096,hk_128x128x64,338.6,0.2719,0.2706,0.2653,0.0037,0.0156,PASS,10,456.7,74.1
1792,6656,256,hk_128x128x64,182.4,0.0335,0.0338,0.0329,0.0009,0.0039,PASS,10,139.5,130.8
1792,6656,256,hk_256x256x64,202.3,0.0302,0.0302,0.0293,0.0005,0.0039,PASS,10,139.5,145.0
1792,7040,128,hk_128x128x64,124.5,0.0259,0.0260,0.0249,0.0009,0.0039,PASS,10,58.1,214.2
1792,7168,8192,hk_128x128x64,346.3,0.6076,0.6072,0.5975,0.0081,0.0312,PASS,10,511.9,67.7
1792,7168,8192,hk_256x256x64,445.8,0.4720,0.4719,0.4653,0.0040,0.0312,PASS,10,511.9,87.1
1792,7552,512,hk_128x128x64,265.1,0.0523,0.0526,0.0514,0.0011,0.0078,PASS,10,175.2,151.3
1792,7552,1024,hk_128x128x64,321.8,0.0861,0.0860,0.0846,0.0011,0.0078,PASS,10,275.0,117.0
1792,7936,128,hk_128x128x64,120.0,0.0303,0.0302,0.0283,0.0022,0.0039,PASS,10,89.6,133.8
1792,7936,128,hk_256x256x64,139.1,0.0262,0.0260,0.0244,0.0006,0.0039,PASS,10,89.6,155.1
1792,8064,128,hk_128x128x64,132.4,0.0279,0.0279,0.0269,0.0005,0.0039,PASS,10,67.4,196.6
1792,8064,256,hk_128x128x64,204.4,0.0362,0.0362,0.0357,0.0005,0.0039,PASS,10,115.4,177.1
1920,1920,128,hk_128x128x64,81.2,0.0116,0.0117,0.0106,0.0017,0.0039,PASS,10,40.7,199.7
1920,1920,128,hk_192x192x64,66.7,0.0142,0.0143,0.0133,0.0012,0.0039,PASS,10,40.7,164.0
1920,2048,2048,hk_128x128x64,293.7,0.0548,0.0551,0.0534,0.0019,0.0156,PASS,10,257.2,114.2
1920,2176,128,hk_128x128x64,87.5,0.0122,0.0126,0.0115,0.0014,0.0039,PASS,10,42.5,205.9
1920,2304,192,hk_128x128x64,127.6,0.0133,0.0138,0.0121,0.0013,0.0039,PASS,10,69.0,184.9
1920,2304,192,hk_192x192x64,107.0,0.0159,0.0170,0.0155,0.0036,0.0039,PASS,10,69.0,155.0
1920,2432,8192,hk_128x128x64,329.7,0.2321,0.2318,0.2264,0.0032,0.0312,PASS,10,423.6,77.8
1920,2688,1536,hk_128x128x64,182.6,0.0868,0.0867,0.0848,0.0013,0.0156,PASS,10,284.7,64.1
1920,2688,1536,hk_192x192x64,256.1,0.0619,0.0619,0.0593,0.0014,0.0156,PASS,10,284.7,90.0
1920,2816,512,hk_128x128x64,165.8,0.0334,0.0334,0.0331,0.0003,0.0078,PASS,10,159.6,103.8
1920,2816,1024,hk_128x128x64,204.6,0.0541,0.0546,0.0532,0.0019,0.0078,PASS,10,221.3,92.4
1920,3072,2048,hk_128x128x64,251.6,0.0960,0.0964,0.0954,0.0014,0.0156,PASS,10,324.5,77.5
1920,3072,2048,hk_192x192x64,341.8,0.0707,0.0708,0.0695,0.0014,0.0156,PASS,10,324.5,105.3
1920,3072,8192,hk_128x128x64,260.5,0.3710,0.3719,0.3667,0.0046,0.0312,PASS,10,441.6,59.0
1920,3072,8192,hk_192x192x64,351.2,0.2752,0.2755,0.2700,0.0044,0.0312,PASS,10,441.6,79.5
1920,3200,256,hk_128x128x64,139.6,0.0225,0.0223,0.0213,0.0004,0.0039,PASS,10,107.5,129.9
1920,3968,128,hk_128x128x64,104.6,0.0186,0.0185,0.0175,0.0004,0.0039,PASS,10,69.4,150.8
1920,4416,6144,hk_192x192x64,416.5,0.2502,0.2503,0.2408,0.0041,0.0312,PASS,10,474.4,87.8
1920,5184,192,hk_192x192x64,176.9,0.0216,0.0216,0.0204,0.0006,0.0039,PASS,10,71.0,249.2
1920,5504,64,hk_128x128x64,65.9,0.0205,0.0205,0.0198,0.0004,0.0020,PASS,10,28.6,230.5
1920,5760,1536,hk_128x128x64,269.4,0.1261,0.1260,0.1242,0.0009,0.0156,PASS,10,306.6,87.9
1920,5760,1536,hk_192x192x64,425.8,0.0798,0.0799,0.0773,0.0013,0.0156,PASS,10,306.6,138.9
1920,5952,6144,hk_192x192x64,305.0,0.4603,0.4585,0.4429,0.0064,0.0312,PASS,10,507.9,60.1
1920,6144,768,hk_128x128x64,247.0,0.0734,0.0734,0.0724,0.0006,0.0078,PASS,10,309.5,79.8
1920,6144,768,hk_192x192x64,246.2,0.0736,0.0736,0.0729,0.0005,0.0078,PASS,10,309.5,79.5
1920,6528,64,hk_128x128x64,76.7,0.0209,0.0210,0.0200,0.0010,0.0020,PASS,10,32.0,239.5
1920,6528,64,hk_192x192x64,70.9,0.0226,0.0226,0.0218,0.0004,0.0020,PASS,10,32.0,221.6
1920,6912,256,hk_128x128x64,196.2,0.0346,0.0346,0.0336,0.0005,0.0039,PASS,10,164.4,119.3
1920,6912,256,hk_192x192x64,189.6,0.0358,0.0356,0.0347,0.0006,0.0039,PASS,10,164.4,115.3
1920,7168,8192,hk_128x128x64,346.2,0.6513,0.6455,0.6280,0.0112,0.0312,PASS,10,527.7,65.6
1920,7552,512,hk_128x128x64,262.1,0.0567,0.0575,0.0548,0.0026,0.0078,PASS,10,208.8,125.5
1920,7808,512,hk_128x128x64,241.4,0.0636,0.0634,0.0623,0.0005,0.0078,PASS,10,178.6,135.2
1920,7808,1024,hk_128x128x64,278.4,0.1103,0.1100,0.1084,0.0008,0.0078,PASS,10,271.7,102.5
1920,7808,2048,hk_128x128x64,316.6,0.1940,0.1938,0.1904,0.0022,0.0156,PASS,10,371.7,85.2
1920,7936,64,hk_128x128x64,68.0,0.0287,0.0282,0.0268,0.0008,0.0039,PASS,10,52.5,129.6
1920,8064,64,hk_128x128x64,76.6,0.0259,0.0257,0.0247,0.0008,0.0020,PASS,10,36.9,207.4
1920,8064,64,hk_192x192x64,87.3,0.0227,0.0229,0.0221,0.0009,0.0020,PASS,10,36.9,236.4
1920,8064,4096,hk_128x128x64,351.6,0.3608,0.3594,0.3539,0.0042,0.0156,PASS,10,475.9,73.9
1920,8064,4096,hk_192x192x64,428.6,0.2959,0.2956,0.2944,0.0009,0.0156,PASS,10,475.9,90.1
1920,8192,512,hk_128x128x64,244.5,0.0659,0.0660,0.0652,0.0007,0.0078,PASS,10,258.5,94.6
2048,2048,512,hk_128x128x64,194.1,0.0221,0.0220,0.0212,0.0004,0.0078,PASS,10,135.4,143.3
2048,2048,512,hk_256x256x64,120.2,0.0357,0.0369,0.0343,0.0027,0.0078,PASS,10,135.4,88.8
2048,2176,64,hk_128x128x64,54.5,0.0105,0.0109,0.0099,0.0015,0.0020,PASS,10,20.6,264.4
2048,2176,128,hk_128x128x64,93.6,0.0122,0.0121,0.0112,0.0006,0.0039,PASS,10,48.4,193.4
2048,2688,8192,hk_128x128x64,248.1,0.3635,0.3648,0.3628,0.0031,0.0312,PASS,10,442.5,56.1
2048,2816,64,hk_128x128x64,47.7,0.0155,0.0159,0.0150,0.0014,0.0020,PASS,10,24.6,193.5
2048,2816,64,hk_256x256x64,44.7,0.0165,0.0171,0.0156,0.0018,0.0020,PASS,10,24.6,181.3
2048,2816,2048,hk_128x128x64,245.1,0.0964,0.0967,0.0959,0.0012,0.0156,PASS,10,294.6,83.2
2048,2816,2048,hk_256x256x64,255.8,0.0923,0.0937,0.0913,0.0034,0.0156,PASS,10,294.6,86.8
2048,2816,8192,hk_128x128x64,258.9,0.3649,0.3651,0.3631,0.0015,0.0312,PASS,10,437.5,59.2
2048,2816,8192,hk_256x256x64,262.6,0.3598,0.3586,0.3539,0.0033,0.0312,PASS,10,437.5,60.0
2048,2944,512,hk_128x128x64,192.0,0.0322,0.0321,0.0312,0.0005,0.0078,PASS,10,157.6,121.8
2048,3200,4096,hk_128x128x64,300.9,0.1785,0.1786,0.1772,0.0008,0.0156,PASS,10,366.0,82.2
2048,3584,512,hk_128x128x64,217.5,0.0346,0.0345,0.0333,0.0013,0.0078,PASS,10,187.1,116.2
2048,3584,512,hk_256x256x64,212.1,0.0354,0.0353,0.0348,0.0004,0.0078,PASS,10,187.1,113.4
2048,4224,64,hk_128x128x64,65.9,0.0168,0.0167,0.0163,0.0003,0.0020,PASS,10,28.3,233.2
2048,4352,4096,hk_128x128x64,372.3,0.1961,0.1949,0.1900,0.0035,0.0156,PASS,10,460.8,80.8
2048,4352,4096,hk_256x256x64,383.2,0.1905,0.1931,0.1884,0.0060,0.0156,PASS,10,460.8,83.2
2048,4480,512,hk_128x128x64,247.7,0.0379,0.0380,0.0372,0.0004,0.0078,PASS,10,163.6,151.4
2048,4864,4096,hk_128x128x64,392.6,0.2079,0.2047,0.1946,0.0053,0.0156,PASS,10,476.1,82.4
2048,4864,4096,hk_256x256x64,407.0,0.2005,0.2014,0.1979,0.0045,0.0156,PASS,10,476.1,85.5
2048,5376,64,hk_128x128x64,64.6,0.0218,0.0217,0.0207,0.0007,0.0020,PASS,10,42.5,152.0
2048,5376,64,hk_256x256x64,70.6,0.0200,0.0199,0.0190,0.0005,0.0020,PASS,10,42.5,166.1
2048,5632,128,hk_128x128x64,116.2,0.0254,0.0253,0.0249,0.0002,0.0039,PASS,10,79.8,145.6
2048,5632,128,hk_256x256x64,126.1,0.0234,0.0232,0.0221,0.0005,0.0039,PASS,10,79.8,158.0
2048,5632,2048,hk_128x128x64,320.5,0.1474,0.1477,0.1458,0.0013,0.0156,PASS,10,392.7,81.6
2048,5632,2048,hk_256x256x64,416.8,0.1133,0.1129,0.1098,0.0022,0.0156,PASS,10,392.7,106.2
2048,6016,64,hk_128x128x64,70.5,0.0224,0.0228,0.0213,0.0017,0.0020,PASS,10,29.2,241.7
2048,6272,64,hk_128x128x64,78.3,0.0210,0.0213,0.0204,0.0015,0.0020,PASS,10,33.4,234.5
2048,6656,2048,hk_128x128x64,373.1,0.1497,0.1494,0.1483,0.0007,0.0156,PASS,10,416.1,89.7
2048,6656,2048,hk_256x256x64,464.2,0.1203,0.1211,0.1198,0.0013,0.0156,PASS,10,416.1,111.6
2048,6784,8192,hk_128x128x64,358.9,0.6343,0.6385,0.6129,0.0149,0.0312,PASS,10,492.8,72.8
2048,7040,2048,hk_128x128x64,372.0,0.1588,0.1584,0.1538,0.0021,0.0156,PASS,10,380.2,97.8
2048,7680,2048,hk_128x128x64,327.5,0.1967,0.1955,0.1918,0.0020,0.0156,PASS,10,463.1,70.7
2048,7680,2048,hk_256x256x64,487.4,0.1322,0.1316,0.1270,0.0035,0.0156,PASS,10,463.1,105.2
2048,7808,2048,hk_128x128x64,334.8,0.1956,0.1956,0.1900,0.0033,0.0156,PASS,10,384.6,87.1
2048,7936,512,hk_128x128x64,253.0,0.0658,0.0657,0.0651,0.0005,0.0078,PASS,10,258.5,97.9
2048,7936,512,hk_256x256x64,325.8,0.0511,0.0509,0.0497,0.0006,0.0078,PASS,10,258.5,126.1
2048,8192,8192,hk_128x128x64,352.0,0.7809,0.7902,0.7723,0.0214,0.0312,PASS,10,555.6,63.4
2048,8192,8192,hk_256x256x64,582.1,0.4722,0.4759,0.4586,0.0150,0.0312,PASS,10,555.6,104.8
2112,2496,1536,hk_192x192x64,254.0,0.0637,0.0688,0.0610,0.0116,0.0078,PASS,10,222.4,114.2
2112,2688,64,hk_192x192x64,54.1,0.0134,0.0138,0.0128,0.0014,0.0020,PASS,10,31.4,172.5
2112,2688,6144,hk_192x192x64,301.1,0.2317,0.2316,0.2270,0.0031,0.0156,PASS,10,412.3,73.0
2112,2880,64,hk_192x192x64,58.7,0.0133,0.0133,0.0128,0.0003,0.0020,PASS,10,22.0,267.1
2112,2880,384,hk_192x192x64,202.3,0.0231,0.0236,0.0219,0.0016,0.0078,PASS,10,108.6,186.3
2112,3072,768,hk_192x192x64,254.7,0.0391,0.0396,0.0384,0.0017,0.0078,PASS,10,216.7,117.5
2112,3072,3072,hk_192x192x64,319.9,0.1246,0.1238,0.1220,0.0010,0.0156,PASS,10,358.6,89.2
2112,3264,64,hk_192x192x64,59.3,0.0149,0.0146,0.0134,0.0006,0.0020,PASS,10,23.9,248.5
2112,3456,768,hk_192x192x64,267.1,0.0420,0.0418,0.0409,0.0005,0.0078,PASS,10,211.0,126.6
2112,3648,768,hk_192x192x64,275.3,0.0430,0.0430,0.0425,0.0004,0.0078,PASS,10,188.5,146.1
2112,4032,6144,hk_192x192x64,412.6,0.2536,0.2536,0.2441,0.0054,0.0312,PASS,10,453.4,91.0
2112,5952,3072,hk_192x192x64,323.1,0.2390,0.2388,0.2358,0.0013,0.0156,PASS,10,419.5,77.0
2176,2432,8192,hk_128x128x64,225.4,0.3846,0.3846,0.3780,0.0038,0.0312,PASS,10,445.0,50.7
2176,2560,512,hk_128x128x64,174.4,0.0327,0.0329,0.0317,0.0006,0.0078,PASS,10,153.0,114.0
2176,2688,64,hk_128x128x64,50.1,0.0150,0.0152,0.0144,0.0011,0.0020,PASS,10,28.1,178.0
2176,3072,256,hk_128x128x64,152.7,0.0224,0.0225,0.0215,0.0014,0.0039,PASS,10,96.8,157.8
2176,3328,1024,hk_128x128x64,268.3,0.0553,0.0560,0.0549,0.0018,0.0078,PASS,10,243.9,110.0
2176,3712,128,hk_128x128x64,105.3,0.0196,0.0203,0.0186,0.0025,0.0039,PASS,10,61.9,170.0
2176,3840,256,hk_128x128x64,167.8,0.0255,0.0262,0.0244,0.0018,0.0039,PASS,10,129.5,129.6
2176,4096,128,hk_128x128x64,115.9,0.0197,0.0207,0.0186,0.0025,0.0039,PASS,10,79.0,146.6
2176,4736,64,hk_128x128x64,68.0,0.0194,0.0202,0.0182,0.0020,0.0020,PASS,10,30.1,226.0
2176,5248,2048,hk_128x128x64,316.2,0.1479,0.1471,0.1445,0.0018,0.0156,PASS,10,345.1,91.6
2176,5248,8192,hk_128x128x64,323.9,0.5776,0.5758,0.5643,0.0063,0.0312,PASS,10,497.3,65.1
2176,5376,512,hk_128x128x64,236.0,0.0508,0.0511,0.0498,0.0013,0.0078,PASS,10,218.7,107.9
2176,5632,64,hk_128x128x64,71.9,0.0218,0.0222,0.0210,0.0016,0.0020,PASS,10,42.7,168.4
2176,6016,128,hk_128x128x64,128.6,0.0261,0.0265,0.0252,0.0017,0.0039,PASS,10,82.3,156.3
2176,6912,4096,hk_128x128x64,345.0,0.3571,0.3565,0.3505,0.0036,0.0156,PASS,10,516.5,66.8
2176,7296,256,hk_128x128x64,183.6,0.0443,0.0442,0.0434,0.0004,0.0039,PASS,10,143.6,127.9
2176,7424,512,hk_128x128x64,247.5,0.0668,0.0667,0.0649,0.0008,0.0078,PASS,10,258.0,95.9
2176,7936,2048,hk_128x128x64,347.7,0.2034,0.2021,0.1953,0.0025,0.0156,PASS,10,448.0,77.6
2176,8192,64,hk_128x128x64,76.8,0.0297,0.0296,0.0286,0.0006,0.0020,PASS,10,66.7,115.1
2304,2432,256,hk_128x128x64,124.4,0.0231,0.0232,0.0219,0.0008,0.0039,PASS,10,94.5,131.7
2304,2880,1536,hk_192x192x64,307.6,0.0663,0.0660,0.0655,0.0004,0.0156,PASS,10,256.4,120.0
2304,3072,1536,hk_128x128x64,249.2,0.0872,0.0878,0.0860,0.0020,0.0156,PASS,10,327.9,76.0
2304,3072,1536,hk_192x192x64,328.1,0.0663,0.0667,0.0657,0.0016,0.0156,PASS,10,327.9,100.1
2304,3072,1536,hk_256x256x64,273.8,0.0794,0.0802,0.0759,0.0031,0.0156,PASS,10,327.9,83.5
2304,3264,192,hk_192x192x64,155.9,0.0185,0.0186,0.0180,0.0006,0.0039,PASS,10,71.0,219.7
2304,3456,1024,hk_128x128x64,288.1,0.0566,0.0571,0.0560,0.0018,0.0078,PASS,10,253.1,113.8
2304,3456,1024,hk_192x192x64,328.3,0.0497,0.0501,0.0489,0.0016,0.0078,PASS,10,253.1,129.7
2304,3840,768,hk_128x128x64,256.0,0.0531,0.0540,0.0520,0.0023,0.0078,PASS,10,264.6,96.8
2304,3840,768,hk_192x192x64,307.3,0.0442,0.0447,0.0437,0.0013,0.0078,PASS,10,264.6,116.1
2304,3840,768,hk_256x256x64,267.1,0.0509,0.0509,0.0495,0.0007,0.0078,PASS,10,264.6,100.9
2304,3840,3072,hk_128x128x64,308.4,0.1762,0.1759,0.1724,0.0016,0.0156,PASS,10,423.6,72.8
2304,3840,3072,hk_192x192x64,416.2,0.1306,0.1302,0.1285,0.0012,0.0156,PASS,10,423.6,98.3
2304,3840,3072,hk_256x256x64,355.0,0.1531,0.1535,0.1478,0.0054,0.0156,PASS,10,423.6,83.8
2304,3840,4096,hk_128x128x64,375.0,0.1933,0.1935,0.1876,0.0026,0.0156,PASS,10,455.4,82.3
2304,3840,4096,hk_192x192x64,486.7,0.1489,0.1488,0.1476,0.0007,0.0156,PASS,10,455.4,106.9
2304,3840,4096,hk_256x256x64,369.3,0.1963,0.1986,0.1913,0.0070,0.0156,PASS,10,455.4,81.1
2304,4224,64,hk_128x128x64,70.1,0.0178,0.0177,0.0163,0.0007,0.0020,PASS,10,30.6,229.3
2304,4224,64,hk_192x192x64,73.8,0.0169,0.0173,0.0162,0.0018,0.0020,PASS,10,30.6,241.3
2304,4352,4096,hk_128x128x64,306.4,0.2681,0.2671,0.2604,0.0032,0.0156,PASS,10,469.5,65.3
2304,4352,4096,hk_256x256x64,405.1,0.2027,0.2033,0.1990,0.0026,0.0156,PASS,10,469.5,86.3
2304,4480,128,hk_128x128x64,106.6,0.0248,0.0253,0.0238,0.0020,0.0039,PASS,10,55.6,191.8
2304,4736,64,hk_128x128x64,68.7,0.0203,0.0206,0.0200,0.0006,0.0020,PASS,10,31.3,219.3
2304,4864,4096,hk_128x128x64,338.7,0.2711,0.2700,0.2641,0.0027,0.0156,PASS,10,498.3,68.0
2304,4864,4096,hk_256x256x64,441.5,0.2079,0.2113,0.2050,0.0071,0.0156,PASS,10,498.3,88.6
2304,5120,4096,hk_128x128x64,346.4,0.2790,0.2776,0.2718,0.0033,0.0156,PASS,10,519.9,66.6
2304,5120,4096,hk_256x256x64,429.0,0.2252,0.2222,0.2123,0.0048,0.0156,PASS,10,519.9,82.5
2304,5184,6144,hk_192x192x64,310.8,0.4722,0.4714,0.4657,0.0029,0.0156,PASS,10,484.2,64.2
2304,5632,4096,hk_128x128x64,392.3,0.2709,0.2694,0.2644,0.0040,0.0156,PASS,10,517.6,75.8
2304,5632,4096,hk_256x256x64,490.4,0.2168,0.2140,0.2056,0.0045,0.0156,PASS,10,517.6,94.7
2304,5632,8192,hk_128x128x64,346.6,0.6134,0.6124,0.6039,0.0066,0.0312,PASS,10,500.5,69.3
2304,5632,8192,hk_256x256x64,453.7,0.4686,0.4703,0.4625,0.0072,0.0312,PASS,10,500.5,90.6
2304,5760,768,hk_128x128x64,273.5,0.0745,0.0745,0.0722,0.0012,0.0078,PASS,10,226.2,120.9
2304,5760,768,hk_192x192x64,275.4,0.0740,0.0744,0.0729,0.0015,0.0078,PASS,10,226.2,121.8
2304,6144,512,hk_128x128x64,268.8,0.0539,0.0538,0.0529,0.0007,0.0078,PASS,10,273.5,98.3
2304,6144,512,hk_192x192x64,268.2,0.0540,0.0542,0.0522,0.0016,0.0078,PASS,10,273.5,98.1
2304,6144,512,hk_256x256x64,303.1,0.0478,0.0477,0.0469,0.0007,0.0078,PASS,10,273.5,110.8
2304,6144,4096,hk_128x128x64,388.3,0.2986,0.2980,0.2910,0.0030,0.0156,PASS,10,517.2,75.1
2304,6144,4096,hk_192x192x64,395.6,0.2931,0.2931,0.2891,0.0020,0.0156,PASS,10,517.2,76.5
2304,6144,4096,hk_256x256x64,486.1,0.2385,0.2368,0.2274,0.0054,0.0156,PASS,10,517.2,94.0
2304,6656,64,hk_128x128x64,70.4,0.0279,0.0280,0.0271,0.0006,0.0020,PASS,10,50.9,138.3
2304,6656,64,hk_256x256x64,91.7,0.0214,0.0213,0.0201,0.0006,0.0020,PASS,10,50.9,180.0
2304,6784,4096,hk_128x128x64,351.5,0.3643,0.3636,0.3553,0.0063,0.0156,PASS,10,484.3,72.6
2304,7296,512,hk_128x128x64,257.6,0.0668,0.0667,0.0658,0.0004,0.0078,PASS,10,223.3,115.4
2304,7296,512,hk_192x192x64,309.8,0.0556,0.0555,0.0550,0.0004,0.0078,PASS,10,223.3,138.7
2304,7296,4096,hk_128x128x64,365.9,0.3763,0.3767,0.3706,0.0048,0.0156,PASS,10,471.4,77.6
2304,7296,4096,hk_192x192x64,451.9,0.3047,0.3051,0.3027,0.0030,0.0156,PASS,10,471.4,95.9
2304,7680,1024,hk_128x128x64,322.6,0.1123,0.1120,0.1105,0.0011,0.0078,PASS,10,395.7,81.5
2304,7680,1024,hk_192x192x64,387.6,0.0935,0.0935,0.0920,0.0011,0.0078,PASS,10,395.7,97.9
2304,7680,1024,hk_256x256x64,456.0,0.0795,0.0794,0.0782,0.0008,0.0078,PASS,10,395.7,115.2
2304,8192,2048,hk_128x128x64,378.1,0.2045,0.2040,0.1977,0.0039,0.0156,PASS,10,499.0,75.8
2304,8192,2048,hk_256x256x64,549.8,0.1406,0.1402,0.1394,0.0005,0.0156,PASS,10,499.0,110.2
2432,2944,256,hk_128x128x64,150.6,0.0243,0.0248,0.0237,0.0009,0.0039,PASS,10,104.1,144.6
2432,3072,2048,hk_128x128x64,303.5,0.1008,0.1007,0.0999,0.0007,0.0156,PASS,10,355.8,85.3
2432,3200,8192,hk_128x128x64,312.3,0.4082,0.4061,0.3996,0.0048,0.0312,PASS,10,448.3,69.7
2432,3584,2048,hk_128x128x64,349.2,0.1022,0.1022,0.1013,0.0005,0.0156,PASS,10,411.7,84.8
2432,3712,2048,hk_128x128x64,351.8,0.1051,0.1046,0.1026,0.0012,0.0156,PASS,10,388.5,90.5
2432,4608,512,hk_128x128x64,220.9,0.0520,0.0517,0.0509,0.0004,0.0078,PASS,10,237.9,92.8
2432,4608,2048,hk_128x128x64,309.2,0.1485,0.1479,0.1453,0.0017,0.0156,PASS,10,399.6,77.4
2432,4736,2048,hk_128x128x64,322.7,0.1462,0.1464,0.1450,0.0013,0.0156,PASS,10,380.7,84.8
2432,4864,4096,hk_128x128x64,351.1,0.2760,0.2760,0.2725,0.0025,0.0156,PASS,10,511.8,68.6
2432,5120,128,hk_128x128x64,115.9,0.0275,0.0284,0.0270,0.0019,0.0039,PASS,10,92.6,125.2
2432,5120,4096,hk_128x128x64,357.9,0.2850,0.2835,0.2761,0.0046,0.0156,PASS,10,479.2,74.7
2432,5504,8192,hk_128x128x64,362.9,0.6043,0.6036,0.5893,0.0122,0.0312,PASS,10,489.9,74.1
2432,5632,256,hk_128x128x64,197.2,0.0356,0.0358,0.0345,0.0016,0.0039,PASS,10,149.6,131.8
2432,5888,8192,hk_128x128x64,357.8,0.6557,0.6535,0.6408,0.0083,0.0312,PASS,10,531.9,67.3
2432,6016,2048,hk_128x128x64,366.5,0.1635,0.1630,0.1585,0.0020,0.0156,PASS,10,383.9,95.5
2432,6528,1024,hk_128x128x64,294.9,0.1103,0.1106,0.1091,0.0020,0.0078,PASS,10,271.5,108.6
2432,7040,128,hk_128x128x64,130.8,0.0335,0.0335,0.0332,0.0002,0.0039,PASS,10,67.4,194.0
2432,7808,512,hk_128x128x64,279.9,0.0695,0.0693,0.0686,0.0006,0.0078,PASS,10,236.6,118.3
2496,2880,192,hk_192x192x64,145.6,0.0190,0.0195,0.0177,0.0024,0.0039,PASS,10,65.4,222.4
2496,3456,1536,hk_192x192x64,359.0,0.0738,0.0736,0.0700,0.0023,0.0156,PASS,10,304.6,117.9
2496,3840,3072,hk_192x192x64,447.8,0.1315,0.1317,0.1300,0.0015,0.0156,PASS,10,424.3,105.5
2496,4032,64,hk_192x192x64,75.6,0.0170,0.0176,0.0163,0.0014,0.0039,PASS,10,29.2,259.1
2496,4800,1536,hk_192x192x64,290.7,0.1266,0.1267,0.1257,0.0006,0.0156,PASS,10,322.0,90.3
2496,5568,1536,hk_192x192x64,332.3,0.1285,0.1287,0.1276,0.0009,0.0156,PASS,10,339.1,98.0
2496,5760,384,hk_192x192x64,255.7,0.0432,0.0429,0.0414,0.0007,0.0078,PASS,10,148.0,172.8
2560,2560,2048,hk_128x128x64,276.7,0.0970,0.0969,0.0962,0.0005,0.0156,PASS,10,318.1,87.0
2560,2560,2048,hk_256x256x64,285.4,0.0941,0.0919,0.0892,0.0024,0.0156,PASS,10,318.1,89.7
2560,3200,512,hk_128x128x64,238.8,0.0351,0.0352,0.0346,0.0005,0.0078,PASS,10,190.2,125.6
2560,3584,128,hk_128x128x64,122.3,0.0192,0.0198,0.0181,0.0015,0.0039,PASS,10,81.4,150.3
2560,3584,128,hk_256x256x64,106.1,0.0221,0.0222,0.0211,0.0010,0.0039,PASS,10,81.4,130.4
2560,3840,128,hk_128x128x64,121.9,0.0206,0.0210,0.0197,0.0014,0.0039,PASS,10,83.1,146.6
2560,3840,128,hk_256x256x64,108.0,0.0233,0.0237,0.0221,0.0017,0.0039,PASS,10,83.1,129.9
2560,4224,8192,hk_128x128x64,312.6,0.5667,0.5663,0.5565,0.0062,0.0312,PASS,10,493.6,63.3
2560,5120,256,hk_128x128x64,192.4,0.0349,0.0354,0.0338,0.0018,0.0039,PASS,10,155.7,123.6
2560,5120,256,hk_256x256x64,214.9,0.0312,0.0316,0.0300,0.0016,0.0039,PASS,10,155.7,138.0
2560,5248,4096,hk_128x128x64,370.8,0.2968,0.2974,0.2823,0.0072,0.0156,PASS,10,465.1,79.7
2560,5376,4096,hk_128x128x64,376.6,0.2994,0.3000,0.2919,0.0049,0.0156,PASS,10,508.5,74.0
2560,5376,4096,hk_256x256x64,475.5,0.2371,0.2392,0.2347,0.0044,0.0156,PASS,10,508.5,93.5
2560,5632,256,hk_128x128x64,198.4,0.0372,0.0371,0.0366,0.0003,0.0039,PASS,10,169.1,117.3
2560,5632,256,hk_256x256x64,224.3,0.0329,0.0328,0.0322,0.0004,0.0039,PASS,10,169.1,132.6
2560,5632,2048,hk_128x128x64,387.6,0.1524,0.1550,0.1511,0.0046,0.0156,PASS,10,431.5,89.8
2560,5632,2048,hk_256x256x64,482.9,0.1223,0.1221,0.1207,0.0009,0.0156,PASS,10,431.5,111.9
2560,5760,4096,hk_128x128x64,380.7,0.3173,0.3160,0.3088,0.0047,0.0156,PASS,10,466.8,81.6
2560,6272,128,hk_128x128x64,121.8,0.0338,0.0336,0.0326,0.0005,0.0039,PASS,10,78.5,155.1
2560,6400,64,hk_128x128x64,76.7,0.0273,0.0273,0.0264,0.0007,0.0020,PASS,10,54.9,139.6
2560,6400,64,hk_256x256x64,94.2,0.0223,0.0226,0.0206,0.0017,0.0020,PASS,10,54.9,171.5
2560,6528,64,hk_128x128x64,80.6,0.0265,0.0268,0.0255,0.0011,0.0020,PASS,10,41.3,195.0
2560,6912,1024,hk_128x128x64,327.6,0.1106,0.1108,0.1095,0.0009,0.0078,PASS,10,373.8,87.6
2560,6912,1024,hk_256x256x64,439.2,0.0825,0.0826,0.0816,0.0011,0.0078,PASS,10,373.8,117.5
2560,7040,1024,hk_128x128x64,330.2,0.1118,0.1116,0.1103,0.0012,0.0078,PASS,10,298.9,110.5
2560,7936,256,hk_128x128x64,196.4,0.0530,0.0529,0.0521,0.0006,0.0039,PASS,10,203.7,96.4
2560,7936,256,hk_256x256x64,187.3,0.0555,0.0555,0.0550,0.0003,0.0039,PASS,10,203.7,92.0
2688,2688,64,hk_128x128x64,55.3,0.0167,0.0170,0.0154,0.0014,0.0020,PASS,10,38.5,143.6
2688,2688,64,hk_192x192x64,64.1,0.0144,0.0148,0.0141,0.0009,0.0020,PASS,10,38.5,166.4
2688,2688,2048,hk_128x128x64,300.7,0.0984,0.0986,0.0972,0.0013,0.0156,PASS,10,331.2,90.8
2688,2688,2048,hk_192x192x64,386.3,0.0766,0.0763,0.0747,0.0012,0.0156,PASS,10,331.2,116.6
2688,2816,1024,hk_128x128x64,272.5,0.0569,0.0575,0.0564,0.0018,0.0078,PASS,10,282.6,96.4
2688,2880,384,hk_192x192x64,226.1,0.0263,0.0266,0.0254,0.0012,0.0078,PASS,10,121.7,185.8
2688,3200,512,hk_128x128x64,235.5,0.0374,0.0377,0.0354,0.0014,0.0078,PASS,10,207.1,113.7
2688,3328,8192,hk_128x128x64,348.3,0.4208,0.4184,0.4113,0.0065,0.0312,PASS,10,492.9,70.6
2688,3840,192,hk_128x128x64,131.8,0.0301,0.0310,0.0290,0.0020,0.0039,PASS,10,103.2,127.7
2688,3840,192,hk_192x192x64,179.1,0.0221,0.0222,0.0221,0.0001,0.0039,PASS,10,103.2,173.5
2688,3968,8192,hk_128x128x64,310.9,0.5621,0.5595,0.5495,0.0060,0.0312,PASS,10,510.7,60.9
2688,4096,128,hk_128x128x64,108.8,0.0259,0.0264,0.0252,0.0016,0.0039,PASS,10,82.3,132.2
2688,4096,1024,hk_128x128x64,273.3,0.0825,0.0834,0.0820,0.0025,0.0078,PASS,10,300.9,90.8
2688,4096,8192,hk_128x128x64,314.1,0.5743,0.5820,0.5647,0.0185,0.0312,PASS,10,521.8,60.2
2688,4224,4096,hk_128x128x64,344.3,0.2701,0.2686,0.2620,0.0037,0.0156,PASS,10,459.5,74.9
2688,4224,4096,hk_192x192x64,338.3,0.2750,0.2810,0.2731,0.0124,0.0156,PASS,10,459.5,73.6
2688,4416,6144,hk_192x192x64,311.4,0.4684,0.4685,0.4639,0.0033,0.0312,PASS,10,534.2,58.3
2688,4992,1536,hk_128x128x64,300.5,0.1372,0.1371,0.1357,0.0009,0.0156,PASS,10,333.6,90.1
2688,4992,1536,hk_192x192x64,310.5,0.1327,0.1330,0.1319,0.0008,0.0156,PASS,10,333.6,93.1
2688,5376,64,hk_128x128x64,84.2,0.0220,0.0219,0.0208,0.0004,0.0020,PASS,10,57.2,147.3
2688,5376,64,hk_192x192x64,80.0,0.0231,0.0232,0.0224,0.0010,0.0020,PASS,10,57.2,139.9
2688,5376,768,hk_128x128x64,274.6,0.0808,0.0796,0.0773,0.0017,0.0078,PASS,10,314.9,87.2
2688,5376,768,hk_192x192x64,297.6,0.0746,0.0747,0.0734,0.0007,0.0078,PASS,10,314.9,94.5
2688,5760,1536,hk_128x128x64,285.2,0.1667,0.1653,0.1618,0.0022,0.0156,PASS,10,356.9,79.9
2688,5760,1536,hk_192x192x64,368.8,0.1290,0.1287,0.1277,0.0005,0.0156,PASS,10,356.9,103.3
2688,5952,1536,hk_192x192x64,379.7,0.1295,0.1295,0.1283,0.0008,0.0156,PASS,10,351.0,108.2
2688,6656,128,hk_128x128x64,130.0,0.0352,0.0355,0.0341,0.0011,0.0039,PASS,10,125.3,103.8
2688,7040,128,hk_128x128x64,139.4,0.0348,0.0347,0.0339,0.0004,0.0039,PASS,10,95.3,146.3
2688,7552,1024,hk_128x128x64,306.1,0.1358,0.1359,0.1342,0.0014,0.0078,PASS,10,313.6,97.6
2688,7936,128,hk_128x128x64,132.8,0.0411,0.0417,0.0401,0.0013,0.0039,PASS,10,115.0,115.4
2688,8064,512,hk_128x128x64,275.2,0.0807,0.0805,0.0796,0.0006,0.0078,PASS,10,227.6,120.9
2688,8064,512,hk_192x192x64,342.2,0.0649,0.0650,0.0631,0.0012,0.0078,PASS,10,227.6,150.3
2816,3200,256,hk_128x128x64,182.7,0.0253,0.0255,0.0244,0.0013,0.0039,PASS,10,136.8,133.5
2816,3456,4096,hk_128x128x64,392.7,0.2030,0.2037,0.2010,0.0025,0.0156,PASS,10,464.3,84.6
2816,3584,64,hk_128x128x64,58.8,0.0220,0.0223,0.0212,0.0009,0.0020,PASS,10,40.8,144.0
2816,3584,64,hk_256x256x64,68.0,0.0190,0.0191,0.0186,0.0004,0.0020,PASS,10,40.8,166.5
2816,4480,2048,hk_128x128x64,340.4,0.1518,0.1526,0.1473,0.0048,0.0156,PASS,10,352.3,96.6
2816,4864,128,hk_128x128x64,126.9,0.0276,0.0276,0.0267,0.0006,0.0039,PASS,10,92.6,137.0
2816,4864,128,hk_256x256x64,140.4,0.0250,0.0250,0.0238,0.0006,0.0039,PASS,10,92.6,151.5
2816,5120,256,hk_128x128x64,204.1,0.0362,0.0366,0.0356,0.0016,0.0039,PASS,10,165.0,123.7
2816,5120,256,hk_256x256x64,231.6,0.0319,0.0324,0.0313,0.0019,0.0039,PASS,10,165.0,140.4
2816,5376,128,hk_128x128x64,120.2,0.0322,0.0321,0.0312,0.0008,0.0039,PASS,10,93.5,128.6
2816,5376,128,hk_256x256x64,160.3,0.0242,0.0247,0.0239,0.0015,0.0039,PASS,10,93.5,171.5
2816,6656,1024,hk_128x128x64,340.4,0.1128,0.1130,0.1112,0.0016,0.0078,PASS,10,385.4,88.3
2816,6656,1024,hk_256x256x64,452.5,0.0848,0.0852,0.0841,0.0014,0.0078,PASS,10,385.4,117.4
2816,7296,512,hk_128x128x64,262.1,0.0803,0.0803,0.0795,0.0007,0.0078,PASS,10,245.9,106.6
2880,2880,192,hk_192x192x64,159.2,0.0200,0.0200,0.0189,0.0006,0.0039,PASS,10,86.2,184.8
2880,3456,3072,hk_192x192x64,450.5,0.1358,0.1356,0.1347,0.0008,0.0156,PASS,10,419.6,107.4
2880,3648,384,hk_192x192x64,268.3,0.0301,0.0300,0.0292,0.0005,0.0078,PASS,10,162.2,165.5
2880,3840,384,hk_192x192x64,271.3,0.0313,0.0311,0.0299,0.0005,0.0078,PASS,10,205.9,131.8
2880,4032,384,hk_192x192x64,208.1,0.0429,0.0429,0.0417,0.0007,0.0078,PASS,10,149.9,138.8
2880,4800,64,hk_192x192x64,80.5,0.0220,0.0223,0.0210,0.0017,0.0020,PASS,10,35.2,229.0
2880,5760,3072,hk_192x192x64,416.0,0.2450,0.2468,0.2398,0.0067,0.0156,PASS,10,440.9,94.4
2880,6144,3072,hk_192x192x64,421.6,0.2579,0.2574,0.2479,0.0039,0.0156,PASS,10,526.9,80.0
2944,2944,1024,hk_128x128x64,300.4,0.0591,0.0592,0.0582,0.0007,0.0078,PASS,10,268.5,111.9
2944,5120,128,hk_128x128x64,119.0,0.0324,0.0321,0.0309,0.0006,0.0039,PASS,10,103.8,114.6
2944,5120,4096,hk_128x128x64,345.2,0.3577,0.3573,0.3488,0.0046,0.0156,PASS,10,499.6,69.1
2944,5248,1024,hk_128x128x64,285.5,0.1108,0.1108,0.1094,0.0011,0.0078,PASS,10,286.4,99.7
2944,5376,4096,hk_128x128x64,354.4,0.3658,0.3621,0.3552,0.0052,0.0156,PASS,10,516.9,68.6
2944,5760,1024,hk_128x128x64,314.0,0.1106,0.1113,0.1096,0.0016,0.0078,PASS,10,298.0,105.4
2944,6016,64,hk_128x128x64,82.5,0.0275,0.0274,0.0267,0.0005,0.0020,PASS,10,49.7,166.0
2944,7424,4096,hk_128x128x64,389.8,0.4593,0.4570,0.4447,0.0080,0.0156,PASS,10,527.7,73.9
2944,7680,4096,hk_128x128x64,377.7,0.4903,0.4902,0.4620,0.0113,0.0156,PASS,10,503.9,75.0
3072,3072,6144,hk_128x128x64,328.7,0.3528,0.3530,0.3461,0.0071,0.0312,PASS,10,480.6,68.4
3072,3072,6144,hk_192x192x64,451.7,0.2568,0.2560,0.2497,0.0031,0.0312,PASS,10,480.6,94.0
3072,3072,6144,hk_256x256x64,398.2,0.2912,0.2940,0.2820,0.0164,0.0312,PASS,10,480.6,82.9
3072,3840,64,hk_128x128x64,73.7,0.0205,0.0206,0.0197,0.0006,0.0020,PASS,10,39.6,186.3
3072,3840,64,hk_192x192x64,71.6,0.0211,0.0213,0.0205,0.0009,0.0020,PASS,10,39.6,181.0
3072,3840,64,hk_256x256x64,76.7,0.0197,0.0194,0.0185,0.0005,0.0020,PASS,10,39.6,193.9
3072,4224,768,hk_128x128x64,275.1,0.0724,0.0726,0.0712,0.0008,0.0078,PASS,10,235.9,116.6
3072,4224,768,hk_192x192x64,276.2,0.0722,0.0722,0.0714,0.0005,0.0078,PASS,10,235.9,117.1
3072,4352,8192,hk_128x128x64,352.1,0.6221,0.6191,0.6047,0.0090,0.0312,PASS,10,551.4,63.9
3072,4352,8192,hk_256x256x64,457.5,0.4788,0.4780,0.4592,0.0145,0.0312,PASS,10,551.4,83.0
3072,4416,768,hk_192x192x64,284.9,0.0731,0.0737,0.0725,0.0017,0.0078,PASS,10,240.2,118.6
3072,4416,1536,hk_192x192x64,326.2,0.1278,0.1281,0.1262,0.0015,0.0156,PASS,10,336.6,96.9
3072,4480,8192,hk_128x128x64,367.1,0.6143,0.6168,0.6038,0.0114,0.0312,PASS,10,530.1,69.2
3072,4736,128,hk_128x128x64,132.7,0.0281,0.0280,0.0271,0.0005,0.0039,PASS,10,83.2,159.6
3072,4736,8192,hk_128x128x64,380.1,0.6272,0.6422,0.6173,0.0272,0.0312,PASS,10,518.8,73.3
3072,4864,128,hk_128x128x64,135.1,0.0283,0.0287,0.0271,0.0017,0.0039,PASS,10,107.8,125.4
3072,4864,128,hk_256x256x64,159.8,0.0239,0.0239,0.0233,0.0004,0.0039,PASS,10,107.8,148.2
3072,5120,8192,hk_128x128x64,334.7,0.7699,0.7656,0.7403,0.0155,0.0312,PASS,10,530.9,63.0
3072,5120,8192,hk_256x256x64,504.8,0.5105,0.5061,0.4865,0.0097,0.0312,PASS,10,530.9,95.1
3072,5248,1024,hk_128x128x64,299.9,0.1101,0.1099,0.1085,0.0008,0.0078,PASS,10,297.8,100.7
3072,5568,3072,hk_192x192x64,422.5,0.2487,0.2477,0.2420,0.0027,0.0156,PASS,10,476.2,88.7
3072,5760,384,hk_128x128x64,243.2,0.0559,0.0559,0.0551,0.0005,0.0039,PASS,10,162.7,149.4
3072,5760,384,hk_192x192x64,282.7,0.0481,0.0483,0.0476,0.0007,0.0039,PASS,10,162.7,173.7
3072,5760,768,hk_128x128x64,280.1,0.0970,0.0968,0.0951,0.0010,0.0078,PASS,10,246.1,113.8
3072,5760,768,hk_192x192x64,353.8,0.0768,0.0767,0.0760,0.0003,0.0078,PASS,10,246.1,143.8
3072,5952,384,hk_192x192x64,285.0,0.0493,0.0495,0.0477,0.0013,0.0078,PASS,10,212.9,133.9
3072,6144,64,hk_128x128x64,82.8,0.0292,0.0291,0.0280,0.0008,0.0020,PASS,10,72.5,114.2
3072,6144,64,hk_192x192x64,97.2,0.0249,0.0248,0.0243,0.0003,0.0020,PASS,10,72.5,134.0
3072,6144,64,hk_256x256x64,102.0,0.0237,0.0236,0.0227,0.0005,0.0020,PASS,10,72.5,140.6
3072,6400,1024,hk_128x128x64,355.5,0.1133,0.1136,0.1111,0.0017,0.0078,PASS,10,396.0,89.8
3072,6400,1024,hk_256x256x64,462.6,0.0870,0.0873,0.0861,0.0016,0.0078,PASS,10,396.0,116.8
3072,6656,256,hk_128x128x64,198.6,0.0527,0.0526,0.0520,0.0003,0.0039,PASS,10,185.2,107.2
3072,6656,256,hk_256x256x64,188.3,0.0556,0.0555,0.0544,0.0005,0.0039,PASS,10,185.2,101.7
3072,7040,8192,hk_128x128x64,363.0,0.9761,0.9768,0.9614,0.0088,0.0312,PASS,10,527.4,68.8
3200,3456,256,hk_128x128x64,165.0,0.0343,0.0347,0.0334,0.0018,0.0039,PASS,10,133.2,123.8
3200,3712,4096,hk_128x128x64,347.8,0.2798,0.2793,0.2715,0.0070,0.0156,PASS,10,460.5,75.5
3200,3968,8192,hk_128x128x64,347.6,0.5986,0.5976,0.5865,0.0055,0.0312,PASS,10,474.9,73.2
3200,4224,2048,hk_128x128x64,368.8,0.1501,0.1506,0.1475,0.0027,0.0156,PASS,10,384.8,95.9
3200,6144,512,hk_128x128x64,278.2,0.0724,0.0728,0.0708,0.0022,0.0078,PASS,10,293.1,94.9
3200,7040,64,hk_128x128x64,88.0,0.0328,0.0327,0.0316,0.0005,0.0020,PASS,10,42.7,206.2
3200,7040,2048,hk_128x128x64,371.6,0.2483,0.2476,0.2420,0.0021,0.0156,PASS,10,419.0,88.7
3200,7552,128,hk_128x128x64,146.5,0.0422,0.0423,0.0416,0.0006,0.0039,PASS,10,74.8,196.0
3264,3456,3072,hk_192x192x64,293.3,0.2363,0.2361,0.2347,0.0012,0.0156,PASS,10,363.6,80.7
3264,4032,384,hk_192x192x64,229.4,0.0441,0.0445,0.0429,0.0013,0.0078,PASS,10,186.7,122.8
3264,4416,192,hk_192x192x64,186.1,0.0297,0.0303,0.0291,0.0021,0.0039,PASS,10,93.6,198.8
3264,4608,384,hk_192x192x64,262.2,0.0441,0.0440,0.0435,0.0006,0.0078,PASS,10,206.2,127.1
3264,4608,768,hk_192x192x64,303.3,0.0762,0.0764,0.0748,0.0013,0.0078,PASS,10,313.9,96.6
3264,5376,192,hk_192x192x64,195.2,0.0345,0.0348,0.0334,0.0016,0.0039,PASS,10,144.8,134.8
3264,5568,384,hk_192x192x64,278.7,0.0501,0.0506,0.0491,0.0016,0.0078,PASS,10,209.0,133.4
3264,5760,6144,hk_192x192x64,456.8,0.5058,0.5080,0.4922,0.0110,0.0312,PASS,10,499.0,91.5
3264,5952,768,hk_192x192x64,368.6,0.0809,0.0809,0.0797,0.0008,0.0078,PASS,10,250.7,147.1
3328,3712,2048,hk_128x128x64,336.3,0.1505,0.1505,0.1496,0.0005,0.0156,PASS,10,370.5,90.8
3328,3840,128,hk_128x128x64,126.3,0.0259,0.0263,0.0253,0.0014,0.0039,PASS,10,85.4,147.8
3328,3840,128,hk_256x256x64,137.1,0.0239,0.0240,0.0235,0.0007,0.0039,PASS,10,85.4,160.5
3328,3840,2048,hk_128x128x64,351.0,0.1491,0.1491,0.1475,0.0010,0.0156,PASS,10,405.8,86.5
3328,3840,2048,hk_256x256x64,453.0,0.1155,0.1152,0.1125,0.0023,0.0156,PASS,10,405.8,111.6
3328,4480,256,hk_128x128x64,204.5,0.0373,0.0372,0.0367,0.0004,0.0039,PASS,10,116.2,175.9
3328,4736,64,hk_128x128x64,78.5,0.0257,0.0257,0.0252,0.0005,0.0020,PASS,10,37.7,208.0
3328,4736,1024,hk_128x128x64,290.1,0.1113,0.1113,0.1098,0.0008,0.0078,PASS,10,301.0,96.4
3328,4736,8192,hk_128x128x64,334.1,0.7730,0.7640,0.7367,0.0154,0.0312,PASS,10,556.1,60.1
3328,5632,4096,hk_128x128x64,367.2,0.4182,0.4135,0.3909,0.0149,0.0156,PASS,10,545.5,67.3
3328,5632,4096,hk_256x256x64,570.5,0.2691,0.2744,0.2503,0.0225,0.0156,PASS,10,545.5,104.6
3328,5888,64,hk_128x128x64,84.2,0.0298,0.0300,0.0291,0.0007,0.0020,PASS,10,67.9,124.0
3328,5888,64,hk_256x256x64,107.7,0.0233,0.0236,0.0223,0.0010,0.0020,PASS,10,67.9,158.5
3328,5888,128,hk_128x128x64,140.0,0.0358,0.0367,0.0350,0.0028,0.0039,PASS,10,128.7,108.7
3328,5888,128,hk_256x256x64,180.0,0.0279,0.0278,0.0275,0.0002,0.0039,PASS,10,128.7,139.9
3328,6144,4096,hk_128x128x64,363.0,0.4615,0.4629,0.4491,0.0095,0.0156,PASS,10,505.3,71.8
3328,6144,4096,hk_256x256x64,364.0,0.4602,0.4620,0.4577,0.0036,0.0156,PASS,10,505.3,72.0
3328,6528,64,hk_128x128x64,85.6,0.0325,0.0323,0.0316,0.0004,0.0020,PASS,10,57.1,150.0
3328,6656,2048,hk_128x128x64,342.8,0.2647,0.2581,0.2497,0.0073,0.0156,PASS,10,501.9,68.3
3328,6656,2048,hk_256x256x64,362.0,0.2506,0.2506,0.2483,0.0016,0.0156,PASS,10,501.9,72.1
3328,6912,64,hk_128x128x64,87.8,0.0335,0.0335,0.0326,0.0007,0.0020,PASS,10,66.6,131.9
3328,6912,64,hk_256x256x64,86.9,0.0339,0.0337,0.0326,0.0010,0.0020,PASS,10,66.6,130.5
3328,6912,256,hk_128x128x64,214.9,0.0548,0.0553,0.0544,0.0015,0.0039,PASS,10,213.5,100.7
3328,6912,256,hk_256x256x64,208.9,0.0564,0.0568,0.0556,0.0018,0.0039,PASS,10,213.5,97.9
3328,6912,4096,hk_128x128x64,371.9,0.5067,0.5050,0.4830,0.0105,0.0156,PASS,10,535.4,69.5
3328,6912,4096,hk_256x256x64,396.2,0.4756,0.4764,0.4733,0.0029,0.0156,PASS,10,535.4,74.0
3328,8192,64,hk_128x128x64,92.4,0.0378,0.0377,0.0370,0.0007,0.0020,PASS,10,82.5,112.0
3328,8192,64,hk_256x256x64,100.2,0.0348,0.0348,0.0342,0.0006,0.0020,PASS,10,82.5,121.4
3456,3456,192,hk_128x128x64,160.4,0.0286,0.0291,0.0281,0.0016,0.0039,PASS,10,113.7,141.1
3456,3456,192,hk_192x192x64,149.1,0.0308,0.0306,0.0295,0.0009,0.0039,PASS,10,113.7,131.2
3456,3584,4096,hk_128x128x64,345.8,0.2934,0.2893,0.2719,0.0096,0.0156,PASS,10,510.8,67.7
3456,3648,192,hk_192x192x64,152.3,0.0318,0.0316,0.0309,0.0004,0.0039,PASS,10,101.7,149.7
3456,3840,512,hk_128x128x64,260.9,0.0521,0.0521,0.0509,0.0010,0.0078,PASS,10,248.7,104.9
3456,3840,512,hk_192x192x64,257.8,0.0527,0.0536,0.0512,0.0023,0.0078,PASS,10,248.7,103.6
3456,4096,8192,hk_128x128x64,370.6,0.6258,0.6318,0.6139,0.0164,0.0312,PASS,10,538.8,68.8
3456,4608,128,hk_128x128x64,124.8,0.0327,0.0332,0.0316,0.0020,0.0039,PASS,10,91.9,135.8
3456,4608,128,hk_192x192x64,146.5,0.0278,0.0285,0.0263,0.0025,0.0039,PASS,10,91.9,159.5
3456,4736,128,hk_128x128x64,123.5,0.0339,0.0340,0.0326,0.0018,0.0039,PASS,10,92.1,134.2
3456,4736,512,hk_128x128x64,252.6,0.0664,0.0666,0.0645,0.0014,0.0078,PASS,10,233.5,108.2
3456,4864,4096,hk_128x128x64,372.1,0.3701,0.3684,0.3593,0.0043,0.0156,PASS,10,544.6,68.3
3456,4992,1536,hk_128x128x64,297.8,0.1780,0.1770,0.1728,0.0024,0.0156,PASS,10,358.8,83.0
3456,4992,1536,hk_192x192x64,396.3,0.1337,0.1340,0.1324,0.0012,0.0156,PASS,10,358.8,110.4
3456,5120,8192,hk_128x128x64,351.4,0.8251,0.8254,0.8124,0.0124,0.0312,PASS,10,548.0,64.1
3456,6144,256,hk_128x128x64,199.1,0.0546,0.0551,0.0529,0.0032,0.0039,PASS,10,216.6,91.9
3456,6144,256,hk_192x192x64,247.9,0.0439,0.0441,0.0432,0.0013,0.0039,PASS,10,216.6,114.4
3456,6144,3072,hk_128x128x64,330.4,0.3948,0.3949,0.3891,0.0041,0.0156,PASS,10,540.4,61.1
3456,6144,3072,hk_192x192x64,486.6,0.2681,0.2655,0.2515,0.0075,0.0156,PASS,10,540.4,90.0
3456,6272,2048,hk_128x128x64,339.0,0.2619,0.2586,0.2511,0.0045,0.0156,PASS,10,394.9,85.8
3456,6528,8192,hk_128x128x64,362.5,1.0196,1.0241,1.0108,0.0128,0.0312,PASS,10,529.5,68.5
3456,6528,8192,hk_192x192x64,432.8,0.8540,0.8616,0.8440,0.0228,0.0312,PASS,10,529.5,81.8
3456,6656,256,hk_128x128x64,204.4,0.0576,0.0577,0.0546,0.0028,0.0039,PASS,10,184.6,110.7
3456,6784,1024,hk_128x128x64,344.3,0.1395,0.1395,0.1372,0.0018,0.0078,PASS,10,310.8,110.8
3456,7424,64,hk_128x128x64,87.0,0.0378,0.0376,0.0369,0.0003,0.0020,PASS,10,65.5,132.8
3456,7552,512,hk_128x128x64,273.3,0.0978,0.0977,0.0961,0.0013,0.0078,PASS,10,227.2,120.3
3456,7552,1024,hk_128x128x64,337.1,0.1586,0.1586,0.1570,0.0019,0.0078,PASS,10,320.4,105.2
3456,7680,1024,hk_128x128x64,340.2,0.1598,0.1604,0.1590,0.0014,0.0078,PASS,10,423.8,80.3
3456,7680,1024,hk_192x192x64,390.3,0.1393,0.1394,0.1376,0.0014,0.0078,PASS,10,423.8,92.1
3456,7936,512,hk_128x128x64,287.7,0.0976,0.0977,0.0967,0.0007,0.0078,PASS,10,320.7,89.7
3456,8192,64,hk_128x128x64,94.8,0.0382,0.0384,0.0374,0.0009,0.0020,PASS,10,81.6,116.3
3456,8192,1024,hk_128x128x64,344.2,0.1685,0.1677,0.1607,0.0035,0.0078,PASS,10,435.5,79.0
3584,3712,256,hk_128x128x64,193.3,0.0352,0.0352,0.0341,0.0006,0.0039,PASS,10,156.2,123.8
3584,4480,2048,hk_128x128x64,339.8,0.1935,0.1935,0.1917,0.0010,0.0156,PASS,10,395.8,85.9
3584,4480,4096,hk_128x128x64,362.2,0.3631,0.3637,0.3568,0.0046,0.0156,PASS,10,474.9,76.3
3584,4736,128,hk_128x128x64,128.4,0.0338,0.0341,0.0328,0.0013,0.0039,PASS,10,86.2,149.1
3584,5376,256,hk_128x128x64,214.7,0.0459,0.0460,0.0448,0.0005,0.0039,PASS,10,201.2,106.7
3584,5376,256,hk_256x256x64,264.6,0.0373,0.0373,0.0366,0.0004,0.0039,PASS,10,201.2,131.5
3584,5888,128,hk_128x128x64,132.6,0.0407,0.0411,0.0399,0.0015,0.0039,PASS,10,118.7,111.7
3584,5888,128,hk_256x256x64,133.5,0.0405,0.0406,0.0388,0.0015,0.0039,PASS,10,118.7,112.5
3584,6272,64,hk_128x128x64,89.6,0.0321,0.0322,0.0318,0.0003,0.0020,PASS,10,41.9,213.7
3584,6272,128,hk_128x128x64,141.6,0.0407,0.0411,0.0405,0.0015,0.0039,PASS,10,76.5,185.0
3584,6272,8192,hk_128x128x64,361.0,1.0201,1.0206,1.0058,0.0079,0.0312,PASS,10,510.7,70.7
3584,6400,4096,hk_128x128x64,373.1,0.5036,0.5036,0.4896,0.0065,0.0156,PASS,10,513.6,72.6
3584,6400,4096,hk_256x256x64,395.4,0.4752,0.4753,0.4700,0.0029,0.0156,PASS,10,513.6,77.0
3584,6912,4096,hk_128x128x64,377.8,0.5371,0.5335,0.4983,0.0229,0.0156,PASS,10,530.3,71.2
3584,6912,4096,hk_256x256x64,432.2,0.4695,0.4685,0.4635,0.0032,0.0156,PASS,10,530.3,81.5
3584,7040,128,hk_128x128x64,145.3,0.0445,0.0444,0.0442,0.0002,0.0039,PASS,10,114.8,126.5
3584,7552,8192,hk_128x128x64,372.2,1.1913,1.1852,1.1372,0.0305,0.0312,PASS,10,525.3,70.9
3584,7680,8192,hk_128x128x64,376.4,1.1980,1.2005,1.1621,0.0284,0.0312,PASS,10,541.8,69.5
3584,7680,8192,hk_256x256x64,484.9,0.9301,0.9278,0.8905,0.0249,0.0312,PASS,10,541.8,89.5
3584,8064,8192,hk_128x128x64,395.4,1.1976,1.1982,1.1772,0.0169,0.0312,PASS,10,516.6,76.5
3648,4608,3072,hk_192x192x64,383.1,0.2696,0.2693,0.2653,0.0025,0.0156,PASS,10,529.0,72.4
3648,5568,1536,hk_192x192x64,413.4,0.1509,0.1502,0.1458,0.0029,0.0156,PASS,10,366.5,112.8
3648,5760,1536,hk_192x192x64,425.9,0.1515,0.1526,0.1500,0.0027,0.0156,PASS,10,361.7,117.8
3712,3712,8192,hk_128x128x64,374.0,0.6037,0.6077,0.5922,0.0133,0.0312,PASS,10,560.9,66.7
3712,3840,128,hk_128x128x64,131.5,0.0277,0.0276,0.0269,0.0004,0.0039,PASS,10,90.8,144.8
3712,3968,256,hk_128x128x64,202.3,0.0373,0.0372,0.0357,0.0012,0.0039,PASS,10,152.9,132.3
3712,3968,1024,hk_128x128x64,333.4,0.0905,0.0902,0.0873,0.0019,0.0078,PASS,10,296.6,112.4
3712,4096,128,hk_128x128x64,123.2,0.0316,0.0315,0.0303,0.0006,0.0039,PASS,10,95.3,129.3
3712,4224,1024,hk_128x128x64,293.0,0.1096,0.1093,0.1075,0.0009,0.0078,PASS,10,277.0,105.7
3712,4992,128,hk_128x128x64,137.4,0.0345,0.0345,0.0338,0.0003,0.0039,PASS,10,94.4,145.6
3712,5120,1024,hk_128x128x64,345.9,0.1125,0.1124,0.1113,0.0009,0.0078,PASS,10,402.7,85.9
3712,5120,2048,hk_128x128x64,360.8,0.2157,0.2127,0.2029,0.0064,0.0156,PASS,10,525.2,68.7
3712,5120,8192,hk_128x128x64,364.8,0.8536,0.8531,0.8478,0.0036,0.0312,PASS,10,564.9,64.6
3712,5632,8192,hk_128x128x64,349.3,0.9807,0.9825,0.9491,0.0260,0.0312,PASS,10,546.5,63.9
3712,6016,4096,hk_128x128x64,360.4,0.5076,0.5062,0.4957,0.0075,0.0156,PASS,10,475.7,75.8
3712,6272,1024,hk_128x128x64,344.5,0.1384,0.1400,0.1362,0.0030,0.0078,PASS,10,312.1,110.4
3712,6400,256,hk_128x128x64,216.6,0.0562,0.0561,0.0556,0.0003,0.0039,PASS,10,187.6,115.4
3712,7040,2048,hk_128x128x64,357.7,0.2992,0.2969,0.2900,0.0040,0.0156,PASS,10,445.1,80.4
3712,7040,8192,hk_128x128x64,362.0,1.1826,1.1788,1.1336,0.0338,0.0312,PASS,10,526.1,68.8
3712,7168,2048,hk_128x128x64,385.9,0.2824,0.2835,0.2801,0.0030,0.0156,PASS,10,500.9,77.0
3712,7296,128,hk_128x128x64,143.6,0.0483,0.0483,0.0475,0.0008,0.0039,PASS,10,122.1,117.6
3712,7296,512,hk_128x128x64,284.7,0.0974,0.0975,0.0960,0.0010,0.0078,PASS,10,284.1,100.2
3712,7424,8192,hk_128x128x64,372.6,1.2118,1.2067,1.1618,0.0239,0.0312,PASS,10,528.2,70.5
3712,7552,1024,hk_128x128x64,345.8,0.1660,0.1660,0.1621,0.0029,0.0078,PASS,10,372.2,92.9
3712,7808,128,hk_128x128x64,145.7,0.0509,0.0538,0.0496,0.0088,0.0039,PASS,10,116.7,124.9
3840,4416,192,hk_192x192x64,199.5,0.0326,0.0324,0.0317,0.0004,0.0039,PASS,10,102.0,195.7
3840,4608,1024,hk_128x128x64,321.2,0.1128,0.1129,0.1117,0.0013,0.0078,PASS,10,384.6,83.5
3840,4608,1024,hk_192x192x64,391.3,0.0926,0.0924,0.0917,0.0005,0.0078,PASS,10,384.6,101.7
3840,4608,1024,hk_256x256x64,437.5,0.0828,0.0827,0.0813,0.0011,0.0078,PASS,10,384.6,113.7
3840,5184,192,hk_192x192x64,204.1,0.0374,0.0374,0.0361,0.0010,0.0039,PASS,10,95.9,213.0
3840,5376,128,hk_128x128x64,134.5,0.0393,0.0393,0.0387,0.0005,0.0039,PASS,10,123.3,109.1
3840,5376,128,hk_192x192x64,159.6,0.0331,0.0332,0.0319,0.0016,0.0039,PASS,10,123.3,129.4
3840,5376,128,hk_256x256x64,129.2,0.0409,0.0410,0.0397,0.0016,0.0039,PASS,10,123.3,104.8
3840,5504,4096,hk_128x128x64,361.2,0.4794,0.4797,0.4664,0.0103,0.0156,PASS,10,493.2,73.2
3840,5760,4096,hk_128x128x64,363.8,0.4981,0.4969,0.4871,0.0046,0.0156,PASS,10,469.8,77.4
3840,5760,4096,hk_192x192x64,526.7,0.3440,0.3486,0.3270,0.0149,0.0156,PASS,10,469.8,112.1
3840,5952,1536,hk_192x192x64,353.9,0.1984,0.1982,0.1971,0.0006,0.0156,PASS,10,386.4,91.6
3840,6016,4096,hk_128x128x64,375.7,0.5037,0.5009,0.4583,0.0168,0.0156,PASS,10,550.0,68.3
3840,6272,8192,hk_128x128x64,372.4,1.0597,1.0548,1.0164,0.0314,0.0312,PASS,10,509.9,73.0
3840,7296,4096,hk_128x128x64,397.2,0.5779,0.5880,0.5486,0.0321,0.0156,PASS,10,515.6,77.0
3840,7296,4096,hk_192x192x64,486.0,0.4722,0.4740,0.4467,0.0183,0.0156,PASS,10,515.6,94.3
3840,7552,64,hk_128x128x64,92.5,0.0401,0.0398,0.0382,0.0015,0.0020,PASS,10,60.1,153.8
3840,7552,128,hk_128x128x64,151.0,0.0492,0.0497,0.0486,0.0020,0.0039,PASS,10,115.0,131.3
3840,7680,256,hk_128x128x64,221.4,0.0682,0.0678,0.0665,0.0008,0.0039,PASS,10,236.4,93.7
3840,7680,256,hk_192x192x64,252.3,0.0599,0.0598,0.0587,0.0006,0.0039,PASS,10,236.4,106.7
3840,7680,256,hk_256x256x64,250.2,0.0603,0.0604,0.0583,0.0017,0.0039,PASS,10,236.4,105.8
3840,8064,64,hk_128x128x64,94.0,0.0422,0.0421,0.0416,0.0003,0.0039,PASS,10,53.0,177.4
3840,8064,64,hk_192x192x64,108.4,0.0366,0.0367,0.0354,0.0010,0.0039,PASS,10,53.0,204.6
3840,8064,1024,hk_128x128x64,340.6,0.1862,0.1866,0.1846,0.0017,0.0078,PASS,10,368.7,92.4
3840,8064,1024,hk_192x192x64,435.3,0.1457,0.1454,0.1432,0.0013,0.0078,PASS,10,368.7,118.1
3840,8192,256,hk_128x128x64,221.5,0.0727,0.0728,0.0717,0.0008,0.0039,PASS,10,210.1,105.4
3840,8192,256,hk_256x256x64,260.7,0.0618,0.0617,0.0611,0.0003,0.0039,PASS,10,210.1,124.1
3968,3968,2048,hk_128x128x64,334.7,0.1927,0.1926,0.1903,0.0011,0.0156,PASS,10,412.5,81.1
3968,4096,64,hk_128x128x64,76.4,0.0272,0.0272,0.0263,0.0005,0.0020,PASS,10,52.2,146.4
3968,4608,256,hk_128x128x64,207.6,0.0451,0.0449,0.0442,0.0004,0.0039,PASS,10,198.6,104.5
3968,4736,1024,hk_128x128x64,336.2,0.1145,0.1142,0.1120,0.0012,0.0078,PASS,10,302.1,111.3
3968,4992,512,hk_128x128x64,287.3,0.0706,0.0712,0.0697,0.0016,0.0078,PASS,10,244.1,117.7
3968,5504,4096,hk_128x128x64,370.2,0.4833,0.4838,0.4748,0.0059,0.0156,PASS,10,500.9,73.9
3968,5888,64,hk_128x128x64,83.5,0.0358,0.0357,0.0343,0.0008,0.0020,PASS,10,56.9,146.7
3968,6144,512,hk_128x128x64,297.5,0.0839,0.0840,0.0832,0.0006,0.0078,PASS,10,303.7,97.9
3968,6272,2048,hk_128x128x64,365.5,0.2789,0.2759,0.2606,0.0074,0.0156,PASS,10,414.1,88.3
3968,6656,64,hk_128x128x64,82.6,0.0409,0.0402,0.0376,0.0024,0.0020,PASS,10,65.6,125.9
3968,7168,2048,hk_128x128x64,360.3,0.3233,0.3235,0.3162,0.0050,0.0156,PASS,10,506.8,71.1
3968,7296,2048,hk_128x128x64,360.1,0.3293,0.3264,0.3141,0.0090,0.0156,PASS,10,436.6,82.5
3968,7424,8192,hk_128x128x64,387.0,1.2473,1.2471,1.2103,0.0193,0.0312,PASS,10,521.7,74.2
3968,7680,64,hk_128x128x64,93.1,0.0419,0.0452,0.0408,0.0091,0.0020,PASS,10,68.5,135.9
3968,7808,1024,hk_128x128x64,336.7,0.1885,0.1884,0.1857,0.0021,0.0078,PASS,10,321.2,104.8
4032,4992,64,hk_192x192x64,96.5,0.0267,0.0266,0.0259,0.0004,0.0020,PASS,10,51.6,187.1
4032,4992,768,hk_192x192x64,370.7,0.0834,0.0834,0.0828,0.0006,0.0078,PASS,10,267.8,138.4
4032,4992,3072,hk_192x192x64,463.4,0.2669,0.2642,0.2524,0.0050,0.0156,PASS,10,459.5,100.9
4032,5184,768,hk_192x192x64,371.9,0.0863,0.0864,0.0852,0.0013,0.0078,PASS,10,262.6,141.7
4032,5376,64,hk_192x192x64,99.4,0.0279,0.0278,0.0272,0.0003,0.0020,PASS,10,58.3,170.7
4032,5376,384,hk_192x192x64,308.0,0.0540,0.0541,0.0535,0.0005,0.0078,PASS,10,234.9,131.2
4032,6144,768,hk_192x192x64,334.9,0.1136,0.1135,0.1129,0.0004,0.0078,PASS,10,361.1,92.7
4096,4608,64,hk_128x128x64,80.5,0.0300,0.0301,0.0288,0.0012,0.0020,PASS,10,70.9,113.5
4096,4608,64,hk_256x256x64,108.0,0.0224,0.0222,0.0216,0.0003,0.0020,PASS,10,70.9,152.3
4096,4736,1024,hk_128x128x64,338.7,0.1173,0.1170,0.1131,0.0030,0.0078,PASS,10,304.0,111.4
4096,5120,256,hk_128x128x64,196.9,0.0545,0.0542,0.0519,0.0009,0.0039,PASS,10,190.3,103.5
4096,5120,256,hk_256x256x64,194.1,0.0553,0.0552,0.0538,0.0006,0.0039,PASS,10,190.3,102.0
4096,5376,8192,hk_128x128x64,371.5,0.9711,0.9796,0.9457,0.0314,0.0312,PASS,10,513.8,72.3
4096,5376,8192,hk_256x256x64,400.8,0.9002,0.9024,0.8884,0.0158,0.0312,PASS,10,513.8,78.0
4096,5760,4096,hk_128x128x64,410.5,0.4708,0.4733,0.4616,0.0120,0.0156,PASS,10,523.4,78.4
4096,6016,8192,hk_128x128x64,376.9,1.0711,1.0708,1.0341,0.0192,0.0312,PASS,10,521.4,72.3
4096,6144,256,hk_128x128x64,204.0,0.0631,0.0660,0.0600,0.0107,0.0039,PASS,10,186.2,109.6
4096,6144,256,hk_256x256x64,229.9,0.0560,0.0565,0.0549,0.0012,0.0039,PASS,10,186.2,123.5
4096,6272,1024,hk_128x128x64,320.2,0.1643,0.1637,0.1606,0.0025,0.0078,PASS,10,317.1,101.0
4096,6400,256,hk_128x128x64,210.4,0.0638,0.0636,0.0620,0.0008,0.0039,PASS,10,203.8,103.3
4096,6400,256,hk_256x256x64,235.8,0.0569,0.0570,0.0562,0.0007,0.0039,PASS,10,203.8,115.7
4096,6528,64,hk_128x128x64,90.7,0.0377,0.0375,0.0369,0.0004,0.0020,PASS,10,66.5,136.3
4096,7296,256,hk_128x128x64,228.4,0.0670,0.0669,0.0662,0.0006,0.0039,PASS,10,192.5,118.7
4096,7552,128,hk_128x128x64,146.3,0.0541,0.0541,0.0533,0.0006,0.0039,PASS,10,104.7,139.8
4096,7680,512,hk_128x128x64,285.1,0.1130,0.1126,0.1104,0.0009,0.0078,PASS,10,308.9,92.3
4096,7680,512,hk_256x256x64,349.6,0.0921,0.0922,0.0908,0.0013,0.0078,PASS,10,308.9,113.2
4096,7808,256,hk_128x128x64,222.3,0.0737,0.0738,0.0731,0.0006,0.0039,PASS,10,194.2,114.5
4096,7808,1024,hk_128x128x64,338.4,0.1935,0.1921,0.1856,0.0045,0.0078,PASS,10,327.9,103.2
4096,7936,4096,hk_128x128x64,408.6,0.6517,0.6664,0.6284,0.0371,0.0156,PASS,10,530.8,77.0
4096,7936,4096,hk_256x256x64,493.2,0.5399,0.5359,0.5030,0.0235,0.0156,PASS,10,530.8,92.9
4224,4352,2048,hk_128x128x64,383.7,0.1963,0.1971,0.1933,0.0043,0.0156,PASS,10,469.6,81.7
4224,4480,2048,hk_128x128x64,381.5,0.2031,0.2026,0.1976,0.0038,0.0156,PASS,10,415.8,91.8
4224,4608,192,hk_128x128x64,179.8,0.0416,0.0415,0.0406,0.0007,0.0039,PASS,10,145.1,123.9
4224,4608,192,hk_192x192x64,206.5,0.0362,0.0365,0.0348,0.0015,0.0039,PASS,10,145.1,142.3
4224,4800,6144,hk_192x192x64,472.3,0.5275,0.5363,0.5067,0.0234,0.0312,PASS,10,502.3,94.0
4224,5120,64,hk_128x128x64,83.2,0.0333,0.0330,0.0314,0.0015,0.0020,PASS,10,54.1,153.7
4224,5120,4096,hk_128x128x64,395.4,0.4480,0.4552,0.4396,0.0167,0.0156,PASS,10,508.2,77.8
4224,5376,1536,hk_128x128x64,320.0,0.2180,0.2183,0.2135,0.0029,0.0156,PASS,10,433.3,73.9
4224,5376,1536,hk_192x192x64,350.8,0.1989,0.1984,0.1965,0.0010,0.0156,PASS,10,433.3,81.0
4224,5760,256,hk_128x128x64,210.7,0.0591,0.0593,0.0581,0.0011,0.0039,PASS,10,133.6,157.7
4224,5760,256,hk_192x192x64,231.2,0.0539,0.0540,0.0528,0.0008,0.0039,PASS,10,133.6,173.1
4224,6784,8192,hk_128x128x64,381.7,1.2300,1.2360,1.1962,0.0320,0.0312,PASS,10,520.0,73.4
4224,7424,1024,hk_128x128x64,344.0,0.1867,0.1874,0.1845,0.0027,0.0078,PASS,10,418.6,82.2
4224,7936,2048,hk_128x128x64,399.9,0.3433,0.3434,0.3292,0.0102,0.0156,PASS,10,501.6,79.7
4352,4352,1024,hk_128x128x64,333.0,0.1165,0.1162,0.1123,0.0019,0.0078,PASS,10,391.2,85.1
4352,4352,1024,hk_256x256x64,445.4,0.0871,0.0881,0.0854,0.0030,0.0078,PASS,10,391.2,113.9
4352,4480,64,hk_128x128x64,87.8,0.0284,0.0283,0.0273,0.0005,0.0020,PASS,10,42.2,207.9
4352,4608,128,hk_128x128x64,134.5,0.0382,0.0383,0.0374,0.0005,0.0039,PASS,10,124.3,108.2
4352,4608,128,hk_256x256x64,130.0,0.0395,0.0400,0.0383,0.0018,0.0039,PASS,10,124.3,104.6
4352,4608,2048,hk_128x128x64,338.3,0.2428,0.2453,0.2400,0.0060,0.0156,PASS,10,470.9,71.8
4352,4608,2048,hk_256x256x64,332.0,0.2474,0.2479,0.2450,0.0027,0.0156,PASS,10,470.9,70.5
4352,4992,1024,hk_128x128x64,325.2,0.1368,0.1373,0.1356,0.0018,0.0078,PASS,10,304.6,106.7
4352,5120,512,hk_128x128x64,272.4,0.0838,0.0831,0.0813,0.0010,0.0078,PASS,10,285.8,95.3
4352,5120,512,hk_256x256x64,274.1,0.0832,0.0834,0.0824,0.0006,0.0078,PASS,10,285.8,95.9
4352,5248,4096,hk_128x128x64,366.9,0.5100,0.5083,0.4998,0.0069,0.0156,PASS,10,458.7,80.0
4352,5632,2048,hk_128x128x64,352.0,0.2852,0.2887,0.2695,0.0167,0.0156,PASS,10,450.1,78.2
4352,5632,2048,hk_256x256x64,402.5,0.2494,0.2488,0.2458,0.0015,0.0156,PASS,10,450.1,89.4
4352,6144,256,hk_128x128x64,218.2,0.0627,0.0629,0.0624,0.0005,0.0039,PASS,10,206.1,105.9
4352,6144,256,hk_256x256x64,238.0,0.0575,0.0573,0.0558,0.0007,0.0039,PASS,10,206.1,115.5
4352,6528,64,hk_128x128x64,93.9,0.0387,0.0388,0.0379,0.0008,0.0039,PASS,10,67.2,139.6
4352,6656,256,hk_128x128x64,226.1,0.0656,0.0663,0.0648,0.0017,0.0039,PASS,10,232.9,97.1
4352,6656,256,hk_256x256x64,246.4,0.0602,0.0607,0.0589,0.0017,0.0039,PASS,10,232.9,105.8
4352,6656,512,hk_128x128x64,297.1,0.0998,0.1001,0.0986,0.0011,0.0078,PASS,10,319.3,93.1
4352,6656,512,hk_256x256x64,330.4,0.0898,0.0898,0.0885,0.0012,0.0078,PASS,10,319.3,103.5
4352,6656,1024,hk_128x128x64,354.6,0.1673,0.1670,0.1617,0.0022,0.0078,PASS,10,419.5,84.5
4352,6656,1024,hk_256x256x64,400.3,0.1482,0.1483,0.1475,0.0006,0.0078,PASS,10,419.5,95.4
4352,7168,4096,hk_128x128x64,386.2,0.6617,0.6533,0.6225,0.0159,0.0156,PASS,10,523.2,73.8
4352,7168,4096,hk_256x256x64,513.6,0.4975,0.4960,0.4808,0.0099,0.0156,PASS,10,523.2,98.2
4352,7552,64,hk_128x128x64,96.5,0.0436,0.0467,0.0423,0.0099,0.0020,PASS,10,51.2,188.4
4352,7808,2048,hk_128x128x64,363.5,0.3829,0.3805,0.3624,0.0104,0.0156,PASS,10,460.5,78.9
4352,7808,8192,hk_128x128x64,394.2,1.4123,1.4147,1.3918,0.0257,0.0312,PASS,10,528.8,74.5
4416,4416,384,hk_192x192x64,283.0,0.0529,0.0541,0.0519,0.0026,0.0078,PASS,10,164.6,171.9
4416,4416,768,hk_192x192x64,354.6,0.0845,0.0847,0.0818,0.0021,0.0078,PASS,10,265.5,133.6
4416,5952,3072,hk_192x192x64,437.1,0.3695,0.3701,0.3630,0.0045,0.0156,PASS,10,442.0,98.9
4480,4480,64,hk_128x128x64,81.4,0.0316,0.0319,0.0308,0.0016,0.0020,PASS,10,35.1,231.8
4480,4736,128,hk_128x128x64,134.7,0.0403,0.0409,0.0396,0.0018,0.0039,PASS,10,98.9,136.2
4480,4736,512,hk_128x128x64,265.0,0.0820,0.0826,0.0807,0.0020,0.0078,PASS,10,251.0,105.6
4480,5248,256,hk_128x128x64,217.1,0.0554,0.0558,0.0546,0.0015,0.0039,PASS,10,127.4,170.4
4480,5248,8192,hk_128x128x64,371.5,1.0368,1.0259,0.9904,0.0229,0.0312,PASS,10,511.9,72.6
4480,6784,4096,hk_128x128x64,363.3,0.6853,0.6821,0.6474,0.0195,0.0156,PASS,10,513.0,70.8
4480,6912,256,hk_128x128x64,216.8,0.0731,0.0734,0.0722,0.0011,0.0039,PASS,10,220.6,98.3
4480,7296,256,hk_128x128x64,224.9,0.0744,0.0744,0.0732,0.0007,0.0039,PASS,10,168.2,133.7
4480,7936,512,hk_128x128x64,292.7,0.1244,0.1242,0.1222,0.0010,0.0078,PASS,10,336.3,87.0
4480,7936,8192,hk_128x128x64,371.2,1.5693,1.5723,1.5197,0.0299,0.0312,PASS,10,522.4,71.0
4608,4992,192,hk_128x128x64,175.8,0.0502,0.0494,0.0464,0.0026,0.0039,PASS,10,103.0,170.7
4608,4992,192,hk_192x192x64,188.0,0.0470,0.0472,0.0458,0.0014,0.0039,PASS,10,103.0,182.5
4608,5120,4096,hk_128x128x64,399.1,0.4842,0.4842,0.4761,0.0057,0.0156,PASS,10,538.3,74.2
4608,5120,4096,hk_256x256x64,416.7,0.4638,0.4630,0.4545,0.0031,0.0156,PASS,10,538.3,77.4
4608,5760,2048,hk_128x128x64,381.9,0.2847,0.2856,0.2816,0.0028,0.0156,PASS,10,435.1,87.8
4608,5760,2048,hk_192x192x64,454.3,0.2393,0.2396,0.2369,0.0021,0.0156,PASS,10,435.1,104.4
4608,5952,6144,hk_192x192x64,463.2,0.7275,0.7308,0.7103,0.0153,0.0312,PASS,10,496.6,93.3
4608,6016,128,hk_128x128x64,146.8,0.0484,0.0486,0.0473,0.0013,0.0039,PASS,10,113.5,129.3
4608,6144,1536,hk_128x128x64,328.7,0.2646,0.2651,0.2622,0.0024,0.0156,PASS,10,489.0,67.2
4608,6144,1536,hk_192x192x64,445.6,0.1952,0.1948,0.1918,0.0019,0.0156,PASS,10,489.0,91.1
4608,6144,1536,hk_256x256x64,416.8,0.2087,0.2080,0.2056,0.0012,0.0156,PASS,10,489.0,85.2
4608,6144,4096,hk_128x128x64,396.5,0.5849,0.5822,0.5702,0.0071,0.0156,PASS,10,525.0,75.5
4608,6144,4096,hk_192x192x64,494.9,0.4686,0.4623,0.4425,0.0094,0.0156,PASS,10,525.0,94.3
4608,6144,4096,hk_256x256x64,488.9,0.4744,0.4741,0.4691,0.0034,0.0156,PASS,10,525.0,93.1
4608,6784,512,hk_128x128x64,288.5,0.1110,0.1108,0.1100,0.0004,0.0078,PASS,10,300.5,96.0
4608,7040,2048,hk_128x128x64,366.5,0.3625,0.3612,0.3415,0.0106,0.0156,PASS,10,447.0,82.0
4608,7040,8192,hk_128x128x64,371.8,1.4296,1.4217,1.3749,0.0282,0.0312,PASS,10,525.8,70.7
4608,7168,256,hk_128x128x64,226.1,0.0748,0.0746,0.0724,0.0019,0.0039,PASS,10,242.7,93.1
4608,7168,256,hk_256x256x64,271.4,0.0623,0.0625,0.0609,0.0018,0.0039,PASS,10,242.7,111.8
4608,7424,64,hk_128x128x64,98.1,0.0446,0.0450,0.0440,0.0015,0.0039,PASS,10,89.5,109.6
4608,7424,64,hk_256x256x64,115.9,0.0378,0.0372,0.0358,0.0008,0.0039,PASS,10,89.5,129.5
4608,7680,1024,hk_128x128x64,332.4,0.2180,0.2179,0.2114,0.0035,0.0078,PASS,10,415.1,80.1
4608,7680,1024,hk_192x192x64,391.4,0.1852,0.1849,0.1833,0.0009,0.0078,PASS,10,415.1,94.3
4608,7680,1024,hk_256x256x64,471.5,0.1537,0.1537,0.1524,0.0011,0.0078,PASS,10,415.1,113.6
4608,7936,4096,hk_128x128x64,371.5,0.8064,0.8090,0.7872,0.0166,0.0156,PASS,10,524.7,70.8
4608,7936,4096,hk_256x256x64,554.5,0.5402,0.5528,0.5353,0.0224,0.0156,PASS,10,524.7,105.7
4608,8064,256,hk_128x128x64,234.9,0.0810,0.0812,0.0797,0.0016,0.0039,PASS,10,157.2,149.5
4608,8064,256,hk_192x192x64,260.2,0.0731,0.0732,0.0723,0.0012,0.0039,PASS,10,157.2,165.5
4736,5376,64,hk_128x128x64,89.7,0.0363,0.0367,0.0354,0.0019,0.0020,PASS,10,67.1,133.8
4736,5504,64,hk_128x128x64,89.6,0.0372,0.0382,0.0359,0.0022,0.0020,PASS,10,67.7,132.4
4736,6912,128,hk_128x128x64,150.6,0.0556,0.0562,0.0547,0.0022,0.0039,PASS,10,138.6,108.6
4736,7168,64,hk_128x128x64,98.9,0.0439,0.0442,0.0427,0.0012,0.0020,PASS,10,87.7,112.8
4736,7552,1024,hk_128x128x64,324.2,0.2259,0.2227,0.2142,0.0054,0.0078,PASS,10,333.9,97.1
4736,8192,256,hk_128x128x64,232.0,0.0856,0.0859,0.0837,0.0016,0.0039,PASS,10,266.2,87.1
4800,5376,1536,hk_192x192x64,403.9,0.1963,0.1962,0.1943,0.0013,0.0156,PASS,10,451.2,89.5
4800,5760,768,hk_192x192x64,364.4,0.1165,0.1162,0.1153,0.0007,0.0078,PASS,10,327.3,111.3
4800,6144,3072,hk_192x192x64,477.5,0.3794,0.3818,0.3686,0.0179,0.0156,PASS,10,482.7,98.9
4864,4992,8192,hk_128x128x64,376.2,1.0574,2.0408,0.9902,2.9470,0.0312,PASS,10,533.6,70.5
4864,5504,4096,hk_128x128x64,379.8,0.5775,0.5707,0.5465,0.0170,0.0156,PASS,10,484.5,78.4
4864,6272,512,hk_128x128x64,281.2,0.1111,0.1115,0.1076,0.0021,0.0078,PASS,10,265.2,106.0
4864,6528,256,hk_128x128x64,203.8,0.0798,0.0798,0.0782,0.0010,0.0039,PASS,10,167.9,121.4
4864,6912,2048,hk_128x128x64,362.0,0.3804,0.3799,0.3664,0.0069,0.0156,PASS,10,514.0,70.4
4864,6912,2048,hk_256x256x64,487.3,0.2826,0.2812,0.2730,0.0042,0.0156,PASS,10,514.0,94.8
4864,7040,1024,hk_128x128x64,347.6,0.2017,0.2008,0.1946,0.0031,0.0078,PASS,10,334.5,103.9
4864,8064,128,hk_128x128x64,153.3,0.0655,0.0655,0.0641,0.0007,0.0039,PASS,10,107.0,143.2
4992,5760,3072,hk_128x128x64,343.4,0.5144,0.5100,0.4967,0.0074,0.0156,PASS,10,458.7,74.9
4992,5760,3072,hk_192x192x64,454.6,0.3886,0.3983,0.3785,0.0187,0.0156,PASS,10,458.7,99.1
4992,6272,128,hk_128x128x64,140.3,0.0571,0.0568,0.0527,0.0015,0.0039,PASS,10,96.4,145.5
4992,6272,8192,hk_128x128x64,371.4,1.3811,1.3855,1.3354,0.0415,0.0312,PASS,10,526.8,70.5
4992,6912,8192,hk_128x128x64,389.1,1.4528,1.4625,1.4004,0.0380,0.0312,PASS,10,542.7,71.7
4992,6912,8192,hk_192x192x64,471.7,1.1984,1.2049,1.1565,0.0418,0.0312,PASS,10,542.7,86.9
4992,7296,256,hk_128x128x64,213.8,0.0872,0.0868,0.0820,0.0027,0.0078,PASS,10,185.5,115.3
4992,7296,256,hk_192x192x64,246.9,0.0755,0.0760,0.0741,0.0018,0.0078,PASS,10,185.5,133.1
4992,7424,64,hk_128x128x64,88.8,0.0534,0.0536,0.0530,0.0006,0.0039,PASS,10,76.5,116.1
4992,7424,128,hk_128x128x64,144.1,0.0658,0.0658,0.0629,0.0013,0.0039,PASS,10,127.3,113.2
4992,8192,1024,hk_128x128x64,346.5,0.2417,0.2406,0.2339,0.0035,0.0078,PASS,10,419.6,82.6
4992,8192,2048,hk_128x128x64,349.2,0.4796,0.4745,0.4603,0.0086,0.0156,PASS,10,498.1,70.1
5120,5760,512,hk_128x128x64,289.5,0.1043,0.1045,0.1014,0.0018,0.0078,PASS,10,249.6,116.0
5120,6656,1024,hk_128x128x64,348.4,0.2003,0.2001,0.1955,0.0024,0.0078,PASS,10,408.7,85.2
5120,6656,1024,hk_256x256x64,441.4,0.1581,0.1570,0.1526,0.0024,0.0078,PASS,10,408.7,108.0
5120,6784,8192,hk_128x128x64,390.1,1.4588,1.4588,1.4183,0.0203,0.0312,PASS,10,524.5,74.4
5120,6912,64,hk_128x128x64,89.7,0.0505,0.0503,0.0467,0.0020,0.0020,PASS,10,68.6,130.7
5120,6912,64,hk_256x256x64,110.0,0.0412,0.0417,0.0401,0.0013,0.0020,PASS,10,68.6,160.3
5120,6912,256,hk_128x128x64,217.6,0.0833,0.0830,0.0817,0.0009,0.0039,PASS,10,207.3,105.0
5120,6912,256,hk_256x256x64,263.2,0.0688,0.0687,0.0677,0.0006,0.0039,PASS,10,207.3,127.0
5120,7296,64,hk_128x128x64,90.8,0.0527,0.0531,0.0517,0.0018,0.0039,PASS,10,65.3,138.9
5120,7552,4096,hk_128x128x64,401.4,0.7892,0.7919,0.7668,0.0229,0.0156,PASS,10,508.8,78.9
5120,7808,8192,hk_128x128x64,377.0,1.7376,2.6413,1.6826,2.7632,0.0312,PASS,10,542.5,69.5
5120,7936,128,hk_128x128x64,150.9,0.0689,0.0683,0.0640,0.0023,0.0039,PASS,10,129.1,116.9
5120,7936,128,hk_256x256x64,161.3,0.0645,0.0638,0.0609,0.0019,0.0039,PASS,10,129.1,124.9
5120,8064,64,hk_128x128x64,92.6,0.0571,0.0562,0.0522,0.0023,0.0020,PASS,10,52.1,177.7
5120,8064,2048,hk_128x128x64,361.5,0.4678,0.4689,0.4604,0.0071,0.0156,PASS,10,479.7,75.4
5184,5184,384,hk_192x192x64,280.8,0.0735,0.0731,0.0676,0.0026,0.0078,PASS,10,216.0,130.0
5184,5376,768,hk_192x192x64,354.3,0.1208,0.1207,0.1172,0.0017,0.0078,PASS,10,346.5,102.2
5184,5376,3072,hk_192x192x64,447.2,0.3829,0.3832,0.3755,0.0055,0.0156,PASS,10,496.7,90.0
5184,5568,192,hk_192x192x64,206.3,0.0537,0.0531,0.0495,0.0022,0.0039,PASS,10,104.5,197.4
5184,5568,384,hk_192x192x64,287.1,0.0772,0.0766,0.0702,0.0025,0.0078,PASS,10,189.6,151.4
5184,6144,64,hk_192x192x64,100.7,0.0405,0.0402,0.0355,0.0017,0.0020,PASS,10,71.1,141.7
5184,6144,3072,hk_192x192x64,484.9,0.4036,0.4064,0.3854,0.0203,0.0156,PASS,10,519.0,93.4
5248,5376,1024,hk_128x128x64,352.3,0.1640,0.1645,0.1611,0.0039,0.0078,PASS,10,378.6,93.1
5248,6272,128,hk_128x128x64,141.0,0.0598,0.0599,0.0591,0.0009,0.0039,PASS,10,87.3,161.5
5248,6400,4096,hk_128x128x64,401.6,0.6852,0.6876,0.6636,0.0165,0.0156,PASS,10,556.3,72.2
5248,6400,8192,hk_128x128x64,385.4,1.4277,1.4367,1.3724,0.0416,0.0312,PASS,10,555.2,69.4
5248,6784,512,hk_128x128x64,275.7,0.1322,0.1328,0.1271,0.0060,0.0078,PASS,10,204.3,135.0
5248,6912,256,hk_128x128x64,212.7,0.0873,0.0868,0.0824,0.0036,0.0039,PASS,10,198.4,107.2
5248,7424,8192,hk_128x128x64,386.4,1.6520,1.6462,1.6085,0.0254,0.0312,PASS,10,555.2,69.6
5248,7680,512,hk_128x128x64,284.5,0.1451,0.1448,0.1386,0.0042,0.0078,PASS,10,307.7,92.5
5248,7936,128,hk_128x128x64,143.0,0.0746,0.0742,0.0698,0.0028,0.0039,PASS,10,134.2,106.6
5248,8064,64,hk_128x128x64,91.3,0.0593,0.0583,0.0546,0.0022,0.0020,PASS,10,57.0,160.1
5376,5376,192,hk_128x128x64,177.1,0.0627,0.0615,0.0578,0.0023,0.0039,PASS,10,150.9,117.3
5376,5376,192,hk_192x192x64,203.4,0.0546,0.0536,0.0484,0.0028,0.0039,PASS,10,150.9,134.8
5376,5376,192,hk_256x256x64,214.2,0.0518,0.0517,0.0488,0.0026,0.0039,PASS,10,150.9,141.9
5376,5952,64,hk_192x192x64,98.6,0.0415,0.0410,0.0382,0.0019,0.0020,PASS,10,58.1,169.8
5376,5952,384,hk_192x192x64,297.0,0.0828,0.0823,0.0785,0.0027,0.0078,PASS,10,213.6,139.1
5376,6400,8192,hk_128x128x64,385.4,1.4627,1.4651,1.4118,0.0371,0.0312,PASS,10,582.6,66.1
5376,6400,8192,hk_256x256x64,537.2,1.0494,1.0381,0.9878,0.0283,0.0312,PASS,10,582.6,92.2
5376,6784,256,hk_128x128x64,211.2,0.0884,0.0883,0.0838,0.0042,0.0039,PASS,10,139.9,150.9
5376,6912,1024,hk_128x128x64,342.4,0.2222,0.2205,0.2118,0.0039,0.0078,PASS,10,409.8,83.6
5376,6912,1024,hk_192x192x64,396.0,0.1922,0.1917,0.1874,0.0043,0.0078,PASS,10,409.8,96.6
5376,6912,1024,hk_256x256x64,462.5,0.1645,0.1635,0.1585,0.0028,0.0078,PASS,10,409.8,112.9
5376,7040,1024,hk_128x128x64,356.2,0.2176,0.2175,0.2117,0.0035,0.0078,PASS,10,326.7,109.0
5376,7040,4096,hk_128x128x64,402.2,0.7709,0.7801,0.7465,0.0255,0.0156,PASS,10,499.6,80.5
5376,7296,1024,hk_128x128x64,372.6,0.2156,0.2164,0.2103,0.0060,0.0156,PASS,10,378.3,98.5
5376,7296,1024,hk_192x192x64,424.9,0.1890,0.1874,0.1828,0.0026,0.0156,PASS,10,378.3,112.3
5376,7552,256,hk_128x128x64,215.3,0.0965,0.0950,0.0881,0.0042,0.0039,PASS,10,196.5,109.6
5376,7808,64,hk_128x128x64,92.5,0.0581,0.0575,0.0541,0.0022,0.0039,PASS,10,70.4,131.3
5376,7936,64,hk_128x128x64,90.7,0.0602,0.0588,0.0546,0.0025,0.0020,PASS,10,74.5,121.8
5376,7936,64,hk_256x256x64,102.0,0.0536,0.0531,0.0482,0.0048,0.0020,PASS,10,74.5,136.8
5376,7936,256,hk_128x128x64,222.9,0.0980,0.0973,0.0922,0.0032,0.0039,PASS,10,208.8,106.7
5376,7936,256,hk_256x256x64,251.8,0.0868,0.0867,0.0844,0.0019,0.0039,PASS,10,208.8,120.6
5376,7936,1024,hk_128x128x64,354.5,0.2465,0.2464,0.2378,0.0051,0.0078,PASS,10,403.7,87.8
5376,7936,1024,hk_256x256x64,397.0,0.2201,0.2205,0.2176,0.0025,0.0078,PASS,10,403.7,98.3
5376,8064,512,hk_128x128x64,312.3,0.1422,0.1424,0.1404,0.0018,0.0078,PASS,10,271.7,114.9
5376,8064,512,hk_192x192x64,365.4,0.1215,0.1213,0.1187,0.0018,0.0078,PASS,10,271.7,134.5
5376,8192,1024,hk_128x128x64,365.0,0.2471,0.2456,0.2343,0.0081,0.0078,PASS,10,472.6,77.2
5376,8192,1024,hk_256x256x64,406.2,0.2220,0.2224,0.2207,0.0016,0.0078,PASS,10,472.6,86.0
5504,5760,512,hk_128x128x64,287.2,0.1130,0.1130,0.1109,0.0011,0.0078,PASS,10,223.7,128.4
5504,5760,8192,hk_128x128x64,371.1,1.3995,1.3859,1.3243,0.0270,0.0312,PASS,10,542.9,68.4
5504,5888,512,hk_128x128x64,288.3,0.1151,0.1164,0.1130,0.0034,0.0078,PASS,10,303.6,94.9
5504,6144,128,hk_128x128x64,153.7,0.0563,0.0570,0.0546,0.0023,0.0039,PASS,10,154.1,99.7
5504,6400,128,hk_128x128x64,150.9,0.0598,0.0601,0.0579,0.0023,0.0039,PASS,10,136.3,110.7
5504,6528,64,hk_128x128x64,95.7,0.0481,0.0484,0.0467,0.0020,0.0020,PASS,10,74.2,128.9
5504,6784,512,hk_128x128x64,297.5,0.1285,0.1287,0.1264,0.0019,0.0078,PASS,10,265.7,111.9
5504,7040,4096,hk_128x128x64,397.1,0.7994,0.8010,0.7708,0.0204,0.0156,PASS,10,523.0,75.9
5504,7040,8192,hk_128x128x64,386.6,1.6420,1.6501,1.6038,0.0367,0.0312,PASS,10,529.3,73.1
5504,7680,2048,hk_128x128x64,387.6,0.4467,0.4434,0.4240,0.0108,0.0156,PASS,10,567.9,68.3
5504,7936,1024,hk_128x128x64,356.1,0.2512,0.2492,0.2368,0.0048,0.0078,PASS,10,438.5,81.2
5568,5568,192,hk_192x192x64,227.0,0.0524,0.0522,0.0507,0.0008,0.0039,PASS,10,166.9,136.0
5632,5632,128,hk_128x128x64,145.9,0.0556,0.0560,0.0549,0.0011,0.0039,PASS,10,146.1,99.9
5632,5632,128,hk_256x256x64,177.8,0.0457,0.0458,0.0437,0.0016,0.0039,PASS,10,146.1,121.7
5632,6144,128,hk_128x128x64,157.0,0.0564,0.0563,0.0555,0.0005,0.0039,PASS,10,159.0,98.8
5632,6144,128,hk_256x256x64,182.6,0.0485,0.0490,0.0477,0.0018,0.0039,PASS,10,159.0,114.9
5632,6656,256,hk_128x128x64,230.0,0.0834,0.0841,0.0821,0.0023,0.0039,PASS,10,257.4,89.4
5632,6656,256,hk_256x256x64,287.7,0.0667,0.0666,0.0656,0.0006,0.0039,PASS,10,257.4,111.8
5632,6784,2048,hk_128x128x64,358.5,0.4365,0.4363,0.4269,0.0075,0.0156,PASS,10,461.6,77.7
5632,6912,128,hk_128x128x64,159.3,0.0625,0.0624,0.0612,0.0007,0.0039,PASS,10,158.6,100.4
5632,6912,128,hk_256x256x64,197.9,0.0504,0.0509,0.0498,0.0018,0.0039,PASS,10,158.6,124.8
5632,7680,256,hk_128x128x64,231.8,0.0955,0.0956,0.0934,0.0014,0.0039,PASS,10,254.4,91.1
5632,7680,256,hk_256x256x64,253.2,0.0875,0.0874,0.0851,0.0016,0.0039,PASS,10,254.4,99.5
5632,7680,8192,hk_128x128x64,389.8,1.8179,1.8243,1.8093,0.0146,0.0312,PASS,10,564.8,69.0
5632,7680,8192,hk_256x256x64,509.7,1.3903,1.3834,1.3312,0.0352,0.0312,PASS,10,564.8,90.3
5632,8192,8192,hk_128x128x64,391.1,1.9329,1.9335,1.9007,0.0153,0.0312,PASS,10,591.1,66.2
5632,8192,8192,hk_256x256x64,538.3,1.4043,1.4060,1.3540,0.0379,0.0312,PASS,10,591.1,91.1
5760,5760,6144,hk_128x128x64,339.5,1.2008,1.1829,1.1228,0.0377,0.0312,PASS,10,527.3,64.4
5760,5760,6144,hk_192x192x64,497.8,0.8190,0.8197,0.8040,0.0132,0.0312,PASS,10,527.3,94.4
5760,6144,256,hk_128x128x64,231.8,0.0782,0.0790,0.0772,0.0021,0.0039,PASS,10,230.8,100.4
5760,6144,256,hk_192x192x64,247.9,0.0731,0.0736,0.0724,0.0013,0.0039,PASS,10,230.8,107.4
5760,6400,1024,hk_128x128x64,358.8,0.2104,0.2090,0.2051,0.0030,0.0078,PASS,10,417.4,85.9
5760,7040,2048,hk_128x128x64,356.0,0.4666,0.4650,0.4514,0.0085,0.0156,PASS,10,496.9,71.6
5760,7168,512,hk_128x128x64,281.6,0.1501,0.1502,0.1474,0.0016,0.0078,PASS,10,364.0,77.4
5760,7808,1024,hk_128x128x64,335.8,0.2743,0.2741,0.2622,0.0059,0.0078,PASS,10,334.2,100.5
5760,8064,1024,hk_128x128x64,344.3,0.2763,0.2764,0.2641,0.0050,0.0078,PASS,10,352.0,97.8
5760,8064,1024,hk_192x192x64,400.6,0.2375,0.2372,0.2355,0.0016,0.0078,PASS,10,352.0,113.8
5760,8064,8192,hk_128x128x64,391.3,1.9446,1.9529,1.9215,0.0299,0.0312,PASS,10,549.6,71.2
5760,8064,8192,hk_192x192x64,491.4,1.5488,1.5592,1.4958,0.0652,0.0312,PASS,10,549.6,89.4
5888,5888,8192,hk_128x128x64,386.9,1.4681,1.4727,1.4367,0.0346,0.0312,PASS,10,540.7,71.6
5888,5888,8192,hk_256x256x64,544.8,1.0426,1.0463,0.9643,0.0530,0.0312,PASS,10,540.7,100.8
5888,6016,1024,hk_128x128x64,347.2,0.2089,0.2106,0.2057,0.0046,0.0078,PASS,10,338.2,102.7
5888,6656,512,hk_128x128x64,306.3,0.1310,0.1321,0.1297,0.0021,0.0078,PASS,10,339.1,90.3
5888,6656,512,hk_256x256x64,392.2,0.1023,0.1027,0.1017,0.0012,0.0078,PASS,10,339.1,115.7
5888,7040,1024,hk_128x128x64,358.6,0.2367,0.2364,0.2312,0.0032,0.0078,PASS,10,351.1,102.1
5888,8192,4096,hk_128x128x64,411.8,0.9595,0.9495,0.9155,0.0271,0.0156,PASS,10,543.7,75.7
5888,8192,4096,hk_256x256x64,557.3,0.7090,0.7148,0.6949,0.0168,0.0156,PASS,10,543.7,102.5
6016,6272,4096,hk_128x128x64,395.3,0.7820,0.7891,0.7607,0.0264,0.0156,PASS,10,505.1,78.3
6016,6528,2048,hk_128x128x64,401.7,0.4005,0.3999,0.3877,0.0082,0.0156,PASS,10,451.9,88.9
6016,6528,4096,hk_128x128x64,392.8,0.8190,0.8117,0.7684,0.0275,0.0156,PASS,10,489.5,80.2
6016,6656,128,hk_128x128x64,161.8,0.0633,0.0636,0.0628,0.0012,0.0039,PASS,10,142.1,113.9
6016,6784,8192,hk_128x128x64,368.4,1.8151,1.8127,1.7652,0.0409,0.0312,PASS,10,523.1,70.4
6016,6912,64,hk_128x128x64,101.1,0.0526,0.0531,0.0522,0.0015,0.0020,PASS,10,84.6,119.6
6016,7040,512,hk_128x128x64,294.9,0.1471,0.1470,0.1426,0.0029,0.0078,PASS,10,248.8,118.5
6016,7296,128,hk_128x128x64,163.8,0.0686,0.0688,0.0681,0.0007,0.0039,PASS,10,103.8,157.7
6016,7424,1024,hk_128x128x64,337.1,0.2713,0.2674,0.2570,0.0058,0.0078,PASS,10,420.8,80.1
6016,8192,64,hk_128x128x64,100.8,0.0626,0.0625,0.0613,0.0006,0.0020,PASS,10,83.2,121.1
6144,6144,64,hk_128x128x64,96.9,0.0499,0.0504,0.0488,0.0020,0.0020,PASS,10,93.9,103.2
6144,6144,64,hk_192x192x64,109.1,0.0443,0.0447,0.0436,0.0013,0.0020,PASS,10,93.9,116.2
6144,6144,64,hk_256x256x64,119.2,0.0405,0.0413,0.0398,0.0027,0.0020,PASS,10,93.9,127.0
6144,6144,1536,hk_128x128x64,336.1,0.3450,0.3461,0.3400,0.0043,0.0156,PASS,10,526.0,63.9
6144,6144,1536,hk_192x192x64,422.3,0.2746,0.2719,0.2602,0.0073,0.0156,PASS,10,526.0,80.3
6144,6144,1536,hk_256x256x64,503.8,0.2302,0.2296,0.2183,0.0068,0.0156,PASS,10,526.0,95.8
6144,6528,256,hk_128x128x64,225.7,0.0910,0.0912,0.0897,0.0012,0.0039,PASS,10,213.2,105.9
6144,6528,256,hk_192x192x64,266.8,0.0770,0.0770,0.0761,0.0005,0.0039,PASS,10,213.2,125.1
6144,6528,1024,hk_128x128x64,325.2,0.2526,0.2513,0.2429,0.0038,0.0078,PASS,10,368.2,88.3
6144,6528,1024,hk_192x192x64,421.6,0.1948,0.1944,0.1929,0.0008,0.0078,PASS,10,368.2,114.5
6144,6912,64,hk_128x128x64,93.4,0.0582,0.0592,0.0571,0.0019,0.0039,PASS,10,92.8,100.6
6144,6912,64,hk_192x192x64,116.4,0.0467,0.0466,0.0458,0.0005,0.0039,PASS,10,92.8,125.4
6144,6912,64,hk_256x256x64,111.0,0.0490,0.0494,0.0484,0.0014,0.0039,PASS,10,92.8,119.6
6144,7424,64,hk_128x128x64,96.1,0.0608,0.0608,0.0596,0.0008,0.0020,PASS,10,86.0,111.7
6144,7424,64,hk_256x256x64,115.8,0.0504,0.0503,0.0496,0.0004,0.0020,PASS,10,86.0,134.7
6144,7808,8192,hk_128x128x64,398.4,1.9728,1.9810,1.9522,0.0398,0.0312,PASS,10,540.3,73.7
6272,6400,128,hk_128x128x64,162.2,0.0633,0.0643,0.0622,0.0021,0.0039,PASS,10,128.7,126.0
6272,6400,2048,hk_128x128x64,357.4,0.4600,0.4610,0.4540,0.0062,0.0156,PASS,10,492.0,72.6
6272,6656,512,hk_128x128x64,296.7,0.1441,0.1445,0.1404,0.0021,0.0078,PASS,10,328.9,90.2
6272,6656,4096,hk_128x128x64,394.2,0.8674,0.8628,0.8413,0.0158,0.0156,PASS,10,514.9,76.6
6272,6912,512,hk_128x128x64,304.9,0.1456,0.1453,0.1409,0.0035,0.0078,PASS,10,320.2,95.2
6272,7296,1024,hk_128x128x64,352.6,0.2658,0.2623,0.2529,0.0051,0.0078,PASS,10,380.9,92.6
6272,8192,64,hk_128x128x64,107.2,0.0613,0.0614,0.0592,0.0013,0.0020,PASS,10,87.1,123.1
6272,8192,4096,hk_128x128x64,412.5,1.0205,1.0252,0.9992,0.0220,0.0156,PASS,10,535.1,77.1
6400,6912,2048,hk_128x128x64,400.8,0.4521,0.4532,0.4339,0.0130,0.0156,PASS,10,518.0,77.4
6400,6912,2048,hk_256x256x64,469.9,0.3856,0.3863,0.3840,0.0030,0.0156,PASS,10,518.0,90.7
6400,7040,256,hk_128x128x64,228.2,0.1011,0.0997,0.0956,0.0025,0.0039,PASS,10,187.2,121.9
6400,7040,1024,hk_128x128x64,347.8,0.2653,0.2657,0.2594,0.0042,0.0156,PASS,10,397.3,87.5
6400,7424,2048,hk_128x128x64,365.0,0.5332,0.5327,0.5161,0.0073,0.0156,PASS,10,490.8,74.4
6400,7424,2048,hk_256x256x64,463.6,0.4198,0.4181,0.4032,0.0105,0.0156,PASS,10,490.8,94.5
6400,7552,8192,hk_128x128x64,393.2,2.0142,2.0167,1.9901,0.0262,0.0312,PASS,10,564.5,69.6
6400,7680,4096,hk_128x128x64,416.6,0.9665,0.9615,0.9375,0.0168,0.0156,PASS,10,560.9,74.3
6400,7680,4096,hk_256x256x64,538.3,0.7480,0.7532,0.7206,0.0307,0.0156,PASS,10,560.9,96.0
6400,7936,512,hk_128x128x64,316.2,0.1645,0.1648,0.1625,0.0021,0.0078,PASS,10,338.7,93.3
6400,7936,512,hk_256x256x64,382.4,0.1360,0.1357,0.1339,0.0009,0.0078,PASS,10,338.7,112.9
6400,8064,2048,hk_128x128x64,379.0,0.5577,0.5568,0.5422,0.0116,0.0156,PASS,10,491.9,77.0
6528,7040,512,hk_128x128x64,313.8,0.1499,0.1504,0.1477,0.0017,0.0078,PASS,10,246.3,127.4
6528,7168,128,hk_128x128x64,159.8,0.0750,0.0750,0.0720,0.0018,0.0039,PASS,10,154.3,103.5
6528,7296,4096,hk_128x128x64,403.1,0.9678,0.9785,0.9327,0.0336,0.0156,PASS,10,537.2,75.0
6528,7296,4096,hk_192x192x64,490.3,0.7958,0.7993,0.7739,0.0254,0.0156,PASS,10,537.2,91.3
6528,8064,256,hk_128x128x64,248.4,0.1085,0.1087,0.1080,0.0007,0.0039,PASS,10,195.0,127.4
6528,8064,256,hk_192x192x64,282.2,0.0955,0.0954,0.0939,0.0010,0.0039,PASS,10,195.0,144.8
6656,6784,128,hk_128x128x64,158.1,0.0731,0.0735,0.0713,0.0016,0.0039,PASS,10,117.6,134.4
6656,7040,256,hk_128x128x64,231.1,0.1038,0.1039,0.1023,0.0009,0.0039,PASS,10,169.7,136.2
6656,7168,8192,hk_128x128x64,388.0,2.0145,2.0171,1.9922,0.0263,0.0312,PASS,10,580.4,66.9
6656,7168,8192,hk_256x256x64,535.9,1.4585,1.4557,1.3839,0.0530,0.0312,PASS,10,580.4,92.3
6656,7424,4096,hk_128x128x64,407.8,0.9925,0.9957,0.9460,0.0343,0.0156,PASS,10,552.9,73.8
6656,7424,4096,hk_256x256x64,512.0,0.7907,0.7849,0.7407,0.0298,0.0156,PASS,10,552.9,92.6
6656,7552,2048,hk_128x128x64,370.5,0.5558,0.5523,0.5273,0.0182,0.0156,PASS,10,510.9,72.5
6656,7552,4096,hk_128x128x64,394.6,1.0436,1.0477,1.0196,0.0281,0.0156,PASS,10,524.4,75.2
6656,7680,8192,hk_128x128x64,384.5,2.1783,2.1685,2.1285,0.0243,0.0312,PASS,10,568.9,67.6
6656,7680,8192,hk_256x256x64,551.0,1.5201,1.5124,1.4596,0.0349,0.0312,PASS,10,568.9,96.9
6656,7808,1024,hk_128x128x64,361.9,0.2941,0.2923,0.2821,0.0057,0.0078,PASS,10,396.1,91.4
6656,7936,512,hk_128x128x64,314.6,0.1719,0.1700,0.1659,0.0031,0.0078,PASS,10,383.2,82.1
6656,7936,512,hk_256x256x64,394.6,0.1371,0.1373,0.1358,0.0010,0.0078,PASS,10,383.2,103.0
6784,7040,1024,hk_128x128x64,356.9,0.2740,0.2719,0.2621,0.0062,0.0078,PASS,10,382.3,93.4
6784,7552,256,hk_128x128x64,238.9,0.1098,0.1097,0.1062,0.0030,0.0039,PASS,10,193.2,123.7
6784,7808,64,hk_128x128x64,106.4,0.0637,0.0637,0.0628,0.0006,0.0020,PASS,10,93.0,114.4
6912,6912,256,hk_128x128x64,232.5,0.1052,0.1050,0.1039,0.0008,0.0039,PASS,10,243.2,95.6
6912,6912,256,hk_192x192x64,260.4,0.0939,0.0942,0.0932,0.0007,0.0039,PASS,10,243.2,107.1
6912,6912,256,hk_256x256x64,271.3,0.0902,0.0901,0.0892,0.0008,0.0039,PASS,10,243.2,111.6
6912,7680,4096,hk_128x128x64,403.9,1.0766,1.0830,1.0375,0.0280,0.0156,PASS,10,536.4,75.3
6912,7680,4096,hk_192x192x64,498.0,0.8733,0.8660,0.8293,0.0258,0.0156,PASS,10,536.4,92.8
6912,7680,4096,hk_256x256x64,541.5,0.8031,0.8101,0.7828,0.0266,0.0156,PASS,10,536.4,100.9
7040,7040,8192,hk_128x128x64,389.7,2.0834,2.0857,2.0525,0.0274,0.0312,PASS,10,550.1,70.8
7040,7296,4096,hk_128x128x64,414.6,1.0148,1.0203,0.9975,0.0200,0.0156,PASS,10,511.1,81.1
7040,7936,512,hk_128x128x64,325.7,0.1756,0.1764,0.1713,0.0036,0.0078,PASS,10,337.5,96.5
7168,7296,2048,hk_128x128x64,384.2,0.5575,0.5560,0.5335,0.0171,0.0156,PASS,10,514.6,74.7
7168,7552,64,hk_128x128x64,107.9,0.0642,0.0667,0.0618,0.0094,0.0039,PASS,10,88.2,122.3
7168,7552,512,hk_128x128x64,308.5,0.1797,0.1792,0.1739,0.0021,0.0078,PASS,10,336.1,91.8
7168,7680,1024,hk_128x128x64,341.8,0.3298,0.3277,0.3185,0.0052,0.0078,PASS,10,452.0,75.6
7168,7680,1024,hk_256x256x64,454.3,0.2482,0.2452,0.2359,0.0057,0.0078,PASS,10,452.0,100.5
7168,7680,8192,hk_128x128x64,381.8,2.3623,2.3612,2.3057,0.0321,0.0312,PASS,10,560.3,68.1
7168,7680,8192,hk_256x256x64,563.7,1.6000,1.5966,1.5086,0.0530,0.0312,PASS,10,560.3,100.6
7168,8064,256,hk_128x128x64,245.7,0.1204,0.1204,0.1184,0.0018,0.0039,PASS,10,193.7,126.8
7296,7808,8192,hk_128x128x64,394.9,2.3634,2.3609,2.3215,0.0361,0.0312,PASS,10,540.4,73.1
7296,7936,256,hk_128x128x64,251.0,0.1181,0.1182,0.1160,0.0016,0.0039,PASS,10,252.4,99.4
7296,8064,64,hk_128x128x64,109.7,0.0687,0.0682,0.0663,0.0010,0.0020,PASS,10,69.0,159.0
7296,8064,64,hk_192x192x64,117.0,0.0643,0.0641,0.0626,0.0009,0.0020,PASS,10,69.0,169.7
7424,7424,64,hk_128x128x64,105.8,0.0667,0.0665,0.0649,0.0013,0.0020,PASS,10,99.8,106.0
7424,7424,64,hk_256x256x64,127.9,0.0552,0.0557,0.0540,0.0016,0.0020,PASS,10,99.8,128.1
7424,7680,8192,hk_128x128x64,390.4,2.3929,2.3969,2.3735,0.0181,0.0312,PASS,10,578.8,67.5
7424,7680,8192,hk_256x256x64,556.4,1.6788,1.6725,1.5849,0.0587,0.0312,PASS,10,578.8,96.1
7424,8192,4096,hk_128x128x64,405.9,1.2275,1.2161,1.1820,0.0202,0.0156,PASS,10,566.8,71.6
7424,8192,4096,hk_256x256x64,514.2,0.9689,0.9681,0.9340,0.0291,0.0156,PASS,10,566.8,90.7
7552,7680,512,hk_128x128x64,322.9,0.1839,0.1838,0.1799,0.0026,0.0078,PASS,10,353.0,91.5
7552,8192,512,hk_128x128x64,330.8,0.1915,0.1925,0.1872,0.0045,0.0078,PASS,10,364.3,90.8
7936,8192,128,hk_128x128x64,165.0,0.1009,0.0998,0.0963,0.0021,0.0039,PASS,10,170.5,96.8
7936,8192,128,hk_256x256x64,190.1,0.0876,0.0878,0.0861,0.0014,0.0039,PASS,10,170.5,111.5
8064,8064,4096,hk_128x128x64,401.5,1.3268,1.3255,1.2861,0.0331,0.0156,PASS,10,543.6,73.9
8064,8064,4096,hk_192x192x64,506.1,1.0525,1.0407,0.9995,0.0270,0.0156,PASS,10,543.6,93.1
