M,N,K,tile,tflops,max_err,status,hipblaslt_tflops,ratio_pct,best_tile,best_tflops
128,256,2048,hk_128x128x64,3.9,0.0078,PASS,3.6,110.1,,
128,384,256,hk_128x128x64,2.1,0.0039,PASS,1.0,210.3,,
128,384,4096,hk_128x128x64,7.4,0.0156,PASS,15.4,48.5,,
128,640,512,hk_128x128x64,6.4,0.0078,PASS,3.7,174.4,,
128,640,2048,hk_128x128x64,8.7,0.0156,PASS,14.5,59.9,,
128,896,512,hk_128x128x64,8.3,0.0039,PASS,5.2,158.7,,
128,896,8192,hk_128x128x64,16.0,0.0312,PASS,45.8,34.9,,
128,1152,4096,hk_128x128x64,21.9,0.0156,PASS,45.7,47.9,,
128,1408,128,hk_128x128x64,3.6,0.0039,PASS,2.0,176.8,,
128,1408,1024,hk_128x128x64,18.8,0.0078,PASS,16.5,113.5,,
128,1408,8192,hk_128x128x64,21.9,0.0156,PASS,86.6,25.3,,
128,1536,1024,hk_128x128x64,18.3,0.0078,PASS,17.4,105.7,,
128,1664,256,hk_128x128x64,9.9,0.0039,PASS,5.1,195.6,,
128,1792,256,hk_128x128x64,10.4,0.0039,PASS,5.1,204.2,,
128,1920,128,hk_128x128x64,6.0,0.0039,PASS,2.9,208.1,,
128,1920,1024,hk_128x128x64,26.4,0.0078,PASS,22.4,117.7,,
128,2432,128,hk_128x128x64,7.4,0.0039,PASS,3.7,201.8,,
128,2816,128,hk_128x128x64,8.6,0.0039,PASS,4.2,202.8,,
128,2816,256,hk_128x128x64,18.7,0.0039,PASS,8.1,229.9,,
128,2816,1024,hk_128x128x64,38.9,0.0078,PASS,31.6,123.1,,
128,2944,2048,hk_128x128x64,49.5,0.0156,PASS,60.4,82.0,,
128,3200,128,hk_128x128x64,11.8,0.0039,PASS,4.8,245.6,,
128,3328,64,hk_128x128x64,5.8,0.0020,PASS,2.5,232.0,,
128,3456,128,hk_128x128x64,12.9,0.0039,PASS,5.3,243.9,,
128,3456,1024,hk_128x128x64,47.8,0.0078,PASS,41.1,116.4,,
128,3584,64,hk_128x128x64,6.3,0.0020,PASS,2.7,234.9,,
128,3584,2048,hk_128x128x64,56.3,0.0156,PASS,69.2,81.4,,
128,3584,8192,hk_128x128x64,55.1,0.0312,PASS,144.1,38.2,,
128,3840,512,hk_128x128x64,35.7,0.0078,PASS,21.8,163.7,,
128,4096,512,hk_128x128x64,37.4,0.0078,PASS,25.0,149.9,,
128,4096,2048,hk_128x128x64,66.8,0.0078,PASS,73.1,91.4,,
128,4224,64,hk_128x128x64,7.9,0.0020,PASS,3.1,253.5,,
128,4352,64,hk_128x128x64,7.5,0.0020,PASS,3.3,227.3,,
128,4352,128,hk_128x128x64,16.2,0.0039,PASS,6.5,250.5,,
128,4352,512,hk_128x128x64,40.5,0.0078,PASS,26.7,151.6,,
128,4480,2048,hk_128x128x64,75.8,0.0156,PASS,81.4,93.1,,
128,4864,512,hk_128x128x64,49.5,0.0078,PASS,29.3,168.8,,
128,4864,8192,hk_128x128x64,74.7,0.0312,PASS,182.6,40.9,,
128,4992,64,hk_128x128x64,9.6,0.0020,PASS,3.6,265.7,,
128,4992,128,hk_128x128x64,18.2,0.0039,PASS,7.7,236.9,,
128,4992,512,hk_128x128x64,49.8,0.0078,PASS,28.6,173.8,,
128,4992,2048,hk_128x128x64,79.3,0.0156,PASS,89.1,89.0,,
128,5120,256,hk_128x128x64,26.6,0.0039,PASS,15.1,175.8,,
128,5120,1024,hk_128x128x64,70.9,0.0078,PASS,54.6,129.9,,
128,5376,1024,hk_128x128x64,66.9,0.0078,PASS,58.7,114.0,,
128,5632,128,hk_128x128x64,18.7,0.0039,PASS,8.3,226.2,,
128,6016,4096,hk_128x128x64,93.6,0.0156,PASS,135.3,69.2,,
128,6144,64,hk_128x128x64,10.5,0.0020,PASS,4.7,221.1,,
128,6272,1024,hk_128x128x64,82.6,0.0078,PASS,66.3,124.6,,
128,6400,512,hk_128x128x64,58.4,0.0078,PASS,37.1,157.5,,
128,6528,128,hk_128x128x64,22.4,0.0039,PASS,9.7,231.7,,
128,6528,1024,hk_128x128x64,88.4,0.0078,PASS,65.9,134.3,,
128,6656,4096,hk_128x128x64,112.3,0.0156,PASS,154.1,72.9,,
128,7296,64,hk_128x128x64,12.5,0.0020,PASS,5.5,224.6,,
128,7424,64,hk_128x128x64,10.5,0.0020,PASS,5.4,194.3,,
128,7424,2048,hk_128x128x64,113.9,0.0156,PASS,117.5,96.9,,
128,7424,8192,hk_128x128x64,110.9,0.0312,PASS,204.4,54.3,,
128,7808,512,hk_128x128x64,70.4,0.0078,PASS,48.1,146.4,,
128,7808,4096,hk_128x128x64,122.8,0.0156,PASS,167.5,73.3,,
128,8064,4096,hk_128x128x64,131.9,0.0156,PASS,168.0,78.5,,
192,192,64,hk_192x192x64,0.5,0.0020,PASS,0.2,220.7,,
192,192,192,hk_192x192x64,1.3,0.0039,PASS,0.6,198.6,,
192,192,768,hk_192x192x64,2.5,0.0078,PASS,2.5,97.2,,
192,192,3072,hk_192x192x64,3.6,0.0156,PASS,10.2,35.0,,
192,576,3072,hk_192x192x64,10.4,0.0156,PASS,28.0,37.2,,
192,576,6144,hk_192x192x64,8.3,0.0156,PASS,50.7,16.4,,
192,768,64,hk_192x192x64,1.8,0.0020,PASS,0.8,218.3,,
192,768,3072,hk_192x192x64,14.1,0.0156,PASS,33.5,42.1,,
192,960,3072,hk_192x192x64,17.7,0.0156,PASS,43.3,40.9,,
192,1152,192,hk_192x192x64,7.2,0.0039,PASS,4.0,181.8,,
192,1536,64,hk_192x192x64,3.9,0.0020,PASS,1.7,233.1,,
192,1536,1536,hk_192x192x64,24.9,0.0078,PASS,36.2,68.7,,
192,2496,192,hk_192x192x64,15.1,0.0039,PASS,8.5,178.9,,
192,2880,1536,hk_192x192x64,46.4,0.0078,PASS,68.9,67.4,,
192,3072,768,hk_192x192x64,41.0,0.0078,PASS,38.2,107.1,,
192,3072,3072,hk_192x192x64,56.0,0.0156,PASS,97.1,57.7,,
192,3456,1536,hk_192x192x64,53.7,0.0078,PASS,76.3,70.4,,
192,3648,64,hk_192x192x64,9.1,0.0020,PASS,4.0,230.4,,
192,3648,384,hk_192x192x64,28.9,0.0039,PASS,23.9,120.9,,
192,4416,64,hk_192x192x64,11.6,0.0020,PASS,5.2,224.4,,
192,4416,192,hk_192x192x64,24.2,0.0039,PASS,14.5,167.1,,
192,4608,6144,hk_192x192x64,66.6,0.0156,PASS,194.2,34.3,,
192,4800,768,hk_192x192x64,58.9,0.0078,PASS,58.3,101.0,,
192,4992,384,hk_192x192x64,43.9,0.0039,PASS,33.8,130.0,,
192,5184,3072,hk_192x192x64,71.7,0.0156,PASS,140.8,50.9,,
192,5568,3072,hk_192x192x64,71.7,0.0156,PASS,145.0,49.4,,
192,5760,768,hk_192x192x64,70.3,0.0078,PASS,69.9,100.6,,
256,256,1024,hk_128x128x64,7.1,0.0078,PASS,6.0,118.2,,
256,256,1024,hk_256x256x64,3.1,0.0078,PASS,6.0,51.2,,
256,384,64,hk_128x128x64,1.5,0.0020,PASS,0.6,268.8,,
256,512,8192,hk_128x128x64,17.9,0.0312,PASS,68.6,26.2,,
256,512,8192,hk_256x256x64,7.7,0.0312,PASS,68.6,11.2,,
256,768,8192,hk_128x128x64,23.6,0.0312,PASS,90.1,26.2,,
256,768,8192,hk_256x256x64,11.3,0.0312,PASS,90.1,12.6,,
256,1280,64,hk_128x128x64,4.9,0.0020,PASS,1.8,268.1,,
256,1280,64,hk_256x256x64,3.0,0.0020,PASS,1.8,162.8,,
256,1280,1024,hk_128x128x64,34.4,0.0078,PASS,29.5,116.6,,
256,1280,1024,hk_256x256x64,15.3,0.0078,PASS,29.5,51.7,,
256,1408,1024,hk_128x128x64,38.7,0.0078,PASS,33.0,117.4,,
256,1536,512,hk_128x128x64,31.4,0.0078,PASS,18.3,171.5,,
256,1536,512,hk_256x256x64,13.3,0.0078,PASS,18.3,72.9,,
256,1536,1024,hk_128x128x64,40.6,0.0078,PASS,34.6,117.5,,
256,1536,1024,hk_256x256x64,18.5,0.0078,PASS,34.6,53.4,,
256,1920,128,hk_128x128x64,12.7,0.0039,PASS,5.7,223.3,,
256,1920,1024,hk_128x128x64,52.9,0.0078,PASS,43.9,120.6,,
256,1920,8192,hk_128x128x64,59.3,0.0312,PASS,161.3,36.8,,
256,2048,128,hk_128x128x64,15.3,0.0039,PASS,6.1,251.0,,
256,2048,128,hk_256x256x64,8.6,0.0039,PASS,6.1,140.6,,
256,2176,1024,hk_128x128x64,57.0,0.0078,PASS,45.9,124.2,,
256,2176,2048,hk_128x128x64,72.6,0.0156,PASS,83.9,86.5,,
256,2304,2048,hk_128x128x64,77.7,0.0156,PASS,83.5,93.0,,
256,2304,2048,hk_256x256x64,32.5,0.0156,PASS,83.5,39.0,,
256,2432,128,hk_128x128x64,18.9,0.0039,PASS,7.5,251.6,,
256,2432,4096,hk_128x128x64,82.1,0.0156,PASS,129.8,63.3,,
256,2560,128,hk_128x128x64,16.9,0.0039,PASS,7.8,217.8,,
256,2560,128,hk_256x256x64,11.1,0.0039,PASS,7.8,143.5,,
256,2560,512,hk_128x128x64,50.6,0.0078,PASS,30.0,168.8,,
256,2560,512,hk_256x256x64,24.7,0.0078,PASS,30.0,82.3,,
256,2688,64,hk_128x128x64,9.8,0.0020,PASS,4.0,242.0,,
256,2944,64,hk_128x128x64,10.6,0.0020,PASS,4.3,244.1,,
256,3200,512,hk_128x128x64,63.7,0.0078,PASS,37.0,171.9,,
256,3328,128,hk_128x128x64,23.9,0.0039,PASS,10.1,237.3,,
256,3328,128,hk_256x256x64,13.4,0.0039,PASS,10.1,133.3,,
256,3456,1024,hk_128x128x64,82.4,0.0078,PASS,72.9,113.1,,
256,3584,128,hk_128x128x64,25.9,0.0039,PASS,10.1,255.6,,
256,3584,128,hk_256x256x64,12.9,0.0039,PASS,10.1,127.5,,
256,3584,1024,hk_128x128x64,98.9,0.0078,PASS,76.6,129.2,,
256,3584,1024,hk_256x256x64,42.9,0.0078,PASS,76.6,56.0,,
256,3584,8192,hk_128x128x64,107.3,0.0312,PASS,222.7,48.2,,
256,3584,8192,hk_256x256x64,52.7,0.0312,PASS,222.7,23.7,,
256,3712,1024,hk_128x128x64,94.3,0.0078,PASS,78.8,119.5,,
256,3968,256,hk_128x128x64,49.5,0.0039,PASS,23.3,212.2,,
256,4096,64,hk_128x128x64,16.1,0.0020,PASS,6.1,262.5,,
256,4096,64,hk_256x256x64,10.3,0.0020,PASS,6.1,167.3,,
256,4352,64,hk_128x128x64,14.5,0.0020,PASS,6.5,223.1,,
256,4352,64,hk_256x256x64,11.5,0.0020,PASS,6.5,177.5,,
256,4480,1024,hk_128x128x64,119.6,0.0078,PASS,93.6,127.7,,
256,4608,512,hk_128x128x64,88.5,0.0078,PASS,53.8,164.4,,
256,4608,512,hk_256x256x64,43.7,0.0078,PASS,53.8,81.2,,
256,4736,64,hk_128x128x64,16.9,0.0020,PASS,7.2,235.2,,
256,4736,1024,hk_128x128x64,129.1,0.0078,PASS,94.9,136.0,,
256,4864,2048,hk_128x128x64,137.2,0.0156,PASS,148.5,92.4,,
256,4864,2048,hk_256x256x64,65.9,0.0156,PASS,148.5,44.4,,
256,4992,256,hk_128x128x64,53.2,0.0039,PASS,27.9,190.7,,
256,4992,4096,hk_128x128x64,166.6,0.0156,PASS,193.5,86.1,,
256,4992,8192,hk_128x128x64,145.1,0.0312,PASS,235.2,61.7,,
256,5120,128,hk_128x128x64,36.8,0.0039,PASS,15.3,240.6,,
256,5120,128,hk_256x256x64,18.4,0.0039,PASS,15.3,120.5,,
256,5248,512,hk_128x128x64,92.1,0.0078,PASS,58.4,157.6,,
256,5248,8192,hk_128x128x64,153.3,0.0312,PASS,239.6,64.0,,
256,5376,64,hk_128x128x64,17.4,0.0020,PASS,8.3,209.8,,
256,5376,64,hk_256x256x64,14.6,0.0020,PASS,8.3,175.6,,
256,5376,2048,hk_128x128x64,155.5,0.0156,PASS,145.9,106.6,,
256,5376,2048,hk_256x256x64,71.7,0.0156,PASS,145.9,49.1,,
256,5504,2048,hk_128x128x64,160.2,0.0156,PASS,149.3,107.3,,
256,5504,8192,hk_128x128x64,157.0,0.0312,PASS,242.4,64.8,,
256,5632,64,hk_128x128x64,22.2,0.0020,PASS,8.4,265.7,,
256,5632,64,hk_256x256x64,12.0,0.0020,PASS,8.4,143.0,,
256,5632,4096,hk_128x128x64,189.8,0.0156,PASS,196.6,96.5,,
256,5632,4096,hk_256x256x64,82.1,0.0156,PASS,196.6,41.7,,
256,5888,2048,hk_128x128x64,161.7,0.0156,PASS,152.8,105.8,,
256,5888,2048,hk_256x256x64,79.9,0.0156,PASS,152.8,52.3,,
256,6016,1024,hk_128x128x64,150.7,0.0078,PASS,114.2,132.0,,
256,6144,1024,hk_128x128x64,159.4,0.0078,PASS,115.2,138.4,,
256,6144,1024,hk_256x256x64,69.7,0.0078,PASS,115.2,60.5,,
256,6656,1024,hk_128x128x64,156.3,0.0078,PASS,123.4,126.6,,
256,6656,1024,hk_256x256x64,81.0,0.0078,PASS,123.4,65.7,,
256,7296,64,hk_128x128x64,27.1,0.0020,PASS,11.2,242.9,,
256,7296,1024,hk_128x128x64,170.5,0.0078,PASS,132.0,129.2,,
256,7424,4096,hk_128x128x64,235.8,0.0156,PASS,234.1,100.7,,
256,7424,4096,hk_256x256x64,99.8,0.0156,PASS,234.1,42.6,,
256,7552,8192,hk_128x128x64,221.7,0.0312,PASS,290.7,76.3,,
256,7680,256,hk_128x128x64,84.2,0.0039,PASS,44.1,190.8,,
256,7680,256,hk_256x256x64,47.9,0.0039,PASS,44.1,108.5,,
256,7680,1024,hk_128x128x64,178.1,0.0078,PASS,131.4,135.5,,
256,7680,1024,hk_256x256x64,90.6,0.0078,PASS,131.4,68.9,,
256,7808,512,hk_128x128x64,126.9,0.0078,PASS,87.7,144.7,,
256,7808,2048,hk_128x128x64,212.6,0.0156,PASS,188.6,112.7,,
256,7936,512,hk_128x128x64,143.9,0.0078,PASS,84.3,170.7,,
256,7936,512,hk_256x256x64,73.2,0.0078,PASS,84.3,86.8,,
256,7936,4096,hk_128x128x64,247.2,0.0156,PASS,242.0,102.1,,
256,7936,4096,hk_256x256x64,110.3,0.0156,PASS,242.0,45.6,,
256,8064,512,hk_128x128x64,120.5,0.0078,PASS,88.4,136.3,,
256,8192,64,hk_128x128x64,29.2,0.0020,PASS,12.1,241.5,,
256,8192,64,hk_256x256x64,18.4,0.0020,PASS,12.1,151.6,,
256,8192,1024,hk_128x128x64,210.6,0.0078,PASS,141.0,149.3,,
256,8192,1024,hk_256x256x64,95.5,0.0078,PASS,141.0,67.7,,
384,384,8192,hk_128x128x64,17.8,0.0312,PASS,72.0,24.8,,
384,384,8192,hk_192x192x64,12.0,0.0312,PASS,72.0,16.6,,
384,512,128,hk_128x128x64,5.7,0.0039,PASS,2.4,243.4,,
384,576,6144,hk_192x192x64,16.5,0.0156,PASS,85.7,19.3,,
384,640,4096,hk_128x128x64,34.8,0.0156,PASS,69.7,49.9,,
384,768,512,hk_128x128x64,21.5,0.0078,PASS,13.8,156.2,,
384,768,512,hk_192x192x64,17.1,0.0078,PASS,13.8,123.9,,
384,896,64,hk_128x128x64,4.5,0.0020,PASS,2.0,222.3,,
384,896,1024,hk_128x128x64,37.1,0.0078,PASS,31.1,119.4,,
384,960,768,hk_192x192x64,24.9,0.0078,PASS,25.4,97.7,,
384,1024,64,hk_128x128x64,5.8,0.0020,PASS,2.3,253.5,,
384,1024,128,hk_128x128x64,11.6,0.0039,PASS,4.8,241.6,,
384,1152,384,hk_128x128x64,26.8,0.0039,PASS,15.2,175.9,,
384,1152,384,hk_192x192x64,21.7,0.0039,PASS,15.2,142.3,,
384,1152,512,hk_128x128x64,34.3,0.0078,PASS,20.3,169.0,,
384,1152,512,hk_192x192x64,23.3,0.0078,PASS,20.3,114.7,,
384,1408,128,hk_128x128x64,14.1,0.0039,PASS,6.1,230.2,,
384,1408,256,hk_128x128x64,27.1,0.0039,PASS,12.4,218.7,,
384,1408,4096,hk_128x128x64,72.5,0.0156,PASS,119.1,60.8,,
384,1536,6144,hk_128x128x64,62.1,0.0156,PASS,155.5,39.9,,
384,1536,6144,hk_192x192x64,44.3,0.0156,PASS,155.5,28.5,,
384,1664,2048,hk_128x128x64,74.2,0.0156,PASS,94.9,78.2,,
384,1728,64,hk_192x192x64,8.3,0.0020,PASS,3.9,214.9,,
384,1728,3072,hk_192x192x64,49.5,0.0156,PASS,123.8,40.0,,
384,1792,4096,hk_128x128x64,92.3,0.0156,PASS,135.0,68.4,,
384,1792,8192,hk_128x128x64,81.6,0.0312,PASS,200.3,40.7,,
384,1920,768,hk_128x128x64,64.6,0.0078,PASS,49.0,131.9,,
384,1920,768,hk_192x192x64,50.0,0.0078,PASS,49.0,102.2,,
384,2176,512,hk_128x128x64,64.7,0.0078,PASS,37.6,172.0,,
384,2176,4096,hk_128x128x64,110.9,0.0156,PASS,158.6,69.9,,
384,2304,128,hk_128x128x64,26.2,0.0039,PASS,10.6,247.3,,
384,2304,128,hk_192x192x64,20.1,0.0039,PASS,10.6,189.3,,
384,2304,512,hk_128x128x64,64.9,0.0078,PASS,40.0,162.0,,
384,2304,512,hk_192x192x64,49.6,0.0078,PASS,40.0,123.9,,
384,2304,768,hk_128x128x64,83.0,0.0078,PASS,58.6,141.7,,
384,2304,768,hk_192x192x64,59.7,0.0078,PASS,58.6,101.9,,
384,2304,3072,hk_128x128x64,86.9,0.0156,PASS,138.3,62.8,,
384,2304,3072,hk_192x192x64,63.3,0.0156,PASS,138.3,45.8,,
384,2432,2048,hk_128x128x64,107.6,0.0156,PASS,110.0,97.8,,
384,2496,384,hk_192x192x64,43.6,0.0078,PASS,33.0,132.1,,
384,2496,1536,hk_192x192x64,80.2,0.0078,PASS,98.3,81.6,,
384,2496,3072,hk_192x192x64,69.2,0.0156,PASS,132.0,52.4,,
384,2560,64,hk_128x128x64,13.7,0.0020,PASS,5.8,237.4,,
384,2688,192,hk_128x128x64,40.1,0.0039,PASS,17.1,234.5,,
384,2688,192,hk_192x192x64,33.1,0.0039,PASS,17.1,193.4,,
384,2816,4096,hk_128x128x64,144.0,0.0156,PASS,183.2,78.6,,
384,2880,64,hk_192x192x64,13.8,0.0020,PASS,6.8,203.7,,
384,2880,192,hk_192x192x64,33.9,0.0039,PASS,18.0,188.6,,
384,2880,1536,hk_192x192x64,92.6,0.0078,PASS,111.4,83.2,,
384,2880,3072,hk_192x192x64,79.1,0.0156,PASS,156.7,50.5,,
384,2944,64,hk_128x128x64,15.4,0.0020,PASS,6.6,235.4,,
384,2944,8192,hk_128x128x64,133.8,0.0312,PASS,249.2,53.7,,
384,3072,192,hk_128x128x64,45.4,0.0039,PASS,19.2,235.9,,
384,3072,192,hk_192x192x64,37.3,0.0039,PASS,19.2,193.8,,
384,3072,768,hk_128x128x64,108.5,0.0078,PASS,72.0,150.6,,
384,3072,768,hk_192x192x64,79.5,0.0078,PASS,72.0,110.4,,
384,3072,1536,hk_128x128x64,103.9,0.0078,PASS,120.0,86.6,,
384,3072,1536,hk_192x192x64,97.4,0.0078,PASS,120.0,81.2,,
384,3200,128,hk_128x128x64,34.2,0.0039,PASS,14.1,241.5,,
384,3264,1536,hk_192x192x64,102.3,0.0078,PASS,112.4,91.0,,
384,3456,64,hk_128x128x64,20.4,0.0020,PASS,7.5,271.2,,
384,3456,64,hk_192x192x64,17.0,0.0020,PASS,7.5,226.5,,
384,3456,1024,hk_128x128x64,137.0,0.0078,PASS,100.4,136.5,,
384,3456,1024,hk_192x192x64,91.0,0.0078,PASS,100.4,90.7,,
384,3648,6144,hk_192x192x64,107.8,0.0156,PASS,222.6,48.4,,
384,3712,128,hk_128x128x64,40.2,0.0039,PASS,16.1,249.6,,
384,3840,8192,hk_128x128x64,166.2,0.0312,PASS,264.6,62.8,,
384,3840,8192,hk_192x192x64,115.8,0.0312,PASS,264.6,43.8,,
384,3968,256,hk_128x128x64,65.0,0.0039,PASS,34.9,186.1,,
384,3968,8192,hk_128x128x64,170.8,0.0312,PASS,247.6,69.0,,
384,4032,64,hk_192x192x64,20.7,0.0020,PASS,8.9,232.9,,
384,4096,2048,hk_128x128x64,153.8,0.0156,PASS,166.6,92.3,,
384,4352,4096,hk_128x128x64,216.9,0.0156,PASS,222.8,97.4,,
384,4480,1024,hk_128x128x64,166.1,0.0078,PASS,124.8,133.1,,
384,4480,4096,hk_128x128x64,218.4,0.0156,PASS,226.2,96.6,,
384,4608,64,hk_128x128x64,24.2,0.0020,PASS,10.5,230.7,,
384,4608,64,hk_192x192x64,18.0,0.0020,PASS,10.5,171.5,,
384,4608,2048,hk_128x128x64,190.0,0.0156,PASS,182.1,104.3,,
384,4608,2048,hk_192x192x64,148.9,0.0156,PASS,182.1,81.7,,
384,4608,3072,hk_128x128x64,172.1,0.0156,PASS,206.8,83.2,,
384,4608,3072,hk_192x192x64,132.4,0.0156,PASS,206.8,64.0,,
384,4608,4096,hk_128x128x64,224.6,0.0156,PASS,230.7,97.3,,
384,4608,4096,hk_192x192x64,165.3,0.0156,PASS,230.7,71.7,,
384,4736,256,hk_128x128x64,86.0,0.0039,PASS,43.4,198.3,,
384,4736,512,hk_128x128x64,125.7,0.0078,PASS,79.2,158.6,,
384,4864,64,hk_128x128x64,27.6,0.0020,PASS,11.0,250.5,,
384,4864,4096,hk_128x128x64,234.7,0.0156,PASS,237.8,98.7,,
384,4864,8192,hk_128x128x64,200.0,0.0312,PASS,308.9,64.7,,
384,4992,128,hk_128x128x64,48.4,0.0039,PASS,22.1,219.0,,
384,4992,128,hk_192x192x64,34.4,0.0039,PASS,22.1,155.6,,
384,4992,384,hk_128x128x64,111.0,0.0039,PASS,60.0,185.0,,
384,4992,384,hk_192x192x64,85.1,0.0039,PASS,60.0,141.8,,
384,4992,1024,hk_128x128x64,166.2,0.0078,PASS,139.6,119.1,,
384,4992,1024,hk_192x192x64,136.1,0.0078,PASS,139.6,97.5,,
384,4992,6144,hk_128x128x64,193.7,0.0156,PASS,270.4,71.6,,
384,4992,6144,hk_192x192x64,144.1,0.0156,PASS,270.4,53.3,,
384,5184,64,hk_192x192x64,25.5,0.0020,PASS,10.5,242.4,,
384,5184,768,hk_192x192x64,129.5,0.0078,PASS,105.1,123.1,,
384,5248,256,hk_128x128x64,95.1,0.0039,PASS,47.0,202.1,,
384,5248,1024,hk_128x128x64,180.4,0.0078,PASS,137.4,131.3,,
384,5248,8192,hk_128x128x64,224.5,0.0312,PASS,301.6,74.4,,
384,5376,192,hk_128x128x64,75.4,0.0039,PASS,31.2,241.4,,
384,5376,192,hk_192x192x64,56.3,0.0039,PASS,31.2,180.4,,
384,5568,384,hk_192x192x64,82.2,0.0078,PASS,60.8,135.2,,
384,5632,4096,hk_128x128x64,269.8,0.0156,PASS,254.9,105.8,,
384,5760,128,hk_128x128x64,55.9,0.0039,PASS,25.9,215.6,,
384,5760,128,hk_192x192x64,45.7,0.0039,PASS,25.9,176.3,,
384,5888,512,hk_128x128x64,147.7,0.0078,PASS,92.9,159.0,,
384,5888,1024,hk_128x128x64,229.9,0.0078,PASS,151.7,151.6,,
384,5952,6144,hk_192x192x64,170.4,0.0156,PASS,284.4,59.9,,
384,6016,128,hk_128x128x64,58.9,0.0039,PASS,26.4,223.3,,
384,6144,64,hk_128x128x64,32.7,0.0020,PASS,13.3,244.8,,
384,6144,64,hk_192x192x64,24.8,0.0020,PASS,13.3,186.2,,
384,6272,4096,hk_128x128x64,278.8,0.0156,PASS,275.5,101.2,,
384,6400,4096,hk_128x128x64,289.8,0.0156,PASS,286.1,101.3,,
384,6528,8192,hk_128x128x64,263.8,0.0312,PASS,351.0,75.2,,
384,6528,8192,hk_192x192x64,184.8,0.0312,PASS,351.0,52.6,,
384,6656,2048,hk_128x128x64,259.1,0.0156,PASS,222.8,116.3,,
384,6656,8192,hk_128x128x64,289.8,0.0312,PASS,320.4,90.5,,
384,6912,64,hk_128x128x64,32.0,0.0020,PASS,15.5,206.9,,
384,6912,64,hk_192x192x64,28.8,0.0020,PASS,15.5,186.1,,
384,7040,4096,hk_128x128x64,281.6,0.0156,PASS,284.1,99.1,,
384,7040,8192,hk_128x128x64,312.4,0.0312,PASS,332.7,93.9,,
384,7296,64,hk_128x128x64,37.7,0.0020,PASS,15.3,247.1,,
384,7296,64,hk_192x192x64,31.1,0.0020,PASS,15.3,204.1,,
384,7296,4096,hk_128x128x64,307.9,0.0156,PASS,294.3,104.6,,
384,7296,4096,hk_192x192x64,248.2,0.0156,PASS,294.3,84.3,,
384,7424,8192,hk_128x128x64,320.2,0.0312,PASS,340.6,94.0,,
384,7552,256,hk_128x128x64,118.1,0.0039,PASS,62.4,189.3,,
384,7680,128,hk_128x128x64,71.4,0.0039,PASS,32.6,219.0,,
384,7680,128,hk_192x192x64,51.6,0.0039,PASS,32.6,158.3,,
384,7936,512,hk_128x128x64,199.2,0.0078,PASS,109.6,181.8,,
384,8064,64,hk_128x128x64,40.5,0.0020,PASS,17.8,227.9,,
384,8064,64,hk_192x192x64,34.3,0.0020,PASS,17.8,192.8,,
384,8064,512,hk_128x128x64,197.4,0.0078,PASS,120.3,164.1,,
384,8064,512,hk_192x192x64,153.5,0.0078,PASS,120.3,127.6,,
384,8192,64,hk_128x128x64,42.3,0.0020,PASS,17.8,237.0,,
512,512,128,hk_128x128x64,7.9,0.0039,PASS,3.1,252.7,,
512,512,128,hk_256x256x64,4.5,0.0039,PASS,3.1,142.2,,
512,512,2048,hk_128x128x64,34.9,0.0156,PASS,43.5,80.3,,
512,512,2048,hk_256x256x64,14.5,0.0156,PASS,43.5,33.3,,
512,640,64,hk_128x128x64,4.8,0.0020,PASS,1.9,251.7,,
512,768,128,hk_128x128x64,10.2,0.0039,PASS,4.5,225.3,,
512,768,128,hk_256x256x64,6.7,0.0039,PASS,4.5,146.7,,
512,896,256,hk_128x128x64,16.8,0.0039,PASS,10.8,155.8,,
512,896,1024,hk_128x128x64,46.3,0.0078,PASS,42.0,110.1,,
512,1024,1024,hk_128x128x64,53.3,0.0078,PASS,46.2,115.5,,
512,1024,1024,hk_256x256x64,23.9,0.0078,PASS,46.2,51.7,,
512,1024,2048,hk_128x128x64,66.3,0.0156,PASS,74.1,89.6,,
512,1024,2048,hk_256x256x64,29.0,0.0156,PASS,74.1,39.2,,
512,1152,512,hk_128x128x64,46.3,0.0078,PASS,26.8,172.6,,
512,1152,8192,hk_128x128x64,70.8,0.0312,PASS,181.5,39.0,,
512,1280,128,hk_128x128x64,17.7,0.0039,PASS,7.5,235.8,,
512,1280,128,hk_256x256x64,11.1,0.0039,PASS,7.5,148.7,,
512,1408,64,hk_128x128x64,9.8,0.0020,PASS,4.2,234.1,,
512,1408,1024,hk_128x128x64,77.0,0.0078,PASS,55.6,138.4,,
512,1792,4096,hk_128x128x64,122.2,0.0156,PASS,167.4,73.0,,
512,1792,4096,hk_256x256x64,54.0,0.0156,PASS,167.4,32.3,,
512,1920,256,hk_128x128x64,45.3,0.0039,PASS,23.3,194.5,,
512,2048,256,hk_128x128x64,48.8,0.0039,PASS,24.2,201.7,,
512,2048,256,hk_256x256x64,27.5,0.0039,PASS,24.2,113.6,,
512,2048,8192,hk_128x128x64,126.9,0.0312,PASS,235.4,53.9,,
512,2048,8192,hk_256x256x64,61.0,0.0312,PASS,235.4,25.9,,
512,2304,128,hk_128x128x64,31.2,0.0039,PASS,13.2,236.4,,
512,2304,128,hk_256x256x64,20.2,0.0039,PASS,13.2,153.2,,
512,2432,128,hk_128x128x64,35.0,0.0039,PASS,14.2,246.8,,
512,2560,256,hk_128x128x64,58.0,0.0039,PASS,29.6,196.1,,
512,2560,256,hk_256x256x64,34.3,0.0039,PASS,29.6,116.1,,
512,2560,4096,hk_128x128x64,173.0,0.0156,PASS,196.6,88.0,,
512,2560,4096,hk_256x256x64,73.6,0.0156,PASS,196.6,37.4,,
512,2688,64,hk_128x128x64,17.5,0.0020,PASS,7.9,222.7,,
512,2688,256,hk_128x128x64,65.7,0.0039,PASS,31.2,210.7,,
512,2816,64,hk_128x128x64,23.4,0.0020,PASS,8.3,282.6,,
512,2816,64,hk_256x256x64,14.3,0.0020,PASS,8.3,172.5,,
512,2816,128,hk_128x128x64,36.8,0.0039,PASS,16.3,225.5,,
512,2816,128,hk_256x256x64,24.0,0.0039,PASS,16.3,146.7,,
512,2944,64,hk_128x128x64,21.7,0.0020,PASS,8.7,249.6,,
512,3072,128,hk_128x128x64,43.5,0.0039,PASS,16.4,265.2,,
512,3072,128,hk_256x256x64,26.1,0.0039,PASS,16.4,159.2,,
512,3072,8192,hk_128x128x64,181.6,0.0312,PASS,267.8,67.8,,
512,3072,8192,hk_256x256x64,86.2,0.0312,PASS,267.8,32.2,,
512,3456,4096,hk_128x128x64,231.2,0.0156,PASS,231.0,100.1,,
512,3712,1024,hk_128x128x64,178.4,0.0078,PASS,137.6,129.6,,
512,3840,8192,hk_128x128x64,215.4,0.0312,PASS,300.5,71.7,,
512,3840,8192,hk_256x256x64,106.1,0.0312,PASS,300.5,35.3,,
512,3968,128,hk_128x128x64,54.9,0.0039,PASS,23.0,238.4,,
512,3968,4096,hk_128x128x64,251.7,0.0156,PASS,244.3,103.0,,
512,4096,8192,hk_128x128x64,240.4,0.0312,PASS,308.2,78.0,,
512,4096,8192,hk_256x256x64,112.8,0.0312,PASS,308.2,36.6,,
512,4608,4096,hk_128x128x64,276.2,0.0156,PASS,272.6,101.3,,
512,4608,4096,hk_256x256x64,128.2,0.0156,PASS,272.6,47.0,,
512,4736,64,hk_128x128x64,30.6,0.0020,PASS,13.2,232.1,,
512,4736,256,hk_128x128x64,109.4,0.0039,PASS,54.8,199.8,,
512,4736,512,hk_128x128x64,166.8,0.0078,PASS,96.6,172.6,,
512,4736,8192,hk_128x128x64,292.1,0.0312,PASS,327.7,89.1,,
512,4864,1024,hk_128x128x64,218.8,0.0078,PASS,157.4,139.0,,
512,4864,1024,hk_256x256x64,97.2,0.0078,PASS,157.4,61.8,,
512,4992,64,hk_128x128x64,35.1,0.0020,PASS,15.0,233.6,,
512,5120,128,hk_128x128x64,65.6,0.0039,PASS,29.3,224.2,,
512,5120,128,hk_256x256x64,38.2,0.0039,PASS,29.3,130.4,,
512,5120,256,hk_128x128x64,121.1,0.0039,PASS,58.1,208.7,,
512,5120,256,hk_256x256x64,67.2,0.0039,PASS,58.1,115.8,,
512,5248,1024,hk_128x128x64,237.5,0.0078,PASS,158.1,150.2,,
512,5376,64,hk_128x128x64,31.3,0.0020,PASS,15.7,199.4,,
512,5376,64,hk_256x256x64,24.7,0.0020,PASS,15.7,157.4,,
512,5376,128,hk_128x128x64,70.4,0.0039,PASS,31.2,225.5,,
512,5376,128,hk_256x256x64,41.4,0.0039,PASS,31.2,132.6,,
512,5376,1024,hk_128x128x64,255.0,0.0078,PASS,159.9,159.5,,
512,5376,1024,hk_256x256x64,126.6,0.0078,PASS,159.9,79.1,,
512,5376,8192,hk_128x128x64,303.7,0.0312,PASS,322.0,94.3,,
512,5376,8192,hk_256x256x64,134.7,0.0312,PASS,322.0,41.8,,
512,5504,2048,hk_128x128x64,263.8,0.0156,PASS,220.1,119.9,,
512,5632,256,hk_128x128x64,125.5,0.0039,PASS,63.2,198.5,,
512,5632,256,hk_256x256x64,71.0,0.0039,PASS,63.2,112.3,,
512,5632,1024,hk_128x128x64,233.9,0.0078,PASS,168.0,139.2,,
512,5632,1024,hk_256x256x64,133.1,0.0078,PASS,168.0,79.2,,
512,5760,128,hk_128x128x64,73.7,0.0039,PASS,34.0,217.2,,
512,5760,256,hk_128x128x64,119.8,0.0039,PASS,64.4,186.1,,
512,5888,128,hk_128x128x64,75.0,0.0039,PASS,37.1,202.3,,
512,5888,128,hk_256x256x64,48.0,0.0039,PASS,37.1,129.5,,
512,5888,4096,hk_128x128x64,306.9,0.0156,PASS,284.5,107.9,,
512,5888,4096,hk_256x256x64,157.3,0.0156,PASS,284.5,55.3,,
512,5888,8192,hk_128x128x64,323.9,0.0312,PASS,333.9,97.0,,
512,5888,8192,hk_256x256x64,153.1,0.0312,PASS,333.9,45.8,,
512,6016,4096,hk_128x128x64,300.6,0.0156,PASS,276.8,108.6,,
512,6144,512,hk_128x128x64,211.1,0.0078,PASS,123.5,170.9,,
512,6144,512,hk_256x256x64,106.8,0.0078,PASS,123.5,86.5,,
512,6528,8192,hk_128x128x64,347.1,0.0312,PASS,334.9,103.6,,
512,6656,64,hk_128x128x64,46.0,0.0020,PASS,19.7,233.2,,
512,6656,64,hk_256x256x64,28.9,0.0020,PASS,19.7,146.8,,
512,6656,2048,hk_128x128x64,279.7,0.0156,PASS,265.8,105.2,,
512,6656,2048,hk_256x256x64,173.9,0.0156,PASS,265.8,65.4,,
512,6784,512,hk_128x128x64,188.0,0.0078,PASS,132.4,141.9,,
512,6912,256,hk_128x128x64,151.1,0.0039,PASS,72.0,209.9,,
512,6912,256,hk_256x256x64,87.5,0.0039,PASS,72.0,121.5,,
512,7296,64,hk_128x128x64,50.0,0.0020,PASS,21.4,233.4,,
512,7552,64,hk_128x128x64,51.6,0.0020,PASS,22.4,230.6,,
512,7552,8192,hk_128x128x64,366.1,0.0312,PASS,356.5,102.7,,
512,7680,128,hk_128x128x64,77.7,0.0039,PASS,40.8,190.3,,
512,7680,128,hk_256x256x64,51.2,0.0039,PASS,40.8,125.5,,
512,7680,4096,hk_128x128x64,347.2,0.0156,PASS,348.2,99.7,,
512,7680,4096,hk_256x256x64,184.5,0.0156,PASS,348.2,53.0,,
512,7808,64,hk_128x128x64,43.6,0.0020,PASS,18.0,241.9,,
512,7808,8192,hk_128x128x64,367.5,0.0312,PASS,346.9,105.9,,
512,7936,8192,hk_128x128x64,394.1,0.0312,PASS,432.2,91.2,,
512,7936,8192,hk_256x256x64,199.1,0.0312,PASS,432.2,46.1,,
512,8064,64,hk_128x128x64,47.3,0.0020,PASS,19.0,249.2,,
512,8064,8192,hk_128x128x64,362.5,0.0312,PASS,353.9,102.4,,
512,8192,512,hk_128x128x64,230.5,0.0078,PASS,136.0,169.5,,
512,8192,512,hk_256x256x64,118.2,0.0078,PASS,136.0,86.9,,
512,8192,4096,hk_128x128x64,366.4,0.0156,PASS,362.8,101.0,,
512,8192,4096,hk_256x256x64,216.7,0.0156,PASS,362.8,59.7,,
576,576,192,hk_192x192x64,10.3,0.0039,PASS,5.6,182.3,,
576,576,384,hk_192x192x64,15.1,0.0039,PASS,11.3,133.8,,
576,576,3072,hk_192x192x64,23.8,0.0156,PASS,74.3,32.0,,
576,576,6144,hk_192x192x64,24.5,0.0156,PASS,113.7,21.6,,
576,768,768,hk_192x192x64,28.6,0.0078,PASS,29.4,97.4,,
576,768,1536,hk_192x192x64,36.5,0.0078,PASS,55.6,65.6,,
576,1152,3072,hk_192x192x64,46.6,0.0156,PASS,124.6,37.4,,
576,1344,3072,hk_192x192x64,54.4,0.0156,PASS,134.6,40.4,,
576,1344,6144,hk_192x192x64,57.0,0.0156,PASS,175.6,32.5,,
576,1536,3072,hk_192x192x64,62.5,0.0156,PASS,135.5,46.1,,
576,1728,64,hk_192x192x64,11.8,0.0020,PASS,5.9,201.6,,
576,1728,384,hk_192x192x64,47.6,0.0039,PASS,33.1,143.9,,
576,1728,768,hk_192x192x64,66.9,0.0078,PASS,65.4,102.2,,
576,1920,64,hk_192x192x64,13.6,0.0020,PASS,6.2,218.5,,
576,2304,384,hk_192x192x64,63.4,0.0039,PASS,45.6,139.2,,
576,2688,64,hk_192x192x64,19.3,0.0020,PASS,8.6,225.3,,
576,2880,3072,hk_192x192x64,115.5,0.0156,PASS,193.7,59.6,,
576,3072,768,hk_192x192x64,116.9,0.0078,PASS,102.3,114.3,,
576,3072,1536,hk_192x192x64,112.5,0.0156,PASS,154.3,72.9,,
576,3072,3072,hk_192x192x64,124.2,0.0156,PASS,201.8,61.6,,
576,3264,3072,hk_192x192x64,131.7,0.0156,PASS,199.4,66.0,,
576,3648,192,hk_192x192x64,58.8,0.0039,PASS,31.8,185.2,,
576,4032,64,hk_192x192x64,25.0,0.0020,PASS,12.3,202.8,,
576,4032,384,hk_192x192x64,110.2,0.0078,PASS,64.2,171.6,,
576,4224,192,hk_192x192x64,67.0,0.0039,PASS,41.1,163.2,,
576,4416,1536,hk_192x192x64,163.3,0.0156,PASS,175.4,93.1,,
576,4608,3072,hk_192x192x64,187.6,0.0156,PASS,256.2,73.2,,
576,4800,192,hk_192x192x64,72.8,0.0039,PASS,41.0,177.5,,
576,4800,768,hk_192x192x64,165.4,0.0078,PASS,126.9,130.4,,
576,4800,3072,hk_192x192x64,196.2,0.0156,PASS,233.8,83.9,,
576,4992,64,hk_192x192x64,34.2,0.0020,PASS,17.9,190.5,,
576,4992,192,hk_192x192x64,84.4,0.0039,PASS,49.7,169.9,,
576,4992,768,hk_192x192x64,169.9,0.0078,PASS,144.4,117.6,,
576,4992,1536,hk_192x192x64,185.4,0.0156,PASS,207.4,89.4,,
576,5184,768,hk_192x192x64,174.3,0.0078,PASS,136.5,127.7,,
576,5760,64,hk_192x192x64,35.7,0.0020,PASS,20.6,173.8,,
576,5952,384,hk_192x192x64,150.2,0.0039,PASS,91.6,163.9,,
576,5952,1536,hk_192x192x64,222.8,0.0078,PASS,206.4,107.9,,
576,6144,192,hk_192x192x64,91.7,0.0039,PASS,56.1,163.3,,
576,6144,768,hk_192x192x64,186.1,0.0078,PASS,174.1,106.9,,
640,640,64,hk_128x128x64,6.0,0.0020,PASS,2.5,243.8,,
640,640,2048,hk_128x128x64,51.8,0.0156,PASS,67.1,77.3,,
640,640,4096,hk_128x128x64,55.2,0.0156,PASS,97.8,56.4,,
640,768,1024,hk_128x128x64,53.0,0.0078,PASS,47.3,112.1,,
640,1024,128,hk_128x128x64,18.9,0.0039,PASS,7.9,238.3,,
640,1024,256,hk_128x128x64,34.3,0.0039,PASS,15.5,221.0,,
640,1152,512,hk_128x128x64,57.5,0.0078,PASS,35.2,163.5,,
640,1152,4096,hk_128x128x64,98.7,0.0156,PASS,140.0,70.5,,
640,1152,8192,hk_128x128x64,86.4,0.0312,PASS,198.8,43.5,,
640,1280,8192,hk_128x128x64,96.8,0.0312,PASS,219.3,44.1,,
640,1408,64,hk_128x128x64,12.3,0.0020,PASS,5.1,240.3,,
640,1408,512,hk_128x128x64,68.1,0.0078,PASS,41.3,165.0,,
640,1408,2048,hk_128x128x64,103.4,0.0156,PASS,115.8,89.3,,
640,1664,128,hk_128x128x64,30.8,0.0039,PASS,12.4,248.1,,
640,1792,64,hk_128x128x64,17.7,0.0020,PASS,6.7,265.3,,
640,1792,128,hk_128x128x64,33.5,0.0039,PASS,13.4,249.1,,
640,1792,256,hk_128x128x64,51.6,0.0039,PASS,27.0,191.2,,
640,2432,128,hk_128x128x64,45.3,0.0039,PASS,18.1,250.9,,
640,2432,512,hk_128x128x64,115.2,0.0078,PASS,68.1,169.3,,
640,2560,2048,hk_128x128x64,184.6,0.0156,PASS,172.0,107.3,,
640,2688,64,hk_128x128x64,25.2,0.0020,PASS,10.0,252.5,,
640,2816,1024,hk_128x128x64,169.2,0.0078,PASS,120.9,139.9,,
640,2816,2048,hk_128x128x64,198.5,0.0156,PASS,170.2,116.6,,
640,2816,4096,hk_128x128x64,221.4,0.0156,PASS,221.0,100.2,,
640,2816,8192,hk_128x128x64,193.0,0.0312,PASS,304.2,63.4,,
640,2944,1024,hk_128x128x64,155.1,0.0078,PASS,130.9,118.4,,
640,2944,2048,hk_128x128x64,186.5,0.0156,PASS,189.7,98.3,,
640,3072,1024,hk_128x128x64,184.5,0.0078,PASS,134.4,137.2,,
640,3200,256,hk_128x128x64,87.8,0.0039,PASS,48.4,181.4,,
640,3328,256,hk_128x128x64,102.4,0.0039,PASS,48.8,209.9,,
640,3328,512,hk_128x128x64,145.6,0.0078,PASS,91.7,158.8,,
640,3328,2048,hk_128x128x64,228.5,0.0156,PASS,193.6,118.0,,
640,3456,256,hk_128x128x64,102.7,0.0039,PASS,54.2,189.6,,
640,3584,4096,hk_128x128x64,269.6,0.0156,PASS,266.5,101.2,,
640,3840,1024,hk_128x128x64,221.3,0.0078,PASS,156.3,141.6,,
640,3840,2048,hk_128x128x64,253.4,0.0156,PASS,214.8,118.0,,
640,3840,8192,hk_128x128x64,273.7,0.0312,PASS,338.2,80.9,,
640,3968,2048,hk_128x128x64,247.1,0.0156,PASS,228.1,108.3,,
640,3968,8192,hk_128x128x64,269.6,0.0312,PASS,360.8,74.7,,
640,4224,128,hk_128x128x64,63.2,0.0039,PASS,23.9,264.8,,
640,4480,128,hk_128x128x64,67.4,0.0039,PASS,32.8,205.8,,
640,4608,256,hk_128x128x64,125.1,0.0039,PASS,60.3,207.4,,
640,4608,1024,hk_128x128x64,260.2,0.0078,PASS,172.9,150.5,,
640,5248,1024,hk_128x128x64,241.9,0.0078,PASS,193.6,124.9,,
640,5376,64,hk_128x128x64,46.1,0.0020,PASS,20.4,226.4,,
640,5376,2048,hk_128x128x64,281.6,0.0156,PASS,235.9,119.4,,
640,5632,512,hk_128x128x64,218.2,0.0078,PASS,135.7,160.7,,
640,5632,4096,hk_128x128x64,315.1,0.0156,PASS,306.6,102.8,,
640,5760,512,hk_128x128x64,237.0,0.0078,PASS,131.7,179.9,,
640,5760,1024,hk_128x128x64,262.9,0.0078,PASS,202.4,129.9,,
640,5760,4096,hk_128x128x64,332.0,0.0156,PASS,315.2,105.3,,
640,6016,8192,hk_128x128x64,388.2,0.0312,PASS,387.6,100.2,,
640,6144,64,hk_128x128x64,45.9,0.0020,PASS,20.8,220.3,,
640,6272,128,hk_128x128x64,75.5,0.0039,PASS,38.8,194.5,,
640,6272,256,hk_128x128x64,134.1,0.0039,PASS,73.0,183.7,,
640,6272,2048,hk_128x128x64,288.3,0.0156,PASS,283.5,101.7,,
640,6400,512,hk_128x128x64,239.0,0.0078,PASS,148.3,161.2,,
640,6528,64,hk_128x128x64,52.8,0.0020,PASS,23.3,227.0,,
640,6528,256,hk_128x128x64,160.7,0.0039,PASS,86.2,186.4,,
640,6528,512,hk_128x128x64,229.2,0.0078,PASS,147.1,155.8,,
640,6784,2048,hk_128x128x64,305.0,0.0156,PASS,274.1,111.3,,
640,6912,256,hk_128x128x64,166.8,0.0039,PASS,90.6,184.2,,
640,7040,1024,hk_128x128x64,267.8,0.0078,PASS,236.5,113.2,,
640,7168,4096,hk_128x128x64,340.6,0.0156,PASS,345.7,98.5,,
640,7168,8192,hk_128x128x64,432.3,0.0312,PASS,431.2,100.3,,
640,7296,128,hk_128x128x64,85.0,0.0039,PASS,47.1,180.5,,
640,7296,512,hk_128x128x64,223.8,0.0078,PASS,151.1,148.1,,
640,7296,2048,hk_128x128x64,350.7,0.0156,PASS,270.8,129.5,,
640,7296,8192,hk_128x128x64,426.2,0.0312,PASS,428.8,99.4,,
640,7424,128,hk_128x128x64,90.9,0.0039,PASS,47.0,193.4,,
640,7424,256,hk_128x128x64,153.4,0.0039,PASS,88.2,173.8,,
640,7424,512,hk_128x128x64,247.8,0.0078,PASS,155.8,159.1,,
640,7424,1024,hk_128x128x64,280.7,0.0078,PASS,243.4,115.3,,
640,7552,512,hk_128x128x64,235.9,0.0078,PASS,131.0,180.1,,
640,7808,8192,hk_128x128x64,245.6,0.0312,PASS,354.6,69.3,,
640,7936,2048,hk_128x128x64,229.1,0.0156,PASS,323.4,70.8,,
768,768,64,hk_128x128x64,9.3,0.0020,PASS,3.5,264.4,,
768,768,64,hk_192x192x64,6.5,0.0020,PASS,3.5,186.0,,
768,768,64,hk_256x256x64,6.0,0.0020,PASS,3.5,171.1,,
768,768,256,hk_128x128x64,29.2,0.0039,PASS,13.8,211.5,,
768,768,256,hk_192x192x64,21.8,0.0039,PASS,13.8,158.0,,
768,768,256,hk_256x256x64,15.8,0.0039,PASS,13.8,114.5,,
768,768,512,hk_128x128x64,45.2,0.0078,PASS,27.0,167.4,,
768,768,512,hk_192x192x64,32.4,0.0078,PASS,27.0,120.2,,
768,768,512,hk_256x256x64,22.4,0.0078,PASS,27.0,83.0,,
768,768,2048,hk_128x128x64,77.8,0.0156,PASS,86.7,89.7,,
768,768,2048,hk_192x192x64,49.9,0.0156,PASS,86.7,57.5,,
768,768,2048,hk_256x256x64,31.7,0.0156,PASS,86.7,36.5,,
768,768,3072,hk_128x128x64,58.3,0.0156,PASS,103.1,56.5,,
768,768,3072,hk_192x192x64,55.8,0.0156,PASS,103.1,54.1,,
768,768,3072,hk_256x256x64,32.2,0.0156,PASS,103.1,31.2,,
768,1152,384,hk_128x128x64,56.0,0.0039,PASS,30.2,185.1,,
768,1152,384,hk_192x192x64,42.5,0.0039,PASS,30.2,140.4,,
768,1152,6144,hk_128x128x64,92.9,0.0156,PASS,198.3,46.9,,
768,1152,6144,hk_192x192x64,66.2,0.0156,PASS,198.3,33.4,,
768,1280,256,hk_128x128x64,50.4,0.0039,PASS,23.0,219.0,,
768,1280,256,hk_256x256x64,25.5,0.0039,PASS,23.0,110.8,,
768,1280,512,hk_128x128x64,75.8,0.0078,PASS,45.5,166.4,,
768,1280,512,hk_256x256x64,37.9,0.0078,PASS,45.5,83.2,,
768,1280,4096,hk_128x128x64,130.4,0.0156,PASS,169.8,76.8,,
768,1280,4096,hk_256x256x64,57.4,0.0156,PASS,169.8,33.8,,
768,1344,384,hk_192x192x64,50.2,0.0039,PASS,35.6,141.0,,
768,1408,256,hk_128x128x64,52.6,0.0039,PASS,25.7,204.7,,
768,1408,512,hk_128x128x64,71.2,0.0078,PASS,50.7,140.5,,
768,1536,2048,hk_128x128x64,134.9,0.0156,PASS,142.9,94.4,,
768,1536,2048,hk_192x192x64,103.7,0.0156,PASS,142.9,72.6,,
768,1536,2048,hk_256x256x64,63.8,0.0156,PASS,142.9,44.6,,
768,1536,4096,hk_128x128x64,157.0,0.0156,PASS,191.0,82.2,,
768,1536,4096,hk_192x192x64,113.5,0.0156,PASS,191.0,59.4,,
768,1536,4096,hk_256x256x64,69.3,0.0156,PASS,191.0,36.3,,
768,1664,2048,hk_128x128x64,140.7,0.0156,PASS,150.9,93.3,,
768,1792,4096,hk_128x128x64,181.5,0.0156,PASS,197.5,91.9,,
768,1792,4096,hk_256x256x64,78.0,0.0156,PASS,197.5,39.5,,
768,1792,8192,hk_128x128x64,162.0,0.0312,PASS,265.7,61.0,,
768,1792,8192,hk_256x256x64,78.2,0.0312,PASS,265.7,29.4,,
768,1920,512,hk_128x128x64,102.2,0.0078,PASS,66.0,154.8,,
768,1920,512,hk_192x192x64,81.1,0.0078,PASS,66.0,122.8,,
768,2048,1024,hk_128x128x64,160.2,0.0078,PASS,116.8,137.1,,
768,2048,1024,hk_256x256x64,72.1,0.0078,PASS,116.8,61.7,,
768,2048,4096,hk_128x128x64,203.4,0.0156,PASS,221.4,91.9,,
768,2048,4096,hk_256x256x64,91.6,0.0156,PASS,221.4,41.4,,
768,2112,192,hk_192x192x64,48.1,0.0039,PASS,25.5,189.0,,
768,2112,768,hk_192x192x64,108.3,0.0078,PASS,92.4,117.2,,
768,2176,64,hk_128x128x64,23.5,0.0020,PASS,9.2,255.6,,
768,2176,8192,hk_128x128x64,195.7,0.0312,PASS,281.1,69.6,,
768,2304,384,hk_128x128x64,110.3,0.0039,PASS,60.0,183.8,,
768,2304,384,hk_192x192x64,77.4,0.0039,PASS,60.0,129.1,,
768,2304,384,hk_256x256x64,53.6,0.0039,PASS,60.0,89.4,,
768,2304,8192,hk_128x128x64,206.5,0.0312,PASS,291.8,70.8,,
768,2304,8192,hk_192x192x64,140.4,0.0312,PASS,291.8,48.1,,
768,2304,8192,hk_256x256x64,102.2,0.0312,PASS,291.8,35.0,,
768,2432,4096,hk_128x128x64,242.5,0.0156,PASS,238.5,101.7,,
768,2496,768,hk_192x192x64,109.6,0.0078,PASS,99.7,109.9,,
768,2560,64,hk_128x128x64,26.4,0.0020,PASS,11.4,232.1,,
768,2560,64,hk_256x256x64,19.5,0.0020,PASS,11.4,171.7,,
768,2560,128,hk_128x128x64,51.5,0.0039,PASS,22.5,228.7,,
768,2560,128,hk_256x256x64,28.1,0.0039,PASS,22.5,124.7,,
768,2560,256,hk_128x128x64,89.5,0.0039,PASS,45.3,197.6,,
768,2560,256,hk_256x256x64,51.1,0.0039,PASS,45.3,112.8,,
768,2688,768,hk_128x128x64,162.7,0.0078,PASS,122.5,132.9,,
768,2688,768,hk_192x192x64,134.1,0.0078,PASS,122.5,109.4,,
768,2688,2048,hk_128x128x64,214.2,0.0156,PASS,186.9,114.6,,
768,2688,2048,hk_192x192x64,174.6,0.0156,PASS,186.9,93.4,,
768,2816,64,hk_128x128x64,31.0,0.0020,PASS,12.3,251.9,,
768,2816,64,hk_256x256x64,21.2,0.0020,PASS,12.3,172.4,,
768,2944,2048,hk_128x128x64,233.6,0.0156,PASS,207.4,112.6,,
768,3072,192,hk_128x128x64,86.5,0.0039,PASS,39.7,217.7,,
768,3072,192,hk_192x192x64,69.0,0.0039,PASS,39.7,173.7,,
768,3072,192,hk_256x256x64,51.9,0.0039,PASS,39.7,130.6,,
768,3072,6144,hk_128x128x64,246.8,0.0156,PASS,308.7,79.9,,
768,3072,6144,hk_192x192x64,178.7,0.0156,PASS,308.7,57.9,,
768,3072,6144,hk_256x256x64,129.9,0.0156,PASS,308.7,42.1,,
768,3200,1024,hk_128x128x64,226.3,0.0078,PASS,161.8,139.8,,
768,3200,2048,hk_128x128x64,242.3,0.0156,PASS,213.7,113.4,,
768,3200,8192,hk_128x128x64,268.9,0.0312,PASS,315.5,85.3,,
768,3264,384,hk_192x192x64,100.1,0.0078,PASS,66.1,151.4,,
768,3328,256,hk_128x128x64,103.1,0.0039,PASS,55.0,187.5,,
768,3328,256,hk_256x256x64,52.3,0.0039,PASS,55.0,95.2,,
768,3456,1024,hk_128x128x64,241.8,0.0078,PASS,161.0,150.2,,
768,3456,1024,hk_192x192x64,172.9,0.0078,PASS,161.0,107.4,,
768,3456,3072,hk_128x128x64,255.3,0.0156,PASS,255.3,100.0,,
768,3456,3072,hk_192x192x64,198.9,0.0156,PASS,255.3,77.9,,
768,3584,512,hk_128x128x64,190.9,0.0078,PASS,110.7,172.4,,
768,3584,512,hk_256x256x64,99.8,0.0078,PASS,110.7,90.1,,
768,3584,4096,hk_128x128x64,279.8,0.0156,PASS,282.7,99.0,,
768,3584,4096,hk_256x256x64,149.4,0.0156,PASS,282.7,52.9,,
768,3648,64,hk_192x192x64,32.5,0.0020,PASS,14.3,226.8,,
768,3968,64,hk_128x128x64,44.9,0.0020,PASS,16.0,280.3,,
768,3968,256,hk_128x128x64,131.3,0.0039,PASS,69.8,188.1,,
768,4224,3072,hk_128x128x64,272.6,0.0156,PASS,275.0,99.1,,
768,4224,3072,hk_192x192x64,237.2,0.0156,PASS,275.0,86.3,,
768,4352,4096,hk_128x128x64,312.1,0.0156,PASS,295.8,105.5,,
768,4352,4096,hk_256x256x64,177.0,0.0156,PASS,295.8,59.8,,
768,4416,192,hk_192x192x64,80.5,0.0039,PASS,46.4,173.5,,
768,4480,256,hk_128x128x64,149.8,0.0039,PASS,72.4,206.8,,
768,4608,128,hk_128x128x64,74.7,0.0039,PASS,40.3,185.5,,
768,4608,128,hk_192x192x64,71.2,0.0039,PASS,40.3,176.9,,
768,4608,128,hk_256x256x64,54.7,0.0039,PASS,40.3,135.8,,
768,4608,768,hk_128x128x64,236.6,0.0078,PASS,174.0,136.0,,
768,4608,768,hk_192x192x64,188.7,0.0078,PASS,174.0,108.4,,
768,4608,768,hk_256x256x64,139.3,0.0078,PASS,174.0,80.0,,
768,4608,1024,hk_128x128x64,258.3,0.0078,PASS,194.5,132.8,,
768,4608,1024,hk_192x192x64,231.1,0.0078,PASS,194.5,118.8,,
768,4608,1024,hk_256x256x64,156.2,0.0078,PASS,194.5,80.3,,
768,4608,2048,hk_128x128x64,280.1,0.0156,PASS,252.0,111.2,,
768,4608,2048,hk_192x192x64,271.1,0.0156,PASS,252.0,107.6,,
768,4608,2048,hk_256x256x64,179.4,0.0156,PASS,252.0,71.2,,
768,4736,4096,hk_128x128x64,324.3,0.0156,PASS,324.3,100.0,,
768,4736,8192,hk_128x128x64,358.0,0.0312,PASS,419.0,85.4,,
768,4800,64,hk_192x192x64,33.9,0.0020,PASS,15.1,223.7,,
768,4864,256,hk_128x128x64,124.0,0.0039,PASS,69.3,178.9,,
768,4864,256,hk_256x256x64,74.2,0.0039,PASS,69.3,107.0,,
768,4992,64,hk_128x128x64,39.6,0.0020,PASS,20.7,190.9,,
768,4992,64,hk_192x192x64,41.0,0.0020,PASS,20.7,198.0,,
768,5120,128,hk_128x128x64,90.6,0.0039,PASS,45.2,200.4,,
768,5120,128,hk_256x256x64,58.8,0.0039,PASS,45.2,130.0,,
768,5120,4096,hk_128x128x64,317.9,0.0156,PASS,325.2,97.7,,
768,5120,4096,hk_256x256x64,197.4,0.0156,PASS,325.2,60.7,,
768,5184,384,hk_192x192x64,152.8,0.0078,PASS,96.1,159.0,,
768,5184,6144,hk_192x192x64,294.7,0.0312,PASS,343.9,85.7,,
768,5248,128,hk_128x128x64,83.8,0.0039,PASS,43.4,193.2,,
768,5504,64,hk_128x128x64,51.6,0.0020,PASS,24.1,214.1,,
768,5504,4096,hk_128x128x64,330.5,0.0156,PASS,336.4,98.2,,
768,5504,8192,hk_128x128x64,401.9,0.0312,PASS,407.3,98.7,,
768,5568,384,hk_192x192x64,142.0,0.0078,PASS,98.3,144.5,,
768,5632,512,hk_128x128x64,222.7,0.0078,PASS,146.6,151.9,,
768,5632,512,hk_256x256x64,119.0,0.0078,PASS,146.6,81.2,,
768,5632,1024,hk_128x128x64,299.0,0.0078,PASS,228.0,131.1,,
768,5632,1024,hk_256x256x64,181.5,0.0078,PASS,228.0,79.6,,
768,5760,512,hk_128x128x64,238.2,0.0078,PASS,151.1,157.6,,
768,5760,512,hk_192x192x64,200.4,0.0078,PASS,151.1,132.6,,
768,5760,768,hk_128x128x64,271.0,0.0078,PASS,193.0,140.5,,
768,5760,768,hk_192x192x64,220.8,0.0078,PASS,193.0,114.4,,
768,6016,8192,hk_128x128x64,436.1,0.0312,PASS,374.4,116.5,,
768,6144,64,hk_128x128x64,47.0,0.0020,PASS,23.1,204.0,,
768,6144,64,hk_192x192x64,39.1,0.0020,PASS,23.1,169.6,,
768,6144,64,hk_256x256x64,33.5,0.0020,PASS,23.1,145.4,,
768,6144,3072,hk_128x128x64,346.4,0.0156,PASS,360.3,96.1,,
768,6144,3072,hk_192x192x64,332.7,0.0156,PASS,360.3,92.3,,
768,6144,3072,hk_256x256x64,217.2,0.0156,PASS,360.3,60.3,,
768,6272,128,hk_128x128x64,103.2,0.0039,PASS,52.7,195.9,,
768,6400,64,hk_128x128x64,56.1,0.0020,PASS,28.7,195.8,,
768,6400,64,hk_256x256x64,43.8,0.0020,PASS,28.7,153.0,,
768,6528,256,hk_128x128x64,134.4,0.0039,PASS,78.6,171.0,,
768,6528,256,hk_192x192x64,165.7,0.0039,PASS,78.6,210.8,,
768,6656,2048,hk_128x128x64,224.8,0.0156,PASS,270.5,83.1,,
768,6656,2048,hk_256x256x64,251.8,0.0156,PASS,270.5,93.1,,
768,6912,1024,hk_128x128x64,210.3,0.0078,PASS,243.0,86.6,,
768,6912,1024,hk_192x192x64,283.3,0.0078,PASS,243.0,116.6,,
768,6912,1024,hk_256x256x64,214.8,0.0078,PASS,243.0,88.4,,
768,6912,8192,hk_128x128x64,260.6,0.0312,PASS,380.3,68.5,,
768,6912,8192,hk_192x192x64,393.8,0.0312,PASS,380.3,103.5,,
768,6912,8192,hk_256x256x64,250.4,0.0312,PASS,380.3,65.8,,
768,7040,256,hk_128x128x64,126.8,0.0039,PASS,99.3,127.7,,
768,7168,4096,hk_128x128x64,268.0,0.0156,PASS,368.4,72.8,,
768,7168,4096,hk_256x256x64,264.7,0.0156,PASS,368.4,71.9,,
768,7296,4096,hk_128x128x64,274.7,0.0156,PASS,345.5,79.5,,
768,7296,4096,hk_192x192x64,407.0,0.0156,PASS,345.5,117.8,,
768,7424,2048,hk_128x128x64,258.4,0.0156,PASS,332.6,77.7,,
768,7424,2048,hk_256x256x64,238.9,0.0156,PASS,332.6,71.8,,
768,7552,256,hk_128x128x64,143.9,0.0039,PASS,104.9,137.2,,
768,7552,1024,hk_128x128x64,229.4,0.0078,PASS,221.7,103.5,,
768,7552,8192,hk_128x128x64,286.0,0.0312,PASS,397.0,72.0,,
768,7680,128,hk_128x128x64,73.8,0.0039,PASS,57.3,128.8,,
768,7680,128,hk_192x192x64,93.5,0.0039,PASS,57.3,163.2,,
768,7680,128,hk_256x256x64,75.1,0.0039,PASS,57.3,131.2,,
768,7680,512,hk_128x128x64,202.2,0.0078,PASS,180.9,111.8,,
768,7680,512,hk_192x192x64,253.3,0.0078,PASS,180.9,140.1,,
768,7680,512,hk_256x256x64,191.1,0.0078,PASS,180.9,105.7,,
768,7680,8192,hk_128x128x64,282.3,0.0312,PASS,402.5,70.1,,
768,7680,8192,hk_192x192x64,404.0,0.0312,PASS,402.5,100.4,,
768,7680,8192,hk_256x256x64,280.4,0.0312,PASS,402.5,69.7,,
768,7808,64,hk_128x128x64,50.9,0.0020,PASS,23.5,216.2,,
768,7808,2048,hk_128x128x64,266.0,0.0156,PASS,296.4,89.8,,
768,7808,4096,hk_128x128x64,296.8,0.0156,PASS,362.9,81.8,,
768,7936,256,hk_128x128x64,137.8,0.0039,PASS,113.2,121.7,,
768,7936,256,hk_256x256x64,124.1,0.0039,PASS,113.2,109.6,,
768,8064,128,hk_128x128x64,80.0,0.0039,PASS,46.9,170.7,,
768,8064,128,hk_192x192x64,99.9,0.0039,PASS,46.9,213.0,,
768,8064,2048,hk_128x128x64,271.3,0.0156,PASS,288.2,94.1,,
768,8064,2048,hk_192x192x64,348.2,0.0156,PASS,288.2,120.8,,
768,8192,1024,hk_128x128x64,251.9,0.0078,PASS,257.7,97.8,,
768,8192,1024,hk_256x256x64,246.8,0.0078,PASS,257.7,95.8,,
768,8192,4096,hk_128x128x64,309.1,0.0156,PASS,411.8,75.1,,
768,8192,4096,hk_256x256x64,286.6,0.0156,PASS,411.8,69.6,,
768,8192,8192,hk_128x128x64,315.3,0.0312,PASS,451.7,69.8,,
768,8192,8192,hk_256x256x64,296.4,0.0312,PASS,451.7,65.6,,
896,896,1024,hk_128x128x64,73.8,0.0078,PASS,63.5,116.1,,
896,896,8192,hk_128x128x64,86.0,0.0312,PASS,222.0,38.7,,
896,1024,4096,hk_128x128x64,122.0,0.0156,PASS,160.3,76.1,,
896,1152,8192,hk_128x128x64,119.6,0.0312,PASS,235.5,50.8,,
896,1280,1024,hk_128x128x64,116.5,0.0078,PASS,88.6,131.4,,
896,1280,4096,hk_128x128x64,151.6,0.0156,PASS,188.6,80.4,,
896,1408,128,hk_128x128x64,37.8,0.0039,PASS,14.6,258.2,,
896,1664,64,hk_128x128x64,21.1,0.0020,PASS,8.3,255.6,,
896,1792,128,hk_128x128x64,43.9,0.0039,PASS,18.3,239.4,,
896,1920,2048,hk_128x128x64,192.0,0.0156,PASS,167.5,114.6,,
896,1920,8192,hk_128x128x64,193.9,0.0312,PASS,262.2,74.0,,
896,2048,64,hk_128x128x64,26.7,0.0020,PASS,11.1,240.7,,
896,2048,256,hk_128x128x64,81.9,0.0039,PASS,41.5,197.5,,
896,2176,512,hk_128x128x64,137.1,0.0078,PASS,81.8,167.6,,
896,2176,8192,hk_128x128x64,228.2,0.0312,PASS,304.5,74.9,,
896,2432,256,hk_128x128x64,94.9,0.0039,PASS,50.1,189.3,,
896,2560,256,hk_128x128x64,100.4,0.0039,PASS,50.8,197.8,,
896,2688,64,hk_128x128x64,33.3,0.0020,PASS,13.9,239.5,,
896,2688,4096,hk_128x128x64,271.5,0.0156,PASS,265.2,102.4,,
896,3072,4096,hk_128x128x64,299.7,0.0156,PASS,281.3,106.6,,
896,3328,128,hk_128x128x64,71.9,0.0039,PASS,34.1,210.6,,
896,3328,1024,hk_128x128x64,229.3,0.0078,PASS,175.8,130.4,,
896,3712,64,hk_128x128x64,44.1,0.0020,PASS,18.7,235.5,,
896,3712,256,hk_128x128x64,137.6,0.0039,PASS,72.5,189.9,,
896,3840,4096,hk_128x128x64,315.3,0.0156,PASS,308.0,102.4,,
896,3840,8192,hk_128x128x64,338.3,0.0312,PASS,397.2,85.2,,
896,4096,128,hk_128x128x64,71.4,0.0039,PASS,38.7,184.6,,
896,4096,512,hk_128x128x64,191.8,0.0078,PASS,122.4,156.8,,
896,4352,128,hk_128x128x64,82.4,0.0039,PASS,40.2,205.1,,
896,4352,256,hk_128x128x64,144.6,0.0039,PASS,72.6,199.3,,
896,4480,512,hk_128x128x64,240.7,0.0078,PASS,120.1,200.5,,
896,4480,4096,hk_128x128x64,318.6,0.0156,PASS,326.5,97.6,,
896,4608,8192,hk_128x128x64,397.1,0.0312,PASS,416.4,95.4,,
896,4736,512,hk_128x128x64,214.9,0.0078,PASS,142.2,151.2,,
896,4992,1024,hk_128x128x64,291.8,0.0078,PASS,225.9,129.2,,
896,5248,256,hk_128x128x64,167.3,0.0039,PASS,87.2,191.7,,
896,5504,2048,hk_128x128x64,331.1,0.0156,PASS,308.2,107.4,,
896,5632,64,hk_128x128x64,48.0,0.0020,PASS,27.1,176.9,,
896,5632,512,hk_128x128x64,173.9,0.0078,PASS,155.7,111.7,,
896,5632,8192,hk_128x128x64,241.8,0.0312,PASS,367.9,65.7,,
896,5760,1024,hk_128x128x64,201.5,0.0078,PASS,238.2,84.6,,
896,5760,4096,hk_128x128x64,251.2,0.0156,PASS,318.9,78.8,,
896,5888,512,hk_128x128x64,172.0,0.0078,PASS,165.5,103.9,,
896,6016,4096,hk_128x128x64,265.5,0.0156,PASS,342.6,77.5,,
896,6144,512,hk_128x128x64,181.7,0.0078,PASS,169.9,106.9,,
896,6400,128,hk_128x128x64,79.7,0.0039,PASS,55.4,143.7,,
896,6400,8192,hk_128x128x64,283.2,0.0312,PASS,403.3,70.2,,
896,6656,64,hk_128x128x64,47.2,0.0020,PASS,28.9,163.6,,
896,6656,128,hk_128x128x64,79.1,0.0039,PASS,55.5,142.5,,
896,6656,256,hk_128x128x64,148.2,0.0039,PASS,101.1,146.5,,
896,6784,1024,hk_128x128x64,240.0,0.0078,PASS,241.8,99.2,,
896,6912,256,hk_128x128x64,153.9,0.0039,PASS,111.6,137.9,,
896,6912,4096,hk_128x128x64,304.8,0.0156,PASS,337.1,90.4,,
896,7168,512,hk_128x128x64,205.6,0.0078,PASS,185.2,111.0,,
896,7168,2048,hk_128x128x64,287.7,0.0156,PASS,340.6,84.5,,
896,7296,128,hk_128x128x64,92.6,0.0039,PASS,64.6,143.2,,
896,7296,8192,hk_128x128x64,318.1,0.0312,PASS,382.1,83.2,,
896,7424,1024,hk_128x128x64,253.6,0.0078,PASS,277.2,91.5,,
896,7680,4096,hk_128x128x64,333.9,0.0156,PASS,402.0,83.0,,
896,7808,64,hk_128x128x64,52.4,0.0020,PASS,24.8,211.7,,
896,7936,128,hk_128x128x64,89.9,0.0039,PASS,63.9,140.6,,
896,8064,256,hk_128x128x64,178.8,0.0039,PASS,83.5,214.1,,
896,8064,2048,hk_128x128x64,307.7,0.0156,PASS,303.6,101.4,,
896,8192,256,hk_128x128x64,179.8,0.0039,PASS,126.8,141.8,,
960,1152,6144,hk_192x192x64,80.4,0.0156,PASS,221.3,36.3,,
960,1344,6144,hk_192x192x64,97.1,0.0156,PASS,226.7,42.8,,
960,1536,768,hk_192x192x64,90.9,0.0078,PASS,89.2,101.9,,
960,1920,3072,hk_192x192x64,129.2,0.0156,PASS,210.8,61.3,,
960,2112,768,hk_192x192x64,130.3,0.0078,PASS,103.0,126.6,,
960,2112,3072,hk_192x192x64,142.7,0.0156,PASS,211.2,67.6,,
960,2304,64,hk_192x192x64,28.7,0.0020,PASS,12.7,226.7,,
960,2304,3072,hk_192x192x64,154.2,0.0156,PASS,235.7,65.4,,
960,2304,6144,hk_192x192x64,160.7,0.0156,PASS,284.4,56.5,,
960,2688,1536,hk_192x192x64,148.3,0.0078,PASS,203.0,73.1,,
960,3072,384,hk_192x192x64,129.1,0.0039,PASS,92.8,139.1,,
960,3072,6144,hk_192x192x64,213.7,0.0312,PASS,326.4,65.5,,
960,3264,64,hk_192x192x64,34.5,0.0020,PASS,14.4,239.3,,
960,3456,64,hk_192x192x64,35.8,0.0020,PASS,18.1,198.2,,
960,3456,192,hk_192x192x64,87.8,0.0039,PASS,51.7,169.8,,
960,3456,3072,hk_192x192x64,235.8,0.0156,PASS,279.7,84.3,,
960,3648,768,hk_192x192x64,187.0,0.0078,PASS,150.0,124.7,,
960,3648,1536,hk_192x192x64,213.8,0.0078,PASS,214.4,99.7,,
960,3840,1536,hk_192x192x64,228.8,0.0156,PASS,231.8,98.7,,
960,4032,6144,hk_192x192x64,281.9,0.0312,PASS,310.9,90.7,,
960,4224,1536,hk_192x192x64,244.2,0.0078,PASS,243.1,100.4,,
960,4416,1536,hk_192x192x64,255.2,0.0078,PASS,231.5,110.2,,
960,4416,6144,hk_192x192x64,295.6,0.0312,PASS,360.4,82.0,,
960,4608,1536,hk_192x192x64,241.6,0.0078,PASS,268.6,90.0,,
960,4992,384,hk_192x192x64,166.9,0.0078,PASS,125.2,133.3,,
960,4992,768,hk_192x192x64,239.5,0.0078,PASS,212.4,112.7,,
960,5184,64,hk_192x192x64,50.7,0.0020,PASS,20.4,248.1,,
960,5184,1536,hk_192x192x64,280.4,0.0156,PASS,219.8,127.6,,
960,5376,64,hk_192x192x64,52.5,0.0020,PASS,29.5,178.3,,
960,5760,1536,hk_192x192x64,301.2,0.0156,PASS,277.5,108.5,,
1024,1024,256,hk_128x128x64,49.2,0.0039,PASS,23.7,207.6,,
1024,1024,256,hk_256x256x64,28.2,0.0039,PASS,23.7,118.8,,
1024,1024,1024,hk_128x128x64,106.2,0.0078,PASS,61.6,172.4,,
1024,1024,1024,hk_256x256x64,45.4,0.0078,PASS,61.6,73.7,,
1024,1024,8192,hk_128x128x64,122.6,0.0312,PASS,235.1,52.2,,
1024,1024,8192,hk_256x256x64,59.3,0.0312,PASS,235.1,25.2,,
1024,1152,256,hk_128x128x64,54.1,0.0039,PASS,13.8,392.7,,
1024,1152,512,hk_128x128x64,88.8,0.0078,PASS,51.8,171.4,,
1024,1152,1024,hk_128x128x64,122.6,0.0078,PASS,92.9,132.1,,
1024,1408,128,hk_128x128x64,39.9,0.0039,PASS,16.7,239.6,,
1024,1536,4096,hk_128x128x64,208.7,0.0156,PASS,211.3,98.8,,
1024,1536,4096,hk_256x256x64,90.5,0.0156,PASS,211.3,42.8,,
1024,1664,4096,hk_128x128x64,218.7,0.0156,PASS,219.0,99.9,,
1024,1792,8192,hk_128x128x64,194.4,0.0312,PASS,289.8,67.1,,
1024,1792,8192,hk_256x256x64,100.2,0.0312,PASS,289.8,34.6,,
1024,1920,256,hk_128x128x64,91.6,0.0039,PASS,44.5,206.1,,
1024,1920,2048,hk_128x128x64,207.1,0.0156,PASS,194.7,106.4,,
1024,1920,8192,hk_128x128x64,220.8,0.0312,PASS,284.0,77.8,,
1024,2048,2048,hk_128x128x64,223.5,0.0156,PASS,201.6,110.9,,
1024,2048,2048,hk_256x256x64,96.6,0.0156,PASS,201.6,47.9,,
1024,2048,4096,hk_128x128x64,254.6,0.0156,PASS,265.9,95.8,,
1024,2048,4096,hk_256x256x64,120.3,0.0156,PASS,265.9,45.2,,
1024,2176,64,hk_128x128x64,32.2,0.0020,PASS,11.5,279.6,,
1024,2176,128,hk_128x128x64,59.2,0.0039,PASS,25.2,234.8,,
1024,2176,1024,hk_128x128x64,222.2,0.0078,PASS,148.0,150.1,,
1024,2304,256,hk_128x128x64,107.2,0.0039,PASS,54.3,197.5,,
1024,2304,256,hk_256x256x64,55.7,0.0039,PASS,54.3,102.6,,
1024,2432,128,hk_128x128x64,66.9,0.0039,PASS,29.3,228.6,,
1024,2560,128,hk_128x128x64,73.7,0.0039,PASS,30.3,243.0,,
1024,2560,128,hk_256x256x64,43.4,0.0039,PASS,30.3,142.9,,
1024,2560,512,hk_128x128x64,182.9,0.0078,PASS,101.5,180.1,,
1024,2560,512,hk_256x256x64,95.8,0.0078,PASS,101.5,94.3,,
1024,2560,1024,hk_128x128x64,246.9,0.0078,PASS,148.6,166.2,,
1024,2560,1024,hk_256x256x64,121.5,0.0078,PASS,148.6,81.8,,
1024,2816,64,hk_128x128x64,37.8,0.0020,PASS,16.7,226.3,,
1024,2816,64,hk_256x256x64,27.3,0.0020,PASS,16.7,163.4,,
1024,2816,256,hk_128x128x64,118.0,0.0039,PASS,64.8,182.1,,
1024,2816,256,hk_256x256x64,71.0,0.0039,PASS,64.8,109.6,,
1024,2816,512,hk_128x128x64,195.2,0.0078,PASS,111.2,175.5,,
1024,2816,512,hk_256x256x64,104.5,0.0078,PASS,111.2,94.0,,
1024,2944,2048,hk_128x128x64,265.0,0.0156,PASS,223.9,118.4,,
1024,2944,8192,hk_128x128x64,319.1,0.0312,PASS,350.0,91.2,,
1024,3200,128,hk_128x128x64,70.3,0.0039,PASS,35.6,197.4,,
1024,3200,1024,hk_128x128x64,247.2,0.0078,PASS,187.6,131.8,,
1024,3328,128,hk_128x128x64,73.8,0.0039,PASS,36.5,202.3,,
1024,3328,128,hk_256x256x64,47.7,0.0039,PASS,36.5,130.6,,
1024,3328,256,hk_128x128x64,138.9,0.0039,PASS,71.0,195.6,,
1024,3328,256,hk_256x256x64,77.0,0.0039,PASS,71.0,108.4,,
1024,3328,4096,hk_128x128x64,307.6,0.0156,PASS,310.7,99.0,,
1024,3328,4096,hk_256x256x64,166.9,0.0156,PASS,310.7,53.7,,
1024,3328,8192,hk_128x128x64,356.8,0.0312,PASS,368.5,96.8,,
1024,3328,8192,hk_256x256x64,166.2,0.0312,PASS,368.5,45.1,,
1024,3456,64,hk_128x128x64,41.2,0.0020,PASS,20.0,205.8,,
1024,3456,1024,hk_128x128x64,257.6,0.0078,PASS,188.5,136.7,,
1024,3456,4096,hk_128x128x64,311.9,0.0156,PASS,302.8,103.0,,
1024,3584,256,hk_128x128x64,153.2,0.0039,PASS,72.7,210.7,,
1024,3584,256,hk_256x256x64,84.2,0.0039,PASS,72.7,115.8,,
1024,3712,1024,hk_128x128x64,268.9,0.0078,PASS,209.2,128.5,,
1024,3840,128,hk_128x128x64,94.0,0.0039,PASS,42.6,221.0,,
1024,3840,128,hk_256x256x64,61.0,0.0039,PASS,42.6,143.4,,
1024,3840,2048,hk_128x128x64,280.7,0.0156,PASS,263.8,106.4,,
1024,3840,2048,hk_256x256x64,188.0,0.0156,PASS,263.8,71.2,,
1024,4096,2048,hk_128x128x64,324.1,0.0156,PASS,275.2,117.8,,
1024,4096,2048,hk_256x256x64,206.2,0.0156,PASS,275.2,74.9,,
1024,4096,8192,hk_128x128x64,393.1,0.0312,PASS,367.7,106.9,,
1024,4096,8192,hk_256x256x64,206.3,0.0312,PASS,367.7,56.1,,
1024,4224,8192,hk_128x128x64,386.6,0.0312,PASS,369.2,104.7,,
1024,4352,2048,hk_128x128x64,354.7,0.0156,PASS,312.8,113.4,,
1024,4352,2048,hk_256x256x64,160.9,0.0156,PASS,312.8,51.4,,
1024,4480,8192,hk_128x128x64,399.6,0.0312,PASS,400.8,99.7,,
1024,4608,128,hk_128x128x64,87.5,0.0039,PASS,49.1,178.2,,
1024,4608,128,hk_256x256x64,54.6,0.0039,PASS,49.1,111.3,,
1024,4864,512,hk_128x128x64,240.6,0.0078,PASS,163.0,147.6,,
1024,4864,512,hk_256x256x64,133.4,0.0078,PASS,163.0,81.9,,
1024,4864,4096,hk_128x128x64,353.0,0.0156,PASS,364.1,96.9,,
1024,4864,4096,hk_256x256x64,234.2,0.0156,PASS,364.1,64.3,,
1024,4992,4096,hk_128x128x64,253.3,0.0156,PASS,331.2,76.5,,
1024,5120,512,hk_128x128x64,176.8,0.0078,PASS,160.5,110.2,,
1024,5120,512,hk_256x256x64,160.9,0.0078,PASS,160.5,100.3,,
1024,5248,2048,hk_128x128x64,237.4,0.0156,PASS,289.2,82.1,,
1024,5376,64,hk_128x128x64,51.5,0.0020,PASS,29.0,177.5,,
1024,5376,64,hk_256x256x64,48.4,0.0020,PASS,29.0,166.9,,
1024,5632,64,hk_128x128x64,50.8,0.0020,PASS,30.8,165.0,,
1024,5632,64,hk_256x256x64,51.3,0.0020,PASS,30.8,166.7,,
1024,5632,128,hk_128x128x64,95.8,0.0039,PASS,59.3,161.5,,
1024,5632,128,hk_256x256x64,84.4,0.0039,PASS,59.3,142.3,,
1024,5632,1024,hk_128x128x64,227.0,0.0078,PASS,221.0,102.7,,
1024,5632,1024,hk_256x256x64,248.8,0.0078,PASS,221.0,112.6,,
1024,5632,8192,hk_128x128x64,281.3,0.0312,PASS,379.8,74.0,,
1024,5632,8192,hk_256x256x64,281.4,0.0312,PASS,379.8,74.1,,
1024,5888,64,hk_128x128x64,50.8,0.0020,PASS,30.7,165.8,,
1024,5888,64,hk_256x256x64,48.9,0.0020,PASS,30.7,159.3,,
1024,5888,256,hk_128x128x64,147.8,0.0039,PASS,109.7,134.7,,
1024,5888,256,hk_256x256x64,133.4,0.0039,PASS,109.7,121.6,,
1024,6272,8192,hk_128x128x64,318.1,0.0312,PASS,392.8,81.0,,
1024,6528,256,hk_128x128x64,140.3,0.0039,PASS,87.1,161.0,,
1024,6528,4096,hk_128x128x64,324.3,0.0156,PASS,382.1,84.9,,
1024,6656,2048,hk_128x128x64,306.0,0.0156,PASS,353.7,86.5,,
1024,6656,2048,hk_256x256x64,283.8,0.0156,PASS,353.7,80.2,,
1024,6784,512,hk_128x128x64,228.3,0.0078,PASS,148.9,153.4,,
1024,6784,1024,hk_128x128x64,276.4,0.0156,PASS,224.4,123.2,,
1024,7296,128,hk_128x128x64,111.9,0.0039,PASS,53.9,207.4,,
1024,7424,64,hk_128x128x64,68.2,0.0020,PASS,39.7,171.7,,
1024,7424,64,hk_256x256x64,57.1,0.0020,PASS,39.7,143.6,,
1024,7424,1024,hk_128x128x64,278.8,0.0078,PASS,254.5,109.5,,
1024,7424,1024,hk_256x256x64,283.0,0.0078,PASS,254.5,111.2,,
1024,7424,8192,hk_128x128x64,354.8,0.0312,PASS,415.4,85.4,,
1024,7424,8192,hk_256x256x64,325.6,0.0312,PASS,415.4,78.4,,
1024,7680,128,hk_128x128x64,103.5,0.0039,PASS,71.1,145.5,,
1024,7680,128,hk_256x256x64,92.7,0.0039,PASS,71.1,130.3,,
1024,7808,128,hk_128x128x64,119.9,0.0039,PASS,52.9,226.9,,
1024,7936,256,hk_128x128x64,185.7,0.0039,PASS,137.8,134.7,,
1024,7936,256,hk_256x256x64,175.3,0.0039,PASS,137.8,127.2,,
1024,8064,1024,hk_128x128x64,289.2,0.0078,PASS,237.6,121.7,,
1024,8064,2048,hk_128x128x64,330.5,0.0156,PASS,328.3,100.7,,
1024,8064,8192,hk_128x128x64,373.7,0.0312,PASS,481.5,77.6,,
1024,8192,128,hk_128x128x64,93.0,0.0039,PASS,69.7,133.4,,
1024,8192,128,hk_256x256x64,82.9,0.0039,PASS,69.7,118.9,,
1024,8192,2048,hk_128x128x64,364.4,0.0156,PASS,414.3,88.0,,
1024,8192,2048,hk_256x256x64,348.6,0.0156,PASS,414.3,84.1,,
1024,8192,4096,hk_128x128x64,407.7,0.0156,PASS,456.7,89.3,,
1024,8192,4096,hk_256x256x64,330.6,0.0156,PASS,456.7,72.4,,
1152,1152,1536,hk_128x128x64,101.5,0.0156,PASS,123.4,82.3,,
1152,1152,1536,hk_192x192x64,80.7,0.0156,PASS,123.4,65.4,,
1152,1280,2048,hk_128x128x64,164.8,0.0156,PASS,149.3,110.4,,
1152,1408,8192,hk_128x128x64,193.2,0.0312,PASS,278.7,69.3,,
1152,1536,4096,hk_128x128x64,222.0,0.0156,PASS,229.2,96.8,,
1152,1536,4096,hk_192x192x64,159.1,0.0156,PASS,229.2,69.4,,
1152,1664,64,hk_128x128x64,26.8,0.0020,PASS,11.3,236.6,,
1152,1664,128,hk_128x128x64,52.8,0.0039,PASS,21.8,241.7,,
1152,1664,1024,hk_128x128x64,183.1,0.0078,PASS,130.3,140.6,,
1152,1664,4096,hk_128x128x64,230.2,0.0156,PASS,235.5,97.8,,
1152,1792,512,hk_128x128x64,154.0,0.0078,PASS,88.0,175.1,,
1152,1792,2048,hk_128x128x64,216.1,0.0156,PASS,189.8,113.8,,
1152,1920,768,hk_128x128x64,199.1,0.0078,PASS,119.2,167.0,,
1152,1920,768,hk_192x192x64,145.2,0.0078,PASS,119.2,121.8,,
1152,2048,2048,hk_128x128x64,233.6,0.0156,PASS,197.9,118.1,,
1152,2112,6144,hk_192x192x64,178.7,0.0312,PASS,280.0,63.8,,
1152,2176,64,hk_128x128x64,35.2,0.0020,PASS,14.3,245.6,,
1152,2176,8192,hk_128x128x64,278.5,0.0312,PASS,306.8,90.8,,
1152,2304,512,hk_128x128x64,163.7,0.0078,PASS,106.2,154.2,,
1152,2304,512,hk_192x192x64,123.1,0.0078,PASS,106.2,115.9,,
1152,2304,768,hk_128x128x64,215.4,0.0078,PASS,135.2,159.3,,
1152,2304,768,hk_192x192x64,154.5,0.0078,PASS,135.2,114.3,,
1152,2304,1024,hk_128x128x64,230.5,0.0078,PASS,164.7,139.9,,
1152,2304,1024,hk_192x192x64,182.6,0.0078,PASS,164.7,110.9,,
1152,2304,4096,hk_128x128x64,279.2,0.0156,PASS,268.9,103.8,,
1152,2304,4096,hk_192x192x64,242.6,0.0156,PASS,268.9,90.2,,
1152,2304,6144,hk_128x128x64,262.0,0.0156,PASS,308.5,84.9,,
1152,2304,6144,hk_192x192x64,189.5,0.0156,PASS,308.5,61.4,,
1152,2432,512,hk_128x128x64,183.3,0.0078,PASS,104.9,174.7,,
1152,2496,768,hk_192x192x64,158.9,0.0078,PASS,128.6,123.6,,
1152,2688,768,hk_128x128x64,233.5,0.0078,PASS,156.7,149.0,,
1152,2688,768,hk_192x192x64,187.9,0.0078,PASS,156.7,119.9,,
1152,2688,4096,hk_128x128x64,295.2,0.0156,PASS,294.2,100.4,,
1152,2688,4096,hk_192x192x64,272.6,0.0156,PASS,294.2,92.7,,
1152,2688,8192,hk_128x128x64,331.6,0.0312,PASS,362.1,91.6,,
1152,2688,8192,hk_192x192x64,221.2,0.0312,PASS,362.1,61.1,,
1152,2816,64,hk_128x128x64,41.5,0.0020,PASS,17.9,231.6,,
1152,2816,128,hk_128x128x64,74.0,0.0039,PASS,35.1,210.7,,
1152,2816,256,hk_128x128x64,130.4,0.0039,PASS,66.5,196.1,,
1152,2816,2048,hk_128x128x64,271.2,0.0156,PASS,243.2,111.5,,
1152,2880,384,hk_192x192x64,148.6,0.0039,PASS,87.4,170.0,,
1152,2880,768,hk_192x192x64,192.3,0.0078,PASS,146.4,131.3,,
1152,2944,256,hk_128x128x64,110.5,0.0039,PASS,72.9,151.5,,
1152,2944,1024,hk_128x128x64,251.7,0.0078,PASS,190.7,132.0,,
1152,3072,128,hk_128x128x64,87.5,0.0039,PASS,40.5,216.1,,
1152,3072,128,hk_192x192x64,70.4,0.0039,PASS,40.5,173.9,,
1152,3072,1024,hk_128x128x64,238.4,0.0078,PASS,194.9,122.3,,
1152,3072,1024,hk_192x192x64,227.7,0.0078,PASS,194.9,116.8,,
1152,3200,512,hk_128x128x64,220.8,0.0078,PASS,134.9,163.7,,
1152,3200,1024,hk_128x128x64,256.7,0.0078,PASS,199.9,128.4,,
1152,3264,64,hk_192x192x64,41.6,0.0020,PASS,18.1,230.3,,
1152,3584,256,hk_128x128x64,174.0,0.0039,PASS,82.5,211.0,,
1152,3712,1024,hk_128x128x64,267.5,0.0078,PASS,207.6,128.8,,
1152,3840,1024,hk_128x128x64,282.7,0.0078,PASS,218.0,129.6,,
1152,3840,1024,hk_192x192x64,251.5,0.0078,PASS,218.0,115.3,,
1152,3840,1536,hk_128x128x64,288.2,0.0156,PASS,254.7,113.2,,
1152,3840,1536,hk_192x192x64,267.7,0.0156,PASS,254.7,105.1,,
1152,3840,4096,hk_128x128x64,373.5,0.0156,PASS,337.0,110.8,,
1152,3840,4096,hk_192x192x64,313.5,0.0156,PASS,337.0,93.0,,
1152,3968,2048,hk_128x128x64,371.0,0.0156,PASS,312.1,118.9,,
1152,4032,768,hk_192x192x64,185.7,0.0078,PASS,167.0,111.2,,
1152,4032,1536,hk_192x192x64,258.3,0.0078,PASS,254.2,101.6,,
1152,4096,64,hk_128x128x64,51.9,0.0020,PASS,25.3,205.3,,
1152,4096,512,hk_128x128x64,238.0,0.0078,PASS,152.0,156.6,,
1152,4224,192,hk_128x128x64,155.7,0.0039,PASS,75.6,206.0,,
1152,4224,192,hk_192x192x64,129.6,0.0039,PASS,75.6,171.5,,
1152,4352,64,hk_128x128x64,51.6,0.0020,PASS,26.8,192.4,,
1152,4416,64,hk_192x192x64,54.8,0.0020,PASS,21.6,254.3,,
1152,4416,6144,hk_192x192x64,348.7,0.0156,PASS,339.5,102.7,,
1152,4480,64,hk_128x128x64,40.1,0.0020,PASS,20.0,200.3,,
1152,4480,2048,hk_128x128x64,234.6,0.0156,PASS,309.5,75.8,,
1152,4608,1024,hk_128x128x64,209.8,0.0078,PASS,242.5,86.5,,
1152,4608,1024,hk_192x192x64,296.1,0.0078,PASS,242.5,122.1,,
1152,4608,2048,hk_128x128x64,236.0,0.0156,PASS,302.6,78.0,,
1152,4608,2048,hk_192x192x64,327.8,0.0156,PASS,302.6,108.3,,
1152,4736,1024,hk_128x128x64,216.7,0.0078,PASS,229.3,94.5,,
1152,4800,192,hk_192x192x64,128.0,0.0039,PASS,65.3,196.1,,
1152,4864,64,hk_128x128x64,54.0,0.0020,PASS,31.2,173.1,,
1152,4992,1536,hk_128x128x64,223.2,0.0078,PASS,247.3,90.3,,
1152,4992,1536,hk_192x192x64,307.7,0.0078,PASS,247.3,124.4,,
1152,5248,512,hk_128x128x64,201.0,0.0078,PASS,171.7,117.0,,
1152,5248,1024,hk_128x128x64,233.6,0.0078,PASS,211.2,110.6,,
1152,5376,2048,hk_128x128x64,273.7,0.0156,PASS,317.3,86.3,,
1152,5376,2048,hk_192x192x64,355.3,0.0156,PASS,317.3,112.0,,
1152,5376,6144,hk_128x128x64,282.7,0.0156,PASS,413.4,68.4,,
1152,5376,6144,hk_192x192x64,398.5,0.0156,PASS,413.4,96.4,,
1152,5504,1024,hk_128x128x64,247.6,0.0078,PASS,226.3,109.4,,
1152,5568,768,hk_192x192x64,277.6,0.0078,PASS,201.0,138.1,,
1152,5568,1536,hk_192x192x64,333.9,0.0156,PASS,276.5,120.7,,
1152,5632,256,hk_128x128x64,163.4,0.0039,PASS,121.7,134.3,,
1152,5888,2048,hk_128x128x64,297.4,0.0156,PASS,320.6,92.8,,
1152,6016,256,hk_128x128x64,165.6,0.0039,PASS,98.7,167.9,,
1152,6144,512,hk_128x128x64,234.0,0.0078,PASS,195.6,119.6,,
1152,6144,512,hk_192x192x64,257.0,0.0078,PASS,195.6,131.4,,
1152,6144,8192,hk_128x128x64,341.5,0.0312,PASS,407.0,83.9,,
1152,6144,8192,hk_192x192x64,440.1,0.0312,PASS,407.0,108.1,,
1152,6272,2048,hk_128x128x64,306.7,0.0156,PASS,351.3,87.3,,
1152,6400,64,hk_128x128x64,58.1,0.0020,PASS,37.2,156.1,,
1152,6400,128,hk_128x128x64,101.5,0.0039,PASS,72.2,140.4,,
1152,6528,4096,hk_128x128x64,364.6,0.0156,PASS,346.1,105.3,,
1152,6528,4096,hk_192x192x64,487.6,0.0156,PASS,346.1,140.9,,
1152,6656,64,hk_128x128x64,54.3,0.0020,PASS,34.6,157.0,,
1152,6784,2048,hk_128x128x64,344.8,0.0156,PASS,330.4,104.4,,
1152,6784,4096,hk_128x128x64,371.7,0.0156,PASS,411.3,90.4,,
1152,7040,256,hk_128x128x64,172.9,0.0039,PASS,97.2,178.0,,
1152,7040,1024,hk_128x128x64,307.3,0.0078,PASS,239.7,128.2,,
1152,7168,8192,hk_128x128x64,377.6,0.0312,PASS,485.4,77.8,,
1152,7296,64,hk_128x128x64,51.4,0.0020,PASS,22.9,224.8,,
1152,7296,64,hk_192x192x64,56.7,0.0020,PASS,22.9,248.1,,
1152,7296,128,hk_128x128x64,101.2,0.0039,PASS,46.9,216.0,,
1152,7296,128,hk_192x192x64,126.7,0.0039,PASS,46.9,270.3,,
1152,7424,256,hk_128x128x64,195.3,0.0039,PASS,139.4,140.0,,
1152,7552,128,hk_128x128x64,123.0,0.0039,PASS,60.1,204.7,,
1152,7680,2048,hk_128x128x64,347.5,0.0156,PASS,344.3,100.9,,
1152,7680,2048,hk_192x192x64,434.4,0.0156,PASS,344.3,126.2,,
1152,7680,4096,hk_128x128x64,416.1,0.0156,PASS,484.7,85.8,,
1152,7680,4096,hk_192x192x64,525.7,0.0156,PASS,484.7,108.5,,
1152,8064,64,hk_128x128x64,60.3,0.0020,PASS,28.4,212.0,,
1152,8064,64,hk_192x192x64,68.2,0.0020,PASS,28.4,239.8,,
1152,8192,512,hk_128x128x64,257.7,0.0078,PASS,226.8,113.6,,
1152,8192,2048,hk_128x128x64,353.8,0.0156,PASS,401.9,88.0,,
1152,8192,4096,hk_128x128x64,441.4,0.0156,PASS,466.9,94.5,,
1280,1280,512,hk_128x128x64,91.4,0.0078,PASS,59.3,154.0,,
1280,1280,512,hk_256x256x64,42.8,0.0078,PASS,59.3,72.1,,
1280,1408,512,hk_128x128x64,104.2,0.0078,PASS,67.4,154.7,,
1280,1792,64,hk_128x128x64,31.0,0.0020,PASS,12.8,241.7,,
1280,1792,64,hk_256x256x64,19.0,0.0020,PASS,12.8,147.6,,
1280,1920,64,hk_128x128x64,34.0,0.0020,PASS,12.7,266.9,,
1280,1920,256,hk_128x128x64,111.2,0.0039,PASS,55.9,198.9,,
1280,1920,4096,hk_128x128x64,272.6,0.0156,PASS,277.3,98.3,,
1280,2176,64,hk_128x128x64,38.9,0.0020,PASS,16.1,241.5,,
1280,2432,128,hk_128x128x64,75.4,0.0039,PASS,34.8,216.4,,
1280,2688,2048,hk_128x128x64,273.2,0.0156,PASS,246.6,110.8,,
1280,2688,8192,hk_128x128x64,335.9,0.0312,PASS,350.1,95.9,,
1280,2816,2048,hk_128x128x64,290.3,0.0156,PASS,257.8,112.6,,
1280,2816,2048,hk_256x256x64,137.1,0.0156,PASS,257.8,53.2,,
1280,3072,2048,hk_128x128x64,310.2,0.0156,PASS,280.7,110.5,,
1280,3072,2048,hk_256x256x64,186.7,0.0156,PASS,280.7,66.5,,
1280,3456,512,hk_128x128x64,224.3,0.0078,PASS,150.6,148.9,,
1280,3456,1024,hk_128x128x64,271.1,0.0078,PASS,219.5,123.5,,
1280,3456,8192,hk_128x128x64,382.8,0.0312,PASS,360.1,106.3,,
1280,3840,64,hk_128x128x64,52.5,0.0020,PASS,26.9,195.3,,
1280,3840,64,hk_256x256x64,36.1,0.0020,PASS,26.9,134.3,,
1280,3840,256,hk_128x128x64,166.3,0.0039,PASS,98.9,168.3,,
1280,3840,256,hk_256x256x64,100.9,0.0039,PASS,98.9,102.1,,
1280,3968,512,hk_128x128x64,174.3,0.0078,PASS,160.2,108.8,,
1280,4096,2048,hk_128x128x64,235.1,0.0156,PASS,284.3,82.7,,
1280,4096,2048,hk_256x256x64,264.3,0.0156,PASS,284.3,93.0,,
1280,4224,1024,hk_128x128x64,210.8,0.0078,PASS,232.5,90.6,,
1280,4224,4096,hk_128x128x64,267.7,0.0156,PASS,303.9,88.1,,
1280,4352,512,hk_128x128x64,182.6,0.0078,PASS,160.1,114.1,,
1280,4352,512,hk_256x256x64,171.4,0.0078,PASS,160.1,107.1,,
1280,4480,256,hk_128x128x64,144.0,0.0039,PASS,85.0,169.5,,
1280,4480,512,hk_128x128x64,201.5,0.0078,PASS,134.9,149.4,,
1280,4736,4096,hk_128x128x64,298.0,0.0156,PASS,344.7,86.5,,
1280,4736,8192,hk_128x128x64,297.4,0.0312,PASS,464.7,64.0,,
1280,4864,64,hk_128x128x64,48.8,0.0020,PASS,32.3,151.3,,
1280,4864,64,hk_256x256x64,38.4,0.0020,PASS,32.3,119.2,,
1280,4864,256,hk_128x128x64,146.4,0.0039,PASS,112.6,130.0,,
1280,4864,256,hk_256x256x64,127.5,0.0039,PASS,112.6,113.2,,
1280,4992,1024,hk_128x128x64,249.7,0.0078,PASS,239.0,104.5,,
1280,5120,128,hk_128x128x64,101.5,0.0039,PASS,64.8,156.5,,
1280,5120,128,hk_256x256x64,84.9,0.0039,PASS,64.8,131.0,,
1280,5120,512,hk_128x128x64,227.1,0.0078,PASS,166.8,136.1,,
1280,5120,512,hk_256x256x64,217.0,0.0078,PASS,166.8,130.1,,
1280,5120,4096,hk_128x128x64,309.8,0.0156,PASS,353.3,87.7,,
1280,5120,4096,hk_256x256x64,295.6,0.0156,PASS,353.3,83.7,,
1280,5248,128,hk_128x128x64,95.0,0.0039,PASS,62.9,151.1,,
1280,5376,128,hk_128x128x64,97.9,0.0039,PASS,66.4,147.5,,
1280,5376,128,hk_256x256x64,86.9,0.0039,PASS,66.4,130.9,,
1280,5760,8192,hk_128x128x64,334.4,0.0312,PASS,395.7,84.5,,
1280,5888,256,hk_128x128x64,140.4,0.0039,PASS,110.5,127.1,,
1280,5888,256,hk_256x256x64,127.3,0.0039,PASS,110.5,115.2,,
1280,6144,256,hk_128x128x64,159.4,0.0039,PASS,121.4,131.3,,
1280,6144,256,hk_256x256x64,160.3,0.0039,PASS,121.4,132.0,,
1280,6528,4096,hk_128x128x64,361.8,0.0156,PASS,369.5,97.9,,
1280,6656,128,hk_128x128x64,116.9,0.0039,PASS,79.3,147.4,,
1280,6656,128,hk_256x256x64,98.0,0.0039,PASS,79.3,123.5,,
1280,6656,1024,hk_128x128x64,308.8,0.0078,PASS,307.1,100.6,,
1280,6656,1024,hk_256x256x64,314.2,0.0078,PASS,307.1,102.3,,
1280,7040,64,hk_128x128x64,69.4,0.0039,PASS,29.3,236.7,,
1280,7040,512,hk_128x128x64,252.1,0.0078,PASS,170.0,148.3,,
1280,7040,2048,hk_128x128x64,339.3,0.0156,PASS,327.8,103.5,,
1280,7296,2048,hk_128x128x64,363.5,0.0156,PASS,358.0,101.5,,
1280,7296,8192,hk_128x128x64,390.9,0.0312,PASS,481.5,81.2,,
1280,7424,256,hk_128x128x64,161.5,0.0039,PASS,131.1,123.2,,
1280,7424,256,hk_256x256x64,147.6,0.0039,PASS,131.1,112.6,,
1280,7552,64,hk_128x128x64,59.0,0.0020,PASS,30.3,195.1,,
1280,7552,2048,hk_128x128x64,356.3,0.0156,PASS,363.6,98.0,,
1280,7552,8192,hk_128x128x64,396.3,0.0312,PASS,491.2,80.7,,
1280,7808,512,hk_128x128x64,187.6,0.0078,PASS,153.7,122.0,,
1280,8064,4096,hk_128x128x64,328.6,0.0156,PASS,449.7,73.1,,
1280,8192,128,hk_128x128x64,93.9,0.0039,PASS,87.0,108.0,,
1280,8192,128,hk_256x256x64,101.5,0.0039,PASS,87.0,116.7,,
1344,1344,64,hk_192x192x64,17.7,0.0020,PASS,10.1,175.1,,
1344,1344,1536,hk_192x192x64,108.1,0.0156,PASS,163.9,66.0,,
1344,1536,192,hk_192x192x64,61.4,0.0039,PASS,35.7,171.9,,
1344,1728,1536,hk_192x192x64,146.6,0.0078,PASS,185.9,78.9,,
1344,2496,384,hk_192x192x64,149.3,0.0039,PASS,90.5,165.1,,
1344,2880,384,hk_192x192x64,164.4,0.0039,PASS,97.4,168.7,,
1344,3264,192,hk_192x192x64,118.2,0.0039,PASS,53.2,222.2,,
1344,3264,6144,hk_192x192x64,304.4,0.0312,PASS,328.6,92.6,,
1344,3648,768,hk_192x192x64,236.0,0.0078,PASS,173.5,136.0,,
1344,3648,6144,hk_192x192x64,327.8,0.0156,PASS,353.8,92.7,,
1344,4032,384,hk_192x192x64,182.5,0.0039,PASS,106.3,171.7,,
1344,4416,64,hk_192x192x64,46.9,0.0020,PASS,22.1,211.6,,
1344,4800,6144,hk_192x192x64,416.1,0.0312,PASS,367.2,113.3,,
1344,4992,384,hk_192x192x64,194.6,0.0078,PASS,123.1,158.2,,
1344,5184,384,hk_192x192x64,214.7,0.0078,PASS,132.2,162.4,,
1344,5376,64,hk_192x192x64,61.1,0.0020,PASS,36.5,167.4,,
1344,5376,1536,hk_192x192x64,331.8,0.0156,PASS,328.7,101.0,,
1344,5376,6144,hk_192x192x64,444.7,0.0312,PASS,395.9,112.3,,
1344,5760,6144,hk_192x192x64,441.7,0.0156,PASS,470.5,93.9,,
1344,5952,1536,hk_192x192x64,393.8,0.0078,PASS,313.1,125.8,,
1344,6144,192,hk_192x192x64,156.0,0.0039,PASS,101.2,154.2,,
1408,1408,128,hk_128x128x64,44.4,0.0039,PASS,22.7,195.7,,
1408,1408,1024,hk_128x128x64,170.1,0.0078,PASS,134.7,126.3,,
1408,1536,256,hk_128x128x64,99.2,0.0039,PASS,50.6,196.3,,
1408,1792,2048,hk_128x128x64,237.4,0.0156,PASS,211.5,112.2,,
1408,1920,64,hk_128x128x64,37.0,0.0020,PASS,15.2,244.0,,
1408,2048,64,hk_128x128x64,38.3,0.0020,PASS,16.3,234.4,,
1408,2048,2048,hk_128x128x64,256.0,0.0156,PASS,225.9,113.3,,
1408,2688,512,hk_128x128x64,232.4,0.0078,PASS,138.6,167.6,,
1408,2688,1024,hk_128x128x64,253.8,0.0078,PASS,199.7,127.1,,
1408,2688,4096,hk_128x128x64,306.5,0.0156,PASS,310.7,98.7,,
1408,2816,256,hk_128x128x64,159.4,0.0039,PASS,81.8,195.0,,
1408,2816,1024,hk_128x128x64,270.8,0.0078,PASS,206.3,131.2,,
1408,2816,4096,hk_128x128x64,360.0,0.0156,PASS,337.0,106.8,,
1408,2944,64,hk_128x128x64,45.7,0.0020,PASS,22.7,200.9,,
1408,2944,8192,hk_128x128x64,369.3,0.0312,PASS,371.8,99.3,,
1408,3072,128,hk_128x128x64,82.7,0.0039,PASS,46.5,177.9,,
1408,3072,2048,hk_128x128x64,332.5,0.0156,PASS,294.7,112.8,,
1408,3200,512,hk_128x128x64,252.2,0.0078,PASS,137.3,183.6,,
1408,3328,1024,hk_128x128x64,291.8,0.0078,PASS,234.1,124.6,,
1408,3328,4096,hk_128x128x64,371.7,0.0156,PASS,351.6,105.7,,
1408,3584,1024,hk_128x128x64,201.0,0.0078,PASS,229.8,87.5,,
1408,3584,4096,hk_128x128x64,249.1,0.0156,PASS,351.5,70.9,,
1408,3712,4096,hk_128x128x64,255.4,0.0156,PASS,381.4,67.0,,
1408,3840,128,hk_128x128x64,79.9,0.0039,PASS,51.4,155.4,,
1408,3840,512,hk_128x128x64,175.1,0.0078,PASS,161.0,108.7,,
1408,3968,1024,hk_128x128x64,222.2,0.0078,PASS,229.0,97.0,,
1408,4096,4096,hk_128x128x64,272.6,0.0156,PASS,345.0,79.0,,
1408,4224,4096,hk_128x128x64,290.6,0.0156,PASS,359.9,80.8,,
1408,4480,64,hk_128x128x64,46.9,0.0020,PASS,24.4,191.9,,
1408,4480,128,hk_128x128x64,87.7,0.0039,PASS,46.9,187.0,,
1408,4864,128,hk_128x128x64,101.1,0.0039,PASS,69.9,144.7,,
1408,4864,2048,hk_128x128x64,300.7,0.0156,PASS,321.7,93.5,,
1408,4992,64,hk_128x128x64,62.2,0.0020,PASS,29.6,210.4,,
1408,5120,512,hk_128x128x64,228.5,0.0078,PASS,185.1,123.5,,
1408,5248,256,hk_128x128x64,174.4,0.0039,PASS,95.6,182.4,,
1408,5504,128,hk_128x128x64,114.5,0.0039,PASS,54.6,209.7,,
1408,5632,8192,hk_128x128x64,344.5,0.0312,PASS,427.9,80.5,,
1408,6016,1024,hk_128x128x64,292.0,0.0078,PASS,223.6,130.6,,
1408,6144,64,hk_128x128x64,62.2,0.0020,PASS,37.1,167.7,,
1408,6528,64,hk_128x128x64,60.8,0.0020,PASS,31.3,194.5,,
1408,6528,128,hk_128x128x64,126.9,0.0039,PASS,60.9,208.4,,
1408,6656,64,hk_128x128x64,78.7,0.0020,PASS,48.0,164.0,,
1408,6656,128,hk_128x128x64,117.4,0.0039,PASS,87.0,135.0,,
1408,6912,256,hk_128x128x64,204.1,0.0039,PASS,159.4,128.0,,
1408,7168,256,hk_128x128x64,165.4,0.0039,PASS,147.3,112.3,,
1408,7424,512,hk_128x128x64,210.4,0.0078,PASS,227.5,92.5,,
1408,7424,2048,hk_128x128x64,286.4,0.0156,PASS,358.5,79.9,,
1408,7552,256,hk_128x128x64,172.3,0.0039,PASS,114.7,150.3,,
1408,7552,2048,hk_128x128x64,298.7,0.0156,PASS,357.3,83.6,,
1408,7552,8192,hk_128x128x64,333.5,0.0312,PASS,509.8,65.4,,
1408,7680,1024,hk_128x128x64,279.6,0.0078,PASS,326.0,85.8,,
1408,7680,8192,hk_128x128x64,328.7,0.0312,PASS,531.5,61.8,,
1408,7808,64,hk_128x128x64,53.4,0.0020,PASS,29.9,178.8,,
1408,7808,512,hk_128x128x64,229.6,0.0078,PASS,189.1,121.4,,
1408,7808,8192,hk_128x128x64,340.1,0.0312,PASS,472.7,72.0,,
1408,7936,512,hk_128x128x64,227.8,0.0078,PASS,237.0,96.1,,
1408,8064,8192,hk_128x128x64,345.5,0.0312,PASS,501.9,68.8,,
1536,1536,4096,hk_128x128x64,234.7,0.0156,PASS,304.9,77.0,,
1536,1536,4096,hk_192x192x64,176.7,0.0156,PASS,304.9,58.0,,
1536,1536,4096,hk_256x256x64,125.6,0.0156,PASS,304.9,41.2,,
1536,1536,8192,hk_128x128x64,265.7,0.0312,PASS,312.6,85.0,,
1536,1536,8192,hk_192x192x64,177.0,0.0312,PASS,312.6,56.6,,
1536,1536,8192,hk_256x256x64,134.3,0.0312,PASS,312.6,43.0,,
1536,1664,512,hk_128x128x64,167.5,0.0078,PASS,106.4,157.5,,
1536,1728,192,hk_192x192x64,76.6,0.0039,PASS,44.1,174.0,,
1536,1920,64,hk_128x128x64,35.9,0.0020,PASS,16.8,213.8,,
1536,1920,64,hk_192x192x64,31.8,0.0020,PASS,16.8,189.7,,
1536,2048,256,hk_128x128x64,127.3,0.0039,PASS,69.4,183.4,,
1536,2048,256,hk_256x256x64,81.4,0.0039,PASS,69.4,117.4,,
1536,2048,2048,hk_128x128x64,263.1,0.0156,PASS,234.2,112.3,,
1536,2048,2048,hk_256x256x64,164.9,0.0156,PASS,234.2,70.4,,
1536,2112,384,hk_192x192x64,150.1,0.0078,PASS,85.3,175.9,,
1536,2432,64,hk_128x128x64,44.8,0.0020,PASS,22.4,200.0,,
1536,2432,4096,hk_128x128x64,313.0,0.0156,PASS,330.4,94.7,,
1536,2496,6144,hk_192x192x64,256.7,0.0156,PASS,353.1,72.7,,
1536,2560,64,hk_128x128x64,46.7,0.0020,PASS,21.7,214.6,,
1536,2560,64,hk_256x256x64,31.6,0.0020,PASS,21.7,145.2,,
1536,2688,192,hk_128x128x64,128.3,0.0039,PASS,62.9,204.0,,
1536,2688,192,hk_192x192x64,102.8,0.0039,PASS,62.9,163.5,,
1536,2688,768,hk_128x128x64,246.0,0.0078,PASS,188.3,130.6,,
1536,2688,768,hk_192x192x64,245.6,0.0078,PASS,188.3,130.4,,
1536,2816,64,hk_128x128x64,57.0,0.0020,PASS,22.9,248.4,,
1536,2816,64,hk_256x256x64,39.7,0.0020,PASS,22.9,173.2,,
1536,2816,2048,hk_128x128x64,304.6,0.0156,PASS,270.9,112.4,,
1536,2816,2048,hk_256x256x64,219.8,0.0156,PASS,270.9,81.1,,
1536,2880,64,hk_192x192x64,43.8,0.0020,PASS,20.7,211.0,,
1536,3072,1536,hk_128x128x64,298.8,0.0156,PASS,280.9,106.4,,
1536,3072,1536,hk_192x192x64,283.3,0.0156,PASS,280.9,100.8,,
1536,3072,1536,hk_256x256x64,209.4,0.0156,PASS,280.9,74.6,,
1536,3200,64,hk_128x128x64,64.9,0.0039,PASS,24.9,260.4,,
1536,3200,256,hk_128x128x64,181.8,0.0039,PASS,96.1,189.2,,
1536,3264,3072,hk_192x192x64,310.2,0.0156,PASS,281.9,110.1,,
1536,3328,8192,hk_128x128x64,245.0,0.0312,PASS,412.4,59.4,,
1536,3328,8192,hk_256x256x64,267.0,0.0312,PASS,412.4,64.7,,
1536,3584,512,hk_128x128x64,182.7,0.0078,PASS,172.2,106.1,,
1536,3584,512,hk_256x256x64,172.0,0.0078,PASS,172.2,99.9,,
1536,3648,384,hk_192x192x64,224.2,0.0078,PASS,119.6,187.5,,
1536,3648,768,hk_192x192x64,283.7,0.0078,PASS,187.5,151.3,,
1536,3648,6144,hk_192x192x64,391.0,0.0156,PASS,360.0,108.6,,
1536,3712,4096,hk_128x128x64,276.2,0.0156,PASS,400.3,69.0,,
1536,3840,192,hk_128x128x64,105.5,0.0039,PASS,83.0,127.1,,
1536,3840,192,hk_192x192x64,117.7,0.0039,PASS,83.0,141.8,,
1536,3840,192,hk_256x256x64,105.3,0.0039,PASS,83.0,126.8,,
1536,3840,384,hk_128x128x64,178.6,0.0078,PASS,153.4,116.4,,
1536,3840,384,hk_192x192x64,207.6,0.0078,PASS,153.4,135.3,,
1536,3840,384,hk_256x256x64,172.2,0.0078,PASS,153.4,112.2,,
1536,3968,1024,hk_128x128x64,236.4,0.0078,PASS,239.2,98.8,,
1536,4352,512,hk_128x128x64,228.3,0.0078,PASS,183.4,124.5,,
1536,4352,512,hk_256x256x64,215.6,0.0078,PASS,183.4,117.6,,
1536,4608,128,hk_128x128x64,107.8,0.0039,PASS,69.3,155.5,,
1536,4608,128,hk_192x192x64,122.9,0.0039,PASS,69.3,177.3,,
1536,4608,128,hk_256x256x64,100.6,0.0039,PASS,69.3,145.1,,
1536,4608,512,hk_128x128x64,233.2,0.0078,PASS,192.1,121.4,,
1536,4608,512,hk_192x192x64,273.5,0.0078,PASS,192.1,142.4,,
1536,4608,512,hk_256x256x64,215.4,0.0078,PASS,192.1,112.1,,
1536,4608,8192,hk_128x128x64,339.9,0.0312,PASS,432.9,78.5,,
1536,4608,8192,hk_192x192x64,432.0,0.0312,PASS,432.9,99.8,,
1536,4608,8192,hk_256x256x64,305.5,0.0312,PASS,432.9,70.6,,
1536,4736,2048,hk_128x128x64,313.8,0.0156,PASS,340.2,92.3,,
1536,4800,192,hk_192x192x64,145.6,0.0039,PASS,79.2,183.8,,
1536,4992,64,hk_128x128x64,57.1,0.0020,PASS,26.5,215.7,,
1536,4992,64,hk_192x192x64,67.9,0.0020,PASS,26.5,256.8,,
1536,4992,768,hk_128x128x64,255.9,0.0078,PASS,206.2,124.1,,
1536,4992,768,hk_192x192x64,289.3,0.0078,PASS,206.2,140.3,,
1536,4992,6144,hk_128x128x64,345.9,0.0312,PASS,371.9,93.0,,
1536,4992,6144,hk_192x192x64,446.9,0.0312,PASS,371.9,120.2,,
1536,4992,8192,hk_128x128x64,329.2,0.0312,PASS,491.0,67.1,,
1536,4992,8192,hk_192x192x64,471.9,0.0312,PASS,491.0,96.1,,
1536,5120,4096,hk_128x128x64,365.9,0.0156,PASS,477.0,76.7,,
1536,5120,4096,hk_256x256x64,312.2,0.0156,PASS,477.0,65.5,,
1536,5184,1536,hk_192x192x64,395.0,0.0156,PASS,301.9,130.8,,
1536,5248,2048,hk_128x128x64,342.6,0.0156,PASS,342.2,100.1,,
1536,5376,192,hk_128x128x64,153.3,0.0039,PASS,106.9,143.3,,
1536,5376,192,hk_192x192x64,166.6,0.0039,PASS,106.9,155.8,,
1536,5376,192,hk_256x256x64,121.2,0.0039,PASS,106.9,113.3,,
1536,5376,256,hk_128x128x64,195.8,0.0039,PASS,131.8,148.6,,
1536,5376,256,hk_192x192x64,207.2,0.0039,PASS,131.8,157.2,,
1536,5376,256,hk_256x256x64,174.8,0.0039,PASS,131.8,132.7,,
1536,5376,6144,hk_128x128x64,371.0,0.0156,PASS,396.9,93.5,,
1536,5376,6144,hk_192x192x64,461.4,0.0156,PASS,396.9,116.3,,
1536,5376,6144,hk_256x256x64,333.9,0.0156,PASS,396.9,84.1,,
1536,5632,64,hk_128x128x64,59.4,0.0020,PASS,39.5,150.1,,
1536,5632,64,hk_256x256x64,57.5,0.0020,PASS,39.5,145.4,,
1536,5632,1024,hk_128x128x64,294.2,0.0078,PASS,314.0,93.7,,
1536,5632,1024,hk_256x256x64,313.4,0.0078,PASS,314.0,99.8,,
1536,5760,768,hk_128x128x64,268.5,0.0078,PASS,260.9,102.9,,
1536,5760,768,hk_192x192x64,299.6,0.0078,PASS,260.9,114.9,,
1536,5760,2048,hk_128x128x64,341.4,0.0156,PASS,318.1,107.3,,
1536,5760,2048,hk_192x192x64,430.5,0.0156,PASS,318.1,135.3,,
1536,5888,1024,hk_128x128x64,324.7,0.0078,PASS,316.9,102.5,,
1536,5888,1024,hk_256x256x64,301.0,0.0078,PASS,316.9,95.0,,
1536,5952,3072,hk_192x192x64,445.5,0.0156,PASS,404.3,110.2,,
1536,6016,64,hk_128x128x64,67.7,0.0020,PASS,44.3,152.8,,
1536,6016,4096,hk_128x128x64,410.0,0.0156,PASS,441.4,92.9,,
1536,6016,8192,hk_128x128x64,407.8,0.0312,PASS,496.8,82.1,,
1536,6144,768,hk_128x128x64,271.4,0.0078,PASS,283.6,95.7,,
1536,6144,768,hk_192x192x64,349.2,0.0078,PASS,283.6,123.1,,
1536,6144,768,hk_256x256x64,278.0,0.0078,PASS,283.6,98.1,,
1536,6144,1536,hk_128x128x64,331.0,0.0078,PASS,373.1,88.7,,
1536,6144,1536,hk_192x192x64,431.6,0.0078,PASS,373.1,115.7,,
1536,6144,1536,hk_256x256x64,352.4,0.0078,PASS,373.1,94.4,,
1536,6272,2048,hk_128x128x64,366.7,0.0156,PASS,374.4,98.0,,
1536,6400,1024,hk_128x128x64,334.9,0.0078,PASS,334.9,100.0,,
1536,6400,1024,hk_256x256x64,318.4,0.0078,PASS,334.9,95.1,,
1536,6528,512,hk_128x128x64,213.2,0.0078,PASS,160.1,133.2,,
1536,6528,512,hk_192x192x64,320.1,0.0078,PASS,160.1,200.0,,
1536,6528,8192,hk_128x128x64,311.5,0.0312,PASS,462.2,67.4,,
1536,6528,8192,hk_192x192x64,554.2,0.0312,PASS,462.2,119.9,,
1536,6656,2048,hk_128x128x64,294.7,0.0156,PASS,378.6,77.8,,
1536,6656,2048,hk_256x256x64,382.8,0.0156,PASS,378.6,101.1,,
1536,6784,2048,hk_128x128x64,301.1,0.0156,PASS,363.7,82.8,,
1536,6912,64,hk_128x128x64,62.3,0.0020,PASS,48.1,129.5,,
1536,6912,64,hk_192x192x64,81.3,0.0020,PASS,48.1,169.2,,
1536,6912,64,hk_256x256x64,64.5,0.0020,PASS,48.1,134.1,,
1536,7040,256,hk_128x128x64,165.8,0.0039,PASS,111.5,148.7,,
1536,7296,64,hk_128x128x64,76.0,0.0020,PASS,36.7,207.0,,
1536,7296,64,hk_192x192x64,95.8,0.0020,PASS,36.7,261.2,,
1536,7552,2048,hk_128x128x64,315.1,0.0156,PASS,353.1,89.3,,
1536,7680,1024,hk_128x128x64,300.8,0.0078,PASS,342.1,87.9,,
1536,7680,1024,hk_192x192x64,294.5,0.0078,PASS,342.1,86.1,,
1536,7680,1024,hk_256x256x64,384.2,0.0078,PASS,342.1,112.3,,
1536,7680,2048,hk_128x128x64,331.9,0.0156,PASS,417.3,79.5,,
1536,7680,2048,hk_192x192x64,327.9,0.0156,PASS,417.3,78.6,,
1536,7680,2048,hk_256x256x64,434.2,0.0156,PASS,417.3,104.1,,
1536,7936,512,hk_128x128x64,260.8,0.0078,PASS,240.7,108.3,,
1536,7936,512,hk_256x256x64,303.8,0.0078,PASS,240.7,126.2,,
1536,7936,8192,hk_128x128x64,348.0,0.0312,PASS,525.7,66.2,,
1536,7936,8192,hk_256x256x64,460.1,0.0312,PASS,525.7,87.5,,
1536,8064,256,hk_128x128x64,172.6,0.0039,PASS,109.4,157.8,,
1536,8064,256,hk_192x192x64,168.9,0.0039,PASS,109.4,154.5,,
1536,8064,1024,hk_128x128x64,309.6,0.0078,PASS,294.6,105.1,,
1536,8064,1024,hk_192x192x64,309.0,0.0078,PASS,294.6,104.9,,
1664,1664,256,hk_128x128x64,118.9,0.0039,PASS,59.0,201.7,,
1664,1664,8192,hk_128x128x64,306.7,0.0312,PASS,334.0,91.8,,
1664,1792,256,hk_128x128x64,115.9,0.0039,PASS,64.0,181.0,,
1664,1792,2048,hk_128x128x64,272.7,0.0156,PASS,245.6,111.0,,
1664,1920,64,hk_128x128x64,43.6,0.0020,PASS,18.8,231.5,,
1664,1920,4096,hk_128x128x64,308.3,0.0156,PASS,298.1,103.4,,
1664,2048,256,hk_128x128x64,127.0,0.0039,PASS,71.0,178.8,,
1664,2176,64,hk_128x128x64,42.2,0.0020,PASS,19.5,216.8,,
1664,2176,1024,hk_128x128x64,246.0,0.0078,PASS,181.0,135.9,,
1664,2304,256,hk_128x128x64,167.5,0.0039,PASS,81.3,206.0,,
1664,2560,4096,hk_128x128x64,325.3,0.0156,PASS,335.3,97.0,,
1664,2688,2048,hk_128x128x64,337.5,0.0156,PASS,273.4,123.4,,
1664,2688,8192,hk_128x128x64,418.0,0.0312,PASS,429.5,97.3,,
1664,2816,64,hk_128x128x64,46.6,0.0020,PASS,23.9,194.5,,
1664,2944,256,hk_128x128x64,154.6,0.0039,PASS,92.9,166.5,,
1664,3072,64,hk_128x128x64,40.4,0.0020,PASS,24.3,166.4,,
1664,3072,128,hk_128x128x64,82.6,0.0039,PASS,44.5,185.8,,
1664,3200,64,hk_128x128x64,47.8,0.0020,PASS,29.4,162.3,,
1664,3200,512,hk_128x128x64,186.4,0.0078,PASS,155.8,119.6,,
1664,3328,128,hk_128x128x64,87.5,0.0039,PASS,54.4,160.9,,
1664,3328,256,hk_128x128x64,140.0,0.0039,PASS,101.5,137.9,,
1664,3328,512,hk_128x128x64,191.9,0.0078,PASS,157.0,122.3,,
1664,3584,64,hk_128x128x64,50.6,0.0020,PASS,32.4,156.3,,
1664,3584,128,hk_128x128x64,95.1,0.0039,PASS,58.2,163.5,,
1664,3712,4096,hk_128x128x64,302.9,0.0156,PASS,343.5,88.2,,
1664,3840,8192,hk_128x128x64,287.8,0.0312,PASS,486.7,59.1,,
1664,3968,4096,hk_128x128x64,323.1,0.0156,PASS,448.9,72.0,,
1664,4224,64,hk_128x128x64,52.3,0.0020,PASS,23.3,224.8,,
1664,4736,128,hk_128x128x64,102.5,0.0039,PASS,52.9,193.6,,
1664,4736,256,hk_128x128x64,192.3,0.0039,PASS,97.4,197.5,,
1664,4864,512,hk_128x128x64,236.3,0.0078,PASS,206.3,114.5,,
1664,4864,8192,hk_128x128x64,367.4,0.0312,PASS,424.5,86.6,,
1664,4992,64,hk_128x128x64,53.6,0.0020,PASS,26.6,201.3,,
1664,4992,1024,hk_128x128x64,313.5,0.0078,PASS,241.9,129.6,,
1664,4992,2048,hk_128x128x64,328.9,0.0156,PASS,339.2,97.0,,
1664,4992,4096,hk_128x128x64,387.0,0.0156,PASS,421.2,91.9,,
1664,5248,4096,hk_128x128x64,415.7,0.0156,PASS,441.4,94.2,,
1664,5376,256,hk_128x128x64,166.4,0.0078,PASS,137.0,121.4,,
1664,5376,4096,hk_128x128x64,421.4,0.0156,PASS,485.9,86.7,,
1664,5504,64,hk_128x128x64,58.7,0.0020,PASS,29.1,202.1,,
1664,5504,128,hk_128x128x64,109.0,0.0039,PASS,55.3,197.1,,
1664,5504,4096,hk_128x128x64,395.6,0.0156,PASS,414.4,95.5,,
1664,5760,64,hk_128x128x64,68.8,0.0020,PASS,32.4,211.9,,
1664,5760,128,hk_128x128x64,115.8,0.0039,PASS,62.7,184.6,,
1664,5888,2048,hk_128x128x64,359.7,0.0156,PASS,388.9,92.5,,
1664,6400,1024,hk_128x128x64,270.0,0.0078,PASS,307.9,87.7,,
1664,6400,4096,hk_128x128x64,343.1,0.0156,PASS,476.6,72.0,,
1664,6400,8192,hk_128x128x64,328.3,0.0312,PASS,526.7,62.3,,
1664,6656,128,hk_128x128x64,97.4,0.0039,PASS,81.4,119.6,,
1664,6784,128,hk_128x128x64,114.7,0.0039,PASS,51.3,223.7,,
1664,6912,2048,hk_128x128x64,324.4,0.0156,PASS,406.5,79.8,,
1664,7168,512,hk_128x128x64,248.6,0.0078,PASS,235.7,105.4,,
1664,7168,1024,hk_128x128x64,308.1,0.0078,PASS,340.8,90.4,,
1664,7168,8192,hk_128x128x64,338.4,0.0312,PASS,528.3,64.1,,
1664,7552,512,hk_128x128x64,243.0,0.0078,PASS,179.1,135.7,,
1664,7552,4096,hk_128x128x64,391.3,0.0156,PASS,457.0,85.6,,
1664,7680,8192,hk_128x128x64,362.1,0.0312,PASS,578.7,62.6,,
1664,7808,256,hk_128x128x64,167.3,0.0039,PASS,132.3,126.5,,
1664,8064,64,hk_128x128x64,65.9,0.0020,PASS,43.9,150.1,,
1728,1920,64,hk_192x192x64,34.0,0.0020,PASS,17.8,191.3,,
1728,1920,6144,hk_192x192x64,235.0,0.0312,PASS,358.1,65.6,,
1728,2112,192,hk_192x192x64,87.5,0.0039,PASS,56.0,156.3,,
1728,2304,6144,hk_192x192x64,282.5,0.0156,PASS,346.4,81.6,,
1728,2688,192,hk_192x192x64,105.4,0.0039,PASS,68.3,154.4,,
1728,2688,768,hk_192x192x64,245.2,0.0078,PASS,196.2,125.0,,
1728,2688,1536,hk_192x192x64,267.7,0.0078,PASS,259.8,103.0,,
1728,3072,1536,hk_192x192x64,296.7,0.0156,PASS,251.3,118.1,,
1728,3264,384,hk_192x192x64,212.7,0.0078,PASS,112.0,190.0,,
1728,3264,768,hk_192x192x64,272.1,0.0078,PASS,181.9,149.6,,
1728,3456,192,hk_192x192x64,147.5,0.0039,PASS,89.9,164.1,,
1728,3840,192,hk_192x192x64,141.8,0.0039,PASS,95.7,148.2,,
1728,3840,6144,hk_192x192x64,416.2,0.0312,PASS,388.6,107.1,,
1728,4224,64,hk_192x192x64,54.8,0.0020,PASS,23.1,236.9,,
1728,4224,6144,hk_192x192x64,461.4,0.0156,PASS,425.3,108.5,,
1728,4416,1536,hk_192x192x64,380.9,0.0078,PASS,300.1,126.9,,
1728,4416,3072,hk_192x192x64,446.4,0.0156,PASS,387.6,115.2,,
1728,4608,768,hk_192x192x64,319.2,0.0078,PASS,251.8,126.8,,
1728,4800,192,hk_192x192x64,164.3,0.0039,PASS,79.4,207.0,,
1728,4992,768,hk_192x192x64,315.3,0.0078,PASS,222.2,141.9,,
1728,4992,1536,hk_192x192x64,363.9,0.0156,PASS,292.8,124.3,,
1728,5184,64,hk_192x192x64,71.1,0.0020,PASS,31.9,222.8,,
1728,5376,1536,hk_192x192x64,394.8,0.0156,PASS,365.0,108.2,,
1728,5760,64,hk_192x192x64,79.9,0.0020,PASS,33.7,237.5,,
1728,5952,192,hk_192x192x64,194.0,0.0039,PASS,127.3,152.5,,
1728,6144,384,hk_192x192x64,296.5,0.0078,PASS,196.7,150.7,,
1728,6144,3072,hk_192x192x64,448.4,0.0156,PASS,389.8,115.0,,
1792,1792,1024,hk_128x128x64,246.2,0.0078,PASS,182.1,135.2,,
1792,1792,1024,hk_256x256x64,112.4,0.0078,PASS,182.1,61.7,,
1792,1792,2048,hk_128x128x64,280.4,0.0156,PASS,246.3,113.8,,
1792,1792,2048,hk_256x256x64,151.9,0.0156,PASS,246.3,61.7,,
1792,1792,8192,hk_128x128x64,341.5,0.0312,PASS,349.3,97.8,,
1792,1792,8192,hk_256x256x64,163.8,0.0312,PASS,349.3,46.9,,
1792,2048,512,hk_128x128x64,204.7,0.0078,PASS,133.9,152.8,,
1792,2048,512,hk_256x256x64,130.4,0.0078,PASS,133.9,97.4,,
1792,2176,64,hk_128x128x64,48.0,0.0020,PASS,21.5,223.4,,
1792,2176,256,hk_128x128x64,155.6,0.0039,PASS,88.1,176.7,,
1792,2304,256,hk_128x128x64,160.4,0.0039,PASS,86.2,186.1,,
1792,2304,256,hk_256x256x64,103.0,0.0039,PASS,86.2,119.5,,
1792,2432,2048,hk_128x128x64,305.5,0.0156,PASS,277.9,109.9,,
1792,2560,64,hk_128x128x64,56.1,0.0020,PASS,25.8,217.1,,
1792,2560,64,hk_256x256x64,40.2,0.0020,PASS,25.8,155.4,,
1792,2688,256,hk_128x128x64,178.8,0.0039,PASS,96.6,185.2,,
1792,2688,1024,hk_128x128x64,276.4,0.0078,PASS,226.1,122.2,,
1792,2944,512,hk_128x128x64,173.9,0.0078,PASS,154.8,112.3,,
1792,2944,4096,hk_128x128x64,249.2,0.0156,PASS,327.4,76.1,,
1792,2944,8192,hk_128x128x64,256.9,0.0312,PASS,417.7,61.5,,
1792,3072,512,hk_128x128x64,189.4,0.0078,PASS,167.1,113.3,,
1792,3072,512,hk_256x256x64,157.5,0.0078,PASS,167.1,94.2,,
1792,3072,8192,hk_128x128x64,270.0,0.0312,PASS,380.1,71.0,,
1792,3072,8192,hk_256x256x64,276.2,0.0312,PASS,380.1,72.7,,
1792,3328,512,hk_128x128x64,201.0,0.0078,PASS,180.7,111.3,,
1792,3328,512,hk_256x256x64,182.3,0.0078,PASS,180.7,100.9,,
1792,3328,2048,hk_128x128x64,263.9,0.0156,PASS,303.8,86.9,,
1792,3328,2048,hk_256x256x64,295.5,0.0156,PASS,303.8,97.3,,
1792,3328,4096,hk_128x128x64,292.1,0.0156,PASS,361.8,80.7,,
1792,3328,4096,hk_256x256x64,269.0,0.0156,PASS,361.8,74.3,,
1792,3328,8192,hk_128x128x64,282.4,0.0312,PASS,431.6,65.4,,
1792,3328,8192,hk_256x256x64,290.6,0.0312,PASS,431.6,67.3,,
1792,3456,64,hk_128x128x64,53.1,0.0020,PASS,31.6,167.9,,
1792,3456,1024,hk_128x128x64,240.9,0.0078,PASS,239.1,100.8,,
1792,3712,128,hk_128x128x64,97.0,0.0039,PASS,67.5,143.9,,
1792,3968,64,hk_128x128x64,59.2,0.0020,PASS,36.2,163.7,,
1792,3968,2048,hk_128x128x64,304.8,0.0156,PASS,336.9,90.5,,
1792,4096,64,hk_128x128x64,61.2,0.0020,PASS,39.9,153.3,,
1792,4096,64,hk_256x256x64,52.3,0.0020,PASS,39.9,131.0,,
1792,4096,1024,hk_128x128x64,275.6,0.0078,PASS,272.0,101.3,,
1792,4096,1024,hk_256x256x64,278.3,0.0078,PASS,272.0,102.3,,
1792,4096,4096,hk_128x128x64,350.8,0.0156,PASS,381.8,91.9,,
1792,4096,4096,hk_256x256x64,306.8,0.0156,PASS,381.8,80.4,,
1792,4224,128,hk_128x128x64,95.8,0.0039,PASS,51.4,186.5,,
1792,4224,256,hk_128x128x64,178.1,0.0039,PASS,94.7,188.1,,
1792,4224,4096,hk_128x128x64,358.5,0.0156,PASS,345.8,103.7,,
1792,4352,128,hk_128x128x64,99.6,0.0039,PASS,73.6,135.3,,
1792,4352,128,hk_256x256x64,81.9,0.0039,PASS,73.6,111.3,,
1792,4352,512,hk_128x128x64,252.9,0.0078,PASS,211.8,119.4,,
1792,4352,512,hk_256x256x64,211.9,0.0078,PASS,211.8,100.1,,
1792,4480,256,hk_128x128x64,180.4,0.0039,PASS,101.7,177.3,,
1792,4608,8192,hk_128x128x64,367.5,0.0312,PASS,426.9,86.1,,
1792,4608,8192,hk_256x256x64,351.1,0.0312,PASS,426.9,82.2,,
1792,4736,2048,hk_128x128x64,364.1,0.0156,PASS,363.6,100.1,,
1792,4864,64,hk_128x128x64,66.1,0.0020,PASS,42.6,155.0,,
1792,4864,64,hk_256x256x64,60.6,0.0020,PASS,42.6,142.2,,
1792,4864,4096,hk_128x128x64,398.0,0.0156,PASS,450.3,88.4,,
1792,4864,4096,hk_256x256x64,347.4,0.0156,PASS,450.3,77.1,,
1792,4992,2048,hk_128x128x64,374.0,0.0156,PASS,363.2,103.0,,
1792,4992,4096,hk_128x128x64,420.9,0.0156,PASS,435.7,96.6,,
1792,5120,512,hk_128x128x64,244.9,0.0078,PASS,227.7,107.5,,
1792,5120,512,hk_256x256x64,205.1,0.0078,PASS,227.7,90.1,,
1792,5248,64,hk_128x128x64,62.8,0.0020,PASS,30.3,207.0,,
1792,5248,512,hk_128x128x64,264.0,0.0078,PASS,187.9,140.4,,
1792,5376,64,hk_128x128x64,80.4,0.0020,PASS,44.9,178.8,,
1792,5376,64,hk_256x256x64,72.0,0.0020,PASS,44.9,160.3,,
1792,5376,8192,hk_128x128x64,403.8,0.0312,PASS,452.1,89.3,,
1792,5376,8192,hk_256x256x64,386.6,0.0312,PASS,452.1,85.5,,
1792,5504,256,hk_128x128x64,186.0,0.0039,PASS,83.7,222.2,,
1792,5632,512,hk_128x128x64,215.7,0.0078,PASS,223.4,96.5,,
1792,5632,512,hk_256x256x64,268.4,0.0078,PASS,223.4,120.1,,
1792,5760,64,hk_128x128x64,69.4,0.0020,PASS,33.9,204.5,,
1792,5760,1024,hk_128x128x64,254.2,0.0078,PASS,261.5,97.2,,
1792,5760,4096,hk_128x128x64,332.6,0.0156,PASS,414.1,80.3,,
1792,5888,64,hk_128x128x64,55.0,0.0020,PASS,44.3,124.1,,
1792,5888,64,hk_256x256x64,61.9,0.0020,PASS,44.3,139.6,,
1792,5888,8192,hk_128x128x64,319.4,0.0312,PASS,494.7,64.6,,
1792,5888,8192,hk_256x256x64,442.3,0.0312,PASS,494.7,89.4,,
1792,6016,256,hk_128x128x64,158.3,0.0039,PASS,109.4,144.7,,
1792,6272,128,hk_128x128x64,105.2,0.0039,PASS,61.7,170.4,,
1792,6272,512,hk_128x128x64,237.6,0.0078,PASS,184.7,128.6,,
1792,6272,2048,hk_128x128x64,315.5,0.0156,PASS,344.8,91.5,,
1792,6272,4096,hk_128x128x64,359.8,0.0156,PASS,433.6,83.0,,
1792,6656,256,hk_128x128x64,174.3,0.0039,PASS,162.4,107.3,,
1792,6656,256,hk_256x256x64,195.7,0.0039,PASS,162.4,120.5,,
1792,6784,256,hk_128x128x64,183.7,0.0039,PASS,118.8,154.5,,
1792,7040,128,hk_128x128x64,132.1,0.0039,PASS,64.5,204.8,,
1792,7168,128,hk_128x128x64,139.3,0.0039,PASS,102.8,135.5,,
1792,7168,128,hk_256x256x64,159.4,0.0039,PASS,102.8,155.0,,
1792,7168,512,hk_128x128x64,252.8,0.0078,PASS,253.5,99.7,,
1792,7168,512,hk_256x256x64,288.7,0.0078,PASS,253.5,113.9,,
1792,7168,4096,hk_128x128x64,410.9,0.0156,PASS,469.4,87.5,,
1792,7168,4096,hk_256x256x64,465.3,0.0156,PASS,469.4,99.1,,
1792,7168,8192,hk_128x128x64,383.0,0.0312,PASS,558.5,68.6,,
1792,7168,8192,hk_256x256x64,470.6,0.0312,PASS,558.5,84.3,,
1792,7552,512,hk_128x128x64,258.5,0.0078,PASS,172.0,150.2,,
1792,7552,1024,hk_128x128x64,338.6,0.0078,PASS,292.0,116.0,,
1792,7680,256,hk_128x128x64,198.5,0.0039,PASS,182.3,108.9,,
1792,7680,256,hk_256x256x64,228.0,0.0039,PASS,182.3,125.1,,
1792,7680,1024,hk_128x128x64,319.8,0.0078,PASS,361.3,88.5,,
1792,7680,1024,hk_256x256x64,387.4,0.0078,PASS,361.3,107.2,,
1792,7680,2048,hk_128x128x64,380.7,0.0156,PASS,433.7,87.8,,
1792,7680,2048,hk_256x256x64,488.3,0.0156,PASS,433.7,112.6,,
1792,7808,1024,hk_128x128x64,354.4,0.0078,PASS,286.2,123.8,,
1792,7808,2048,hk_128x128x64,384.0,0.0156,PASS,386.5,99.3,,
1792,7936,128,hk_128x128x64,130.6,0.0039,PASS,112.7,115.9,,
1792,7936,128,hk_256x256x64,138.8,0.0039,PASS,112.7,123.1,,
1792,7936,4096,hk_128x128x64,438.4,0.0156,PASS,456.8,96.0,,
1792,7936,4096,hk_256x256x64,485.8,0.0156,PASS,456.8,106.3,,
1792,8064,128,hk_128x128x64,111.4,0.0039,PASS,58.8,189.6,,
1792,8064,256,hk_128x128x64,209.0,0.0039,PASS,105.6,198.0,,
1792,8064,1024,hk_128x128x64,328.9,0.0078,PASS,294.8,111.6,,
1792,8064,2048,hk_128x128x64,376.8,0.0156,PASS,381.8,98.7,,
1920,1920,128,hk_128x128x64,81.2,0.0039,PASS,40.4,201.0,,
1920,1920,128,hk_192x192x64,65.3,0.0039,PASS,40.4,161.6,,
1920,2048,2048,hk_128x128x64,298.1,0.0156,PASS,282.8,105.4,,
1920,2176,128,hk_128x128x64,89.5,0.0039,PASS,46.2,193.7,,
1920,2176,1024,hk_128x128x64,255.5,0.0078,PASS,207.0,123.4,,
1920,2176,4096,hk_128x128x64,323.6,0.0156,PASS,313.8,103.1,,
1920,2304,192,hk_128x128x64,131.2,0.0039,PASS,66.6,196.9,,
1920,2304,192,hk_192x192x64,111.4,0.0039,PASS,66.6,167.2,,
1920,2304,2048,hk_128x128x64,330.1,0.0156,PASS,304.3,108.5,,
1920,2304,2048,hk_192x192x64,308.7,0.0156,PASS,304.3,101.4,,
1920,2304,6144,hk_128x128x64,366.0,0.0312,PASS,381.6,95.9,,
1920,2304,6144,hk_192x192x64,299.4,0.0312,PASS,381.6,78.5,,
1920,2432,8192,hk_128x128x64,415.7,0.0312,PASS,435.2,95.5,,
1920,2496,6144,hk_192x192x64,286.0,0.0156,PASS,412.7,69.3,,
1920,2560,64,hk_128x128x64,49.1,0.0020,PASS,25.8,190.6,,
1920,2560,128,hk_128x128x64,96.8,0.0039,PASS,53.0,182.6,,
1920,2688,1536,hk_128x128x64,177.6,0.0078,PASS,290.8,61.1,,
1920,2688,1536,hk_192x192x64,283.7,0.0078,PASS,290.8,97.6,,
1920,2816,512,hk_128x128x64,173.5,0.0078,PASS,172.6,100.5,,
1920,2816,1024,hk_128x128x64,213.7,0.0078,PASS,242.5,88.1,,
1920,2880,3072,hk_192x192x64,332.3,0.0156,PASS,309.3,107.4,,
1920,3072,64,hk_128x128x64,53.5,0.0020,PASS,32.5,164.6,,
1920,3072,64,hk_192x192x64,56.1,0.0020,PASS,32.5,172.5,,
1920,3072,2048,hk_128x128x64,259.5,0.0156,PASS,324.3,80.0,,
1920,3072,2048,hk_192x192x64,343.0,0.0156,PASS,324.3,105.7,,
1920,3072,8192,hk_128x128x64,289.5,0.0312,PASS,414.2,69.9,,
1920,3072,8192,hk_192x192x64,400.7,0.0312,PASS,414.2,96.7,,
1920,3200,64,hk_128x128x64,49.1,0.0020,PASS,31.5,156.0,,
1920,3200,256,hk_128x128x64,143.7,0.0039,PASS,101.7,141.3,,
1920,3264,64,hk_192x192x64,53.4,0.0020,PASS,25.3,211.7,,
1920,3456,768,hk_128x128x64,226.5,0.0078,PASS,228.8,99.0,,
1920,3456,768,hk_192x192x64,280.7,0.0078,PASS,228.8,122.7,,
1920,3584,512,hk_128x128x64,227.5,0.0078,PASS,191.4,118.9,,
1920,3648,6144,hk_192x192x64,455.8,0.0312,PASS,381.6,119.4,,
1920,3840,1024,hk_128x128x64,273.8,0.0078,PASS,292.3,93.7,,
1920,3840,1024,hk_192x192x64,332.8,0.0078,PASS,292.3,113.9,,
1920,3968,128,hk_128x128x64,92.8,0.0039,PASS,60.9,152.3,,
1920,3968,8192,hk_128x128x64,355.0,0.0312,PASS,434.2,81.8,,
1920,4032,384,hk_192x192x64,209.2,0.0039,PASS,115.6,181.0,,
1920,4096,4096,hk_128x128x64,375.4,0.0156,PASS,432.2,86.9,,
1920,4224,384,hk_128x128x64,219.0,0.0078,PASS,135.2,162.0,,
1920,4224,384,hk_192x192x64,245.0,0.0078,PASS,135.2,181.2,,
1920,4352,1024,hk_128x128x64,314.4,0.0078,PASS,308.6,101.9,,
1920,4352,2048,hk_128x128x64,348.6,0.0156,PASS,365.8,95.3,,
1920,4416,6144,hk_192x192x64,498.2,0.0312,PASS,453.3,109.9,,
1920,4480,4096,hk_128x128x64,388.0,0.0156,PASS,447.2,86.8,,
1920,4736,128,hk_128x128x64,98.1,0.0039,PASS,53.9,182.1,,
1920,4800,768,hk_192x192x64,338.8,0.0078,PASS,218.7,154.9,,
1920,4800,3072,hk_192x192x64,448.5,0.0156,PASS,406.7,110.3,,
1920,5184,192,hk_192x192x64,173.2,0.0039,PASS,88.2,196.3,,
1920,5248,8192,hk_128x128x64,314.0,0.0312,PASS,477.6,65.7,,
1920,5504,64,hk_128x128x64,54.8,0.0020,PASS,28.6,191.4,,
1920,5760,1536,hk_128x128x64,284.7,0.0156,PASS,341.0,83.5,,
1920,5760,1536,hk_192x192x64,437.4,0.0156,PASS,341.0,128.3,,
1920,5760,8192,hk_128x128x64,338.5,0.0312,PASS,514.4,65.8,,
1920,5760,8192,hk_192x192x64,590.4,0.0312,PASS,514.4,114.8,,
1920,5952,6144,hk_192x192x64,333.1,0.0312,PASS,516.0,64.5,,
1920,6016,64,hk_128x128x64,56.9,0.0020,PASS,32.5,175.3,,
1920,6144,768,hk_128x128x64,268.6,0.0078,PASS,312.4,86.0,,
1920,6144,768,hk_192x192x64,263.1,0.0078,PASS,312.4,84.2,,
1920,6272,512,hk_128x128x64,254.8,0.0078,PASS,203.3,125.3,,
1920,6400,256,hk_128x128x64,204.2,0.0039,PASS,174.0,117.4,,
1920,6528,64,hk_128x128x64,77.1,0.0020,PASS,35.8,215.5,,
1920,6528,64,hk_192x192x64,80.1,0.0020,PASS,35.8,224.0,,
1920,6528,8192,hk_128x128x64,357.8,0.0312,PASS,487.2,73.4,,
1920,6528,8192,hk_192x192x64,379.0,0.0312,PASS,487.2,77.8,,
1920,6656,2048,hk_128x128x64,373.5,0.0156,PASS,465.8,80.2,,
1920,6912,256,hk_128x128x64,185.0,0.0039,PASS,184.6,100.3,,
1920,6912,256,hk_192x192x64,182.6,0.0039,PASS,184.6,98.9,,
1920,6912,1024,hk_128x128x64,331.7,0.0078,PASS,362.8,91.4,,
1920,6912,1024,hk_192x192x64,318.7,0.0078,PASS,362.8,87.8,,
1920,7168,8192,hk_128x128x64,387.5,0.0312,PASS,568.9,68.1,,
1920,7552,512,hk_128x128x64,251.2,0.0078,PASS,218.7,114.8,,
1920,7680,8192,hk_128x128x64,395.2,0.0312,PASS,586.1,67.4,,
1920,7680,8192,hk_192x192x64,430.1,0.0312,PASS,586.1,73.4,,
1920,7808,256,hk_128x128x64,161.9,0.0039,PASS,105.7,153.2,,
1920,7808,512,hk_128x128x64,247.9,0.0078,PASS,203.8,121.6,,
1920,7808,1024,hk_128x128x64,289.1,0.0078,PASS,295.3,97.9,,
1920,7808,2048,hk_128x128x64,328.3,0.0156,PASS,387.2,84.8,,
1920,7936,64,hk_128x128x64,64.3,0.0020,PASS,61.4,104.7,,
1920,7936,128,hk_128x128x64,124.7,0.0039,PASS,107.3,116.2,,
1920,8064,64,hk_128x128x64,78.0,0.0020,PASS,40.0,195.3,,
1920,8064,64,hk_192x192x64,92.8,0.0020,PASS,40.0,232.2,,
1920,8064,2048,hk_128x128x64,323.6,0.0156,PASS,362.0,89.4,,
1920,8064,2048,hk_192x192x64,425.3,0.0156,PASS,362.0,117.5,,
1920,8064,4096,hk_128x128x64,370.8,0.0156,PASS,470.2,78.9,,
1920,8064,4096,hk_192x192x64,456.3,0.0156,PASS,470.2,97.1,,
1920,8192,512,hk_128x128x64,238.3,0.0078,PASS,282.0,84.5,,
2048,2048,64,hk_128x128x64,37.8,0.0020,PASS,21.6,175.0,,
2048,2048,64,hk_256x256x64,31.0,0.0020,PASS,21.6,143.4,,
2048,2048,512,hk_128x128x64,229.7,0.0078,PASS,141.8,162.0,,
2048,2048,512,hk_256x256x64,131.1,0.0078,PASS,141.8,92.4,,
2048,2048,2048,hk_128x128x64,309.0,0.0156,PASS,258.6,119.5,,
2048,2048,2048,hk_256x256x64,219.0,0.0156,PASS,258.6,84.7,,
2048,2176,64,hk_128x128x64,61.0,0.0020,PASS,21.3,285.9,,
2048,2176,128,hk_128x128x64,104.5,0.0039,PASS,49.1,212.6,,
2048,2688,1024,hk_128x128x64,215.8,0.0078,PASS,227.3,94.9,,
2048,2688,8192,hk_128x128x64,266.8,0.0312,PASS,382.9,69.7,,
2048,2816,64,hk_128x128x64,42.3,0.0020,PASS,28.8,147.1,,
2048,2816,64,hk_256x256x64,42.3,0.0020,PASS,28.8,147.1,,
2048,2816,2048,hk_128x128x64,254.8,0.0156,PASS,316.4,80.5,,
2048,2816,2048,hk_256x256x64,282.5,0.0156,PASS,316.4,89.3,,
2048,2816,8192,hk_128x128x64,286.0,0.0312,PASS,404.2,70.7,,
2048,2816,8192,hk_256x256x64,282.8,0.0312,PASS,404.2,70.0,,
2048,2944,512,hk_128x128x64,204.7,0.0078,PASS,186.7,109.7,,
2048,3072,64,hk_128x128x64,52.5,0.0020,PASS,31.6,166.3,,
2048,3072,64,hk_256x256x64,53.2,0.0020,PASS,31.6,168.3,,
2048,3072,128,hk_128x128x64,99.4,0.0039,PASS,62.9,158.0,,
2048,3072,128,hk_256x256x64,88.3,0.0039,PASS,62.9,140.4,,
2048,3072,1024,hk_128x128x64,241.3,0.0078,PASS,234.3,103.0,,
2048,3072,1024,hk_256x256x64,273.7,0.0078,PASS,234.3,116.8,,
2048,3072,2048,hk_128x128x64,276.5,0.0156,PASS,305.3,90.5,,
2048,3072,2048,hk_256x256x64,289.4,0.0156,PASS,305.3,94.8,,
2048,3200,4096,hk_128x128x64,315.6,0.0156,PASS,371.6,85.0,,
2048,3328,512,hk_128x128x64,216.8,0.0078,PASS,190.2,114.0,,
2048,3328,512,hk_256x256x64,176.6,0.0078,PASS,190.2,92.8,,
2048,3328,2048,hk_128x128x64,297.6,0.0156,PASS,340.2,87.5,,
2048,3328,2048,hk_256x256x64,304.9,0.0156,PASS,340.2,89.6,,
2048,3584,512,hk_128x128x64,245.8,0.0078,PASS,202.7,121.2,,
2048,3584,512,hk_256x256x64,206.1,0.0078,PASS,202.7,101.6,,
2048,3584,1024,hk_128x128x64,285.4,0.0078,PASS,273.2,104.5,,
2048,3584,1024,hk_256x256x64,290.3,0.0078,PASS,273.2,106.3,,
2048,3584,2048,hk_128x128x64,319.4,0.0156,PASS,317.4,100.6,,
2048,3584,2048,hk_256x256x64,324.8,0.0156,PASS,317.4,102.3,,
2048,3712,64,hk_128x128x64,59.2,0.0020,PASS,36.5,162.2,,
2048,3712,4096,hk_128x128x64,358.8,0.0156,PASS,400.6,89.6,,
2048,3840,1024,hk_128x128x64,293.6,0.0078,PASS,300.5,97.7,,
2048,3840,1024,hk_256x256x64,255.6,0.0078,PASS,300.5,85.1,,
2048,4224,64,hk_128x128x64,63.8,0.0020,PASS,29.1,219.5,,
2048,4352,64,hk_128x128x64,69.5,0.0020,PASS,42.0,165.3,,
2048,4352,64,hk_256x256x64,68.9,0.0020,PASS,42.0,164.0,,
2048,4352,4096,hk_128x128x64,381.4,0.0156,PASS,405.3,94.1,,
2048,4352,4096,hk_256x256x64,341.3,0.0156,PASS,405.3,84.2,,
2048,4480,512,hk_128x128x64,261.5,0.0078,PASS,176.0,148.6,,
2048,4864,4096,hk_128x128x64,430.1,0.0156,PASS,481.0,89.4,,
2048,4864,4096,hk_256x256x64,359.3,0.0156,PASS,481.0,74.7,,
2048,4992,1024,hk_128x128x64,260.5,0.0078,PASS,278.9,93.4,,
2048,4992,2048,hk_128x128x64,292.7,0.0156,PASS,369.8,79.2,,
2048,5248,2048,hk_128x128x64,314.5,0.0156,PASS,364.1,86.4,,
2048,5376,64,hk_128x128x64,60.6,0.0020,PASS,45.0,134.8,,
2048,5376,64,hk_256x256x64,67.3,0.0020,PASS,45.0,149.7,,
2048,5504,2048,hk_128x128x64,320.9,0.0156,PASS,354.4,90.5,,
2048,5632,128,hk_128x128x64,114.9,0.0039,PASS,92.4,124.3,,
2048,5632,128,hk_256x256x64,120.3,0.0039,PASS,92.4,130.2,,
2048,5632,2048,hk_128x128x64,330.9,0.0156,PASS,395.8,83.6,,
2048,5632,2048,hk_256x256x64,428.6,0.0156,PASS,395.8,108.3,,
2048,5760,512,hk_128x128x64,236.6,0.0078,PASS,188.5,125.5,,
2048,5888,512,hk_128x128x64,243.0,0.0078,PASS,244.5,99.4,,
2048,5888,512,hk_256x256x64,297.3,0.0078,PASS,244.5,121.6,,
2048,5888,2048,hk_128x128x64,342.5,0.0156,PASS,417.9,82.0,,
2048,5888,2048,hk_256x256x64,449.4,0.0156,PASS,417.9,107.5,,
2048,6016,64,hk_128x128x64,64.7,0.0020,PASS,32.2,200.9,,
2048,6144,64,hk_128x128x64,65.2,0.0020,PASS,51.2,127.5,,
2048,6144,64,hk_256x256x64,83.2,0.0020,PASS,51.2,162.7,,
2048,6144,128,hk_128x128x64,127.9,0.0039,PASS,99.0,129.2,,
2048,6144,128,hk_256x256x64,145.9,0.0039,PASS,99.0,147.4,,
2048,6144,512,hk_128x128x64,261.4,0.0078,PASS,229.7,113.8,,
2048,6144,512,hk_256x256x64,285.2,0.0078,PASS,229.7,124.2,,
2048,6144,2048,hk_128x128x64,359.8,0.0156,PASS,393.4,91.5,,
2048,6144,2048,hk_256x256x64,469.7,0.0156,PASS,393.4,119.4,,
2048,6272,64,hk_128x128x64,65.3,0.0020,PASS,33.7,193.8,,
2048,6272,128,hk_128x128x64,126.3,0.0039,PASS,65.2,193.7,,
2048,6528,1024,hk_128x128x64,303.9,0.0078,PASS,281.2,108.1,,
2048,6656,2048,hk_128x128x64,361.6,0.0156,PASS,393.9,91.8,,
2048,6656,2048,hk_256x256x64,478.1,0.0156,PASS,393.9,121.4,,
2048,6784,256,hk_128x128x64,201.9,0.0039,PASS,148.6,135.9,,
2048,6784,512,hk_128x128x64,284.0,0.0078,PASS,235.2,120.8,,
2048,6784,2048,hk_128x128x64,372.7,0.0156,PASS,401.4,92.8,,
2048,6784,8192,hk_128x128x64,404.1,0.0312,PASS,535.1,75.5,,
2048,6912,128,hk_128x128x64,103.5,0.0039,PASS,98.4,105.2,,
2048,6912,128,hk_256x256x64,123.1,0.0039,PASS,98.4,125.1,,
2048,6912,512,hk_128x128x64,287.9,0.0078,PASS,265.8,108.3,,
2048,6912,512,hk_256x256x64,310.8,0.0078,PASS,265.8,116.9,,
2048,6912,8192,hk_128x128x64,384.6,0.0312,PASS,552.1,69.7,,
2048,6912,8192,hk_256x256x64,488.0,0.0312,PASS,552.1,88.4,,
2048,7040,1024,hk_128x128x64,325.4,0.0078,PASS,267.9,121.4,,
2048,7040,2048,hk_128x128x64,401.0,0.0156,PASS,398.1,100.7,,
2048,7168,128,hk_128x128x64,127.5,0.0039,PASS,107.1,119.0,,
2048,7168,128,hk_256x256x64,141.7,0.0039,PASS,107.1,132.2,,
2048,7424,128,hk_128x128x64,122.5,0.0039,PASS,102.3,119.7,,
2048,7424,128,hk_256x256x64,146.9,0.0039,PASS,102.3,143.5,,
2048,7552,128,hk_128x128x64,126.9,0.0039,PASS,92.3,137.5,,
2048,7552,512,hk_128x128x64,241.9,0.0078,PASS,220.2,109.8,,
2048,7680,2048,hk_128x128x64,333.6,0.0156,PASS,407.0,82.0,,
2048,7680,2048,hk_256x256x64,523.1,0.0156,PASS,407.0,128.5,,
2048,7808,2048,hk_128x128x64,359.9,0.0156,PASS,407.8,88.2,,
2048,7936,512,hk_128x128x64,260.6,0.0078,PASS,277.1,94.1,,
2048,7936,512,hk_256x256x64,345.5,0.0078,PASS,277.1,124.7,,
2048,8064,1024,hk_128x128x64,320.0,0.0078,PASS,315.6,101.4,,
2048,8192,4096,hk_128x128x64,365.7,0.0156,PASS,532.6,68.7,,
2048,8192,4096,hk_256x256x64,566.1,0.0156,PASS,532.6,106.3,,
2048,8192,8192,hk_128x128x64,388.1,0.0312,PASS,615.6,63.0,,
2048,8192,8192,hk_256x256x64,577.7,0.0312,PASS,615.6,93.8,,
2112,2112,64,hk_192x192x64,35.2,0.0020,PASS,14.6,241.1,,
2112,2496,1536,hk_192x192x64,239.4,0.0156,PASS,231.3,103.5,,
2112,2688,64,hk_192x192x64,52.3,0.0020,PASS,27.8,188.1,,
2112,2688,6144,hk_192x192x64,352.5,0.0312,PASS,357.9,98.5,,
2112,2880,64,hk_192x192x64,48.8,0.0039,PASS,23.4,209.0,,
2112,2880,192,hk_192x192x64,126.7,0.0039,PASS,65.5,193.4,,
2112,2880,384,hk_192x192x64,214.4,0.0078,PASS,113.7,188.5,,
2112,2880,3072,hk_192x192x64,337.0,0.0156,PASS,306.3,110.0,,
2112,3072,768,hk_192x192x64,274.7,0.0078,PASS,229.2,119.9,,
2112,3072,3072,hk_192x192x64,381.2,0.0156,PASS,360.8,105.7,,
2112,3072,6144,hk_192x192x64,405.3,0.0312,PASS,436.7,92.8,,
2112,3264,64,hk_192x192x64,54.0,0.0020,PASS,24.2,223.5,,
2112,3264,768,hk_192x192x64,280.6,0.0078,PASS,199.7,140.5,,
2112,3456,768,hk_192x192x64,298.3,0.0078,PASS,240.9,123.9,,
2112,3456,6144,hk_192x192x64,461.5,0.0312,PASS,372.8,123.8,,
2112,3648,768,hk_192x192x64,305.7,0.0078,PASS,209.4,146.0,,
2112,4032,6144,hk_192x192x64,496.9,0.0156,PASS,471.3,105.4,,
2112,4224,192,hk_192x192x64,146.5,0.0039,PASS,74.8,195.8,,
2112,4224,384,hk_192x192x64,252.4,0.0078,PASS,134.1,188.2,,
2112,4608,6144,hk_192x192x64,529.1,0.0312,PASS,492.8,107.4,,
2112,4800,384,hk_192x192x64,255.4,0.0078,PASS,126.7,201.6,,
2112,5376,1536,hk_192x192x64,289.5,0.0156,PASS,390.9,74.1,,
2112,5568,6144,hk_192x192x64,335.0,0.0312,PASS,462.2,72.5,,
2112,5952,3072,hk_192x192x64,345.0,0.0156,PASS,425.8,81.0,,
2112,5952,6144,hk_192x192x64,361.6,0.0312,PASS,502.0,72.0,,
2176,2432,8192,hk_128x128x64,255.3,0.0312,PASS,454.7,56.2,,
2176,2560,512,hk_128x128x64,173.7,0.0078,PASS,157.4,110.3,,
2176,2560,1024,hk_128x128x64,221.6,0.0078,PASS,249.2,88.9,,
2176,2688,64,hk_128x128x64,52.3,0.0020,PASS,31.6,165.5,,
2176,2688,256,hk_128x128x64,144.9,0.0039,PASS,109.5,132.4,,
2176,2816,64,hk_128x128x64,57.0,0.0020,PASS,33.1,172.2,,
2176,2944,512,hk_128x128x64,218.6,0.0078,PASS,164.5,132.9,,
2176,3072,256,hk_128x128x64,162.2,0.0039,PASS,113.5,142.9,,
2176,3200,256,hk_128x128x64,176.6,0.0039,PASS,121.1,145.8,,
2176,3200,2048,hk_128x128x64,295.2,0.0156,PASS,310.9,94.9,,
2176,3328,1024,hk_128x128x64,283.7,0.0078,PASS,263.6,107.6,,
2176,3456,512,hk_128x128x64,241.5,0.0078,PASS,198.6,121.6,,
2176,3584,8192,hk_128x128x64,359.8,0.0312,PASS,459.4,78.3,,
2176,3712,128,hk_128x128x64,89.3,0.0039,PASS,62.6,142.7,,
2176,3712,512,hk_128x128x64,243.7,0.0078,PASS,183.8,132.6,,
2176,3840,256,hk_128x128x64,184.5,0.0039,PASS,135.5,136.2,,
2176,3840,8192,hk_128x128x64,355.2,0.0312,PASS,439.8,80.8,,
2176,3968,1024,hk_128x128x64,284.4,0.0078,PASS,267.1,106.4,,
2176,4096,128,hk_128x128x64,96.5,0.0039,PASS,75.2,128.3,,
2176,4096,256,hk_128x128x64,183.3,0.0039,PASS,135.7,135.1,,
2176,4224,4096,hk_128x128x64,402.7,0.0156,PASS,418.4,96.2,,
2176,4352,128,hk_128x128x64,112.7,0.0039,PASS,83.3,135.4,,
2176,4608,128,hk_128x128x64,101.1,0.0039,PASS,81.3,124.4,,
2176,4608,8192,hk_128x128x64,317.7,0.0312,PASS,492.2,64.5,,
2176,4736,64,hk_128x128x64,57.1,0.0020,PASS,29.0,196.5,,
2176,4736,2048,hk_128x128x64,295.4,0.0156,PASS,378.3,78.1,,
2176,4736,4096,hk_128x128x64,328.3,0.0156,PASS,448.2,73.3,,
2176,4864,512,hk_128x128x64,211.3,0.0078,PASS,235.0,89.9,,
2176,4864,8192,hk_128x128x64,329.3,0.0312,PASS,525.2,62.7,,
2176,5120,64,hk_128x128x64,58.7,0.0020,PASS,47.8,122.7,,
2176,5120,2048,hk_128x128x64,318.4,0.0156,PASS,425.7,74.8,,
2176,5248,2048,hk_128x128x64,329.3,0.0156,PASS,365.9,90.0,,
2176,5248,8192,hk_128x128x64,336.0,0.0312,PASS,508.6,66.1,,
2176,5376,512,hk_128x128x64,227.2,0.0078,PASS,243.6,93.2,,
2176,5504,8192,hk_128x128x64,342.8,0.0312,PASS,515.3,66.5,,
2176,5632,64,hk_128x128x64,61.1,0.0039,PASS,45.5,134.4,,
2176,5632,256,hk_128x128x64,182.2,0.0039,PASS,149.8,121.6,,
2176,5632,8192,hk_128x128x64,345.3,0.0312,PASS,522.1,66.1,,
2176,5760,2048,hk_128x128x64,347.2,0.0156,PASS,398.9,87.0,,
2176,5888,2048,hk_128x128x64,365.6,0.0156,PASS,466.3,78.4,,
2176,5888,8192,hk_128x128x64,367.8,0.0312,PASS,564.9,65.1,,
2176,6016,128,hk_128x128x64,100.4,0.0039,PASS,76.7,130.8,,
2176,6016,512,hk_128x128x64,272.1,0.0078,PASS,203.7,133.5,,
2176,6016,1024,hk_128x128x64,329.4,0.0078,PASS,287.1,114.7,,
2176,6016,2048,hk_128x128x64,373.6,0.0156,PASS,375.0,99.6,,
2176,6144,256,hk_128x128x64,195.1,0.0039,PASS,176.3,110.7,,
2176,6400,1024,hk_128x128x64,338.2,0.0078,PASS,368.3,91.8,,
2176,6528,128,hk_128x128x64,134.2,0.0039,PASS,91.8,146.2,,
2176,6528,1024,hk_128x128x64,329.6,0.0078,PASS,327.3,100.7,,
2176,6912,4096,hk_128x128x64,362.9,0.0156,PASS,498.9,72.7,,
2176,6912,8192,hk_128x128x64,350.0,0.0312,PASS,576.7,60.7,,
2176,7040,128,hk_128x128x64,107.2,0.0039,PASS,60.2,178.0,,
2176,7040,2048,hk_128x128x64,325.6,0.0156,PASS,394.4,82.6,,
2176,7296,256,hk_128x128x64,188.1,0.0039,PASS,156.0,120.6,,
2176,7424,256,hk_128x128x64,186.4,0.0039,PASS,193.4,96.4,,
2176,7424,512,hk_128x128x64,255.2,0.0078,PASS,257.1,99.2,,
2176,7680,1024,hk_128x128x64,314.5,0.0078,PASS,358.4,87.7,,
2176,7936,2048,hk_128x128x64,382.5,0.0156,PASS,463.5,82.5,,
2176,8064,1024,hk_128x128x64,339.2,0.0078,PASS,306.5,110.6,,
2176,8064,4096,hk_128x128x64,388.3,0.0156,PASS,497.1,78.1,,
2176,8192,64,hk_128x128x64,71.7,0.0020,PASS,68.3,105.0,,
2304,2304,128,hk_128x128x64,60.9,0.0039,PASS,47.3,128.7,,
2304,2304,128,hk_192x192x64,81.5,0.0039,PASS,47.3,172.4,,
2304,2304,128,hk_256x256x64,65.1,0.0039,PASS,47.3,137.6,,
2304,2432,256,hk_128x128x64,138.3,0.0039,PASS,97.1,142.5,,
2304,2688,128,hk_128x128x64,97.9,0.0039,PASS,67.6,144.9,,
2304,2688,128,hk_192x192x64,113.0,0.0039,PASS,67.6,167.2,,
2304,2688,512,hk_128x128x64,215.2,0.0078,PASS,180.2,119.4,,
2304,2688,512,hk_192x192x64,255.0,0.0078,PASS,180.2,141.5,,
2304,2688,1536,hk_128x128x64,235.2,0.0078,PASS,282.5,83.2,,
2304,2688,1536,hk_192x192x64,308.9,0.0078,PASS,282.5,109.4,,
2304,2688,2048,hk_128x128x64,270.5,0.0156,PASS,313.1,86.4,,
2304,2688,2048,hk_192x192x64,373.7,0.0156,PASS,313.1,119.3,,
2304,2688,3072,hk_128x128x64,265.0,0.0156,PASS,368.4,71.9,,
2304,2688,3072,hk_192x192x64,345.7,0.0156,PASS,368.4,93.8,,
2304,2688,6144,hk_128x128x64,270.2,0.0312,PASS,426.7,63.3,,
2304,2688,6144,hk_192x192x64,401.5,0.0312,PASS,426.7,94.1,,
2304,2816,256,hk_128x128x64,142.6,0.0039,PASS,117.8,121.1,,
2304,2816,256,hk_256x256x64,128.9,0.0039,PASS,117.8,109.4,,
2304,2816,1024,hk_128x128x64,249.1,0.0078,PASS,278.5,89.5,,
2304,2816,1024,hk_256x256x64,257.0,0.0078,PASS,278.5,92.3,,
2304,2880,64,hk_192x192x64,65.3,0.0020,PASS,31.9,204.6,,
2304,2880,768,hk_192x192x64,281.7,0.0078,PASS,197.2,142.9,,
2304,2880,1536,hk_192x192x64,325.2,0.0156,PASS,252.1,129.0,,
2304,2944,128,hk_128x128x64,105.3,0.0039,PASS,70.7,148.9,,
2304,2944,1024,hk_128x128x64,268.2,0.0078,PASS,257.7,104.1,,
2304,3072,1536,hk_128x128x64,267.5,0.0078,PASS,309.7,86.4,,
2304,3072,1536,hk_192x192x64,354.5,0.0078,PASS,309.7,114.5,,
2304,3072,1536,hk_256x256x64,289.8,0.0078,PASS,309.7,93.6,,
2304,3264,192,hk_192x192x64,135.7,0.0039,PASS,72.0,188.4,,
2304,3456,1024,hk_128x128x64,296.4,0.0078,PASS,273.7,108.3,,
2304,3456,1024,hk_192x192x64,331.5,0.0078,PASS,273.7,121.1,,
2304,3456,3072,hk_128x128x64,333.2,0.0156,PASS,349.8,95.3,,
2304,3456,3072,hk_192x192x64,453.3,0.0156,PASS,349.8,129.6,,
2304,3584,256,hk_128x128x64,166.9,0.0039,PASS,140.9,118.5,,
2304,3584,256,hk_256x256x64,139.1,0.0039,PASS,140.9,98.7,,
2304,3584,2048,hk_128x128x64,355.2,0.0156,PASS,385.6,92.1,,
2304,3584,2048,hk_256x256x64,350.1,0.0156,PASS,385.6,90.8,,
2304,3840,256,hk_128x128x64,189.8,0.0039,PASS,142.8,132.9,,
2304,3840,256,hk_192x192x64,207.4,0.0039,PASS,142.8,145.2,,
2304,3840,256,hk_256x256x64,174.0,0.0039,PASS,142.8,121.8,,
2304,3840,384,hk_128x128x64,220.0,0.0078,PASS,186.9,117.7,,
2304,3840,384,hk_192x192x64,268.3,0.0078,PASS,186.9,143.5,,
2304,3840,384,hk_256x256x64,231.6,0.0078,PASS,186.9,123.9,,
2304,3840,768,hk_128x128x64,270.1,0.0078,PASS,256.1,105.5,,
2304,3840,768,hk_192x192x64,314.0,0.0078,PASS,256.1,122.6,,
2304,3840,768,hk_256x256x64,285.6,0.0078,PASS,256.1,111.5,,
2304,3840,1536,hk_128x128x64,324.5,0.0078,PASS,333.5,97.3,,
2304,3840,1536,hk_192x192x64,404.8,0.0078,PASS,333.5,121.4,,
2304,3840,1536,hk_256x256x64,321.2,0.0078,PASS,333.5,96.3,,
2304,3840,3072,hk_128x128x64,370.0,0.0156,PASS,431.1,85.8,,
2304,3840,3072,hk_192x192x64,479.8,0.0156,PASS,431.1,111.3,,
2304,3840,3072,hk_256x256x64,351.9,0.0156,PASS,431.1,81.6,,
2304,3840,4096,hk_128x128x64,418.9,0.0156,PASS,482.4,86.8,,
2304,3840,4096,hk_192x192x64,548.4,0.0156,PASS,482.4,113.7,,
2304,3840,4096,hk_256x256x64,347.9,0.0156,PASS,482.4,72.1,,
2304,4096,64,hk_128x128x64,58.7,0.0020,PASS,40.8,143.8,,
2304,4096,64,hk_256x256x64,58.8,0.0020,PASS,40.8,144.2,,
2304,4096,512,hk_128x128x64,248.7,0.0078,PASS,243.7,102.1,,
2304,4096,512,hk_256x256x64,254.6,0.0078,PASS,243.7,104.5,,
2304,4096,1024,hk_128x128x64,299.5,0.0078,PASS,315.0,95.1,,
2304,4096,1024,hk_256x256x64,314.0,0.0078,PASS,315.0,99.7,,
2304,4224,64,hk_128x128x64,76.9,0.0020,PASS,33.9,226.8,,
2304,4224,64,hk_192x192x64,80.9,0.0020,PASS,33.9,238.6,,
2304,4224,192,hk_128x128x64,174.1,0.0039,PASS,89.3,195.0,,
2304,4224,192,hk_192x192x64,197.2,0.0039,PASS,89.3,220.9,,
2304,4224,6144,hk_128x128x64,415.0,0.0312,PASS,404.8,102.5,,
2304,4224,6144,hk_192x192x64,524.7,0.0312,PASS,404.8,129.6,,
2304,4224,8192,hk_128x128x64,413.6,0.0312,PASS,501.0,82.6,,
2304,4224,8192,hk_192x192x64,531.6,0.0312,PASS,501.0,106.1,,
2304,4352,256,hk_128x128x64,121.2,0.0039,PASS,127.8,94.9,,
2304,4352,256,hk_256x256x64,148.4,0.0039,PASS,127.8,116.1,,
2304,4352,1024,hk_128x128x64,256.9,0.0078,PASS,318.5,80.7,,
2304,4352,1024,hk_256x256x64,338.2,0.0078,PASS,318.5,106.2,,
2304,4352,2048,hk_128x128x64,280.8,0.0156,PASS,397.6,70.6,,
2304,4352,2048,hk_256x256x64,418.2,0.0156,PASS,397.6,105.2,,
2304,4352,4096,hk_128x128x64,320.8,0.0156,PASS,465.2,69.0,,
2304,4352,4096,hk_256x256x64,415.5,0.0156,PASS,465.2,89.3,,
2304,4480,64,hk_128x128x64,58.3,0.0020,PASS,32.7,178.5,,
2304,4480,128,hk_128x128x64,112.7,0.0039,PASS,62.9,179.3,,
2304,4480,2048,hk_128x128x64,285.7,0.0156,PASS,364.2,78.4,,
2304,4480,8192,hk_128x128x64,323.9,0.0312,PASS,513.8,63.0,,
2304,4608,1024,hk_128x128x64,274.8,0.0078,PASS,348.7,78.8,,
2304,4608,1024,hk_192x192x64,406.7,0.0078,PASS,348.7,116.6,,
2304,4608,1024,hk_256x256x64,347.9,0.0078,PASS,348.7,99.8,,
2304,4736,64,hk_128x128x64,65.2,0.0020,PASS,35.5,183.8,,
2304,4736,4096,hk_128x128x64,345.4,0.0156,PASS,423.5,81.5,,
2304,4736,8192,hk_128x128x64,333.9,0.0312,PASS,532.3,62.7,,
2304,4864,64,hk_128x128x64,56.9,0.0020,PASS,49.2,115.5,,
2304,4864,64,hk_256x256x64,72.1,0.0020,PASS,49.2,146.4,,
2304,4864,4096,hk_128x128x64,352.8,0.0156,PASS,462.7,76.2,,
2304,4864,4096,hk_256x256x64,427.0,0.0156,PASS,462.7,92.3,,
2304,4864,8192,hk_128x128x64,327.6,0.0312,PASS,559.7,58.5,,
2304,4864,8192,hk_256x256x64,441.0,0.0312,PASS,559.7,78.8,,
2304,4992,64,hk_128x128x64,58.3,0.0020,PASS,28.8,202.4,,
2304,4992,64,hk_192x192x64,57.5,0.0020,PASS,28.8,199.8,,
2304,4992,384,hk_128x128x64,221.1,0.0078,PASS,153.3,144.3,,
2304,4992,384,hk_192x192x64,214.0,0.0078,PASS,153.3,139.6,,
2304,4992,1024,hk_128x128x64,285.8,0.0078,PASS,257.0,111.2,,
2304,4992,1024,hk_192x192x64,283.0,0.0078,PASS,257.0,110.1,,
2304,4992,3072,hk_128x128x64,325.4,0.0156,PASS,397.6,81.8,,
2304,4992,3072,hk_192x192x64,314.0,0.0156,PASS,397.6,79.0,,
2304,5120,128,hk_128x128x64,113.2,0.0039,PASS,96.5,117.2,,
2304,5120,128,hk_256x256x64,134.3,0.0039,PASS,96.5,139.2,,
2304,5120,1024,hk_128x128x64,293.0,0.0078,PASS,319.2,91.8,,
2304,5120,1024,hk_256x256x64,352.9,0.0078,PASS,319.2,110.6,,
2304,5120,4096,hk_128x128x64,371.7,0.0156,PASS,438.6,84.7,,
2304,5120,4096,hk_256x256x64,431.7,0.0156,PASS,438.6,98.4,,
2304,5184,6144,hk_192x192x64,343.9,0.0312,PASS,479.7,71.7,,
2304,5376,128,hk_128x128x64,113.7,0.0039,PASS,101.3,112.2,,
2304,5376,128,hk_192x192x64,116.5,0.0039,PASS,101.3,115.0,,
2304,5376,128,hk_256x256x64,136.3,0.0039,PASS,101.3,134.5,,
2304,5376,192,hk_128x128x64,171.4,0.0039,PASS,142.6,120.2,,
2304,5376,192,hk_192x192x64,167.6,0.0039,PASS,142.6,117.5,,
2304,5376,192,hk_256x256x64,190.7,0.0039,PASS,142.6,133.8,,
2304,5376,8192,hk_128x128x64,359.5,0.0312,PASS,499.0,72.0,,
2304,5376,8192,hk_192x192x64,371.6,0.0312,PASS,499.0,74.5,,
2304,5376,8192,hk_256x256x64,487.1,0.0312,PASS,499.0,97.6,,
2304,5632,4096,hk_128x128x64,387.6,0.0156,PASS,546.8,70.9,,
2304,5632,4096,hk_256x256x64,459.4,0.0156,PASS,546.8,84.0,,
2304,5632,8192,hk_128x128x64,366.0,0.0312,PASS,599.3,61.1,,
2304,5632,8192,hk_256x256x64,471.9,0.0312,PASS,599.3,78.7,,
2304,5760,768,hk_128x128x64,272.7,0.0078,PASS,231.7,117.7,,
2304,5760,768,hk_192x192x64,288.9,0.0078,PASS,231.7,124.7,,
2304,5760,1024,hk_128x128x64,323.8,0.0078,PASS,293.5,110.3,,
2304,5760,1024,hk_192x192x64,326.1,0.0078,PASS,293.5,111.1,,
2304,5888,128,hk_128x128x64,135.5,0.0039,PASS,110.5,122.6,,
2304,5888,128,hk_256x256x64,149.9,0.0039,PASS,110.5,135.6,,
2304,5952,768,hk_192x192x64,303.6,0.0078,PASS,250.5,121.2,,
2304,6144,512,hk_128x128x64,279.8,0.0078,PASS,260.9,107.2,,
2304,6144,512,hk_192x192x64,293.2,0.0078,PASS,260.9,112.4,,
2304,6144,512,hk_256x256x64,320.3,0.0078,PASS,260.9,122.8,,
2304,6144,4096,hk_128x128x64,431.0,0.0156,PASS,515.9,83.5,,
2304,6144,4096,hk_192x192x64,409.8,0.0156,PASS,515.9,79.4,,
2304,6144,4096,hk_256x256x64,528.1,0.0156,PASS,515.9,102.4,,
2304,6272,128,hk_128x128x64,118.4,0.0039,PASS,89.0,133.0,,
2304,6656,64,hk_128x128x64,67.1,0.0020,PASS,58.0,115.6,,
2304,6656,64,hk_256x256x64,87.5,0.0020,PASS,58.0,150.7,,
2304,6784,256,hk_128x128x64,183.9,0.0039,PASS,126.0,145.9,,
2304,6784,4096,hk_128x128x64,373.6,0.0156,PASS,430.8,86.7,,
2304,6912,1024,hk_128x128x64,296.8,0.0078,PASS,366.1,81.1,,
2304,6912,1024,hk_192x192x64,363.1,0.0078,PASS,366.1,99.2,,
2304,6912,1024,hk_256x256x64,424.9,0.0078,PASS,366.1,116.1,,
2304,7296,512,hk_128x128x64,266.8,0.0078,PASS,240.0,111.1,,
2304,7296,512,hk_192x192x64,314.4,0.0078,PASS,240.0,131.0,,
2304,7296,4096,hk_128x128x64,391.3,0.0156,PASS,462.2,84.7,,
2304,7296,4096,hk_192x192x64,487.2,0.0156,PASS,462.2,105.4,,
2304,7424,64,hk_128x128x64,66.1,0.0020,PASS,65.7,100.7,,
2304,7424,64,hk_256x256x64,86.4,0.0020,PASS,65.7,131.6,,
2304,7680,128,hk_128x128x64,134.5,0.0039,PASS,122.1,110.2,,
2304,7680,128,hk_192x192x64,158.0,0.0039,PASS,122.1,129.5,,
2304,7680,128,hk_256x256x64,179.4,0.0039,PASS,122.1,147.0,,
2304,7680,1024,hk_128x128x64,317.3,0.0078,PASS,388.2,81.7,,
2304,7680,1024,hk_192x192x64,378.9,0.0078,PASS,388.2,97.6,,
2304,7680,1024,hk_256x256x64,449.3,0.0078,PASS,388.2,115.7,,
2304,7808,128,hk_128x128x64,133.7,0.0039,PASS,78.6,170.2,,
2304,7808,2048,hk_128x128x64,393.0,0.0156,PASS,394.2,99.7,,
2304,7936,8192,hk_128x128x64,404.1,0.0312,PASS,564.6,71.6,,
2304,7936,8192,hk_256x256x64,583.0,0.0312,PASS,564.6,103.3,,
2304,8064,256,hk_128x128x64,179.0,0.0039,PASS,104.6,171.2,,
2304,8064,256,hk_192x192x64,219.1,0.0039,PASS,104.6,209.5,,
2304,8064,512,hk_128x128x64,301.3,0.0078,PASS,211.8,142.2,,
2304,8064,512,hk_192x192x64,327.0,0.0078,PASS,211.8,154.4,,
2304,8192,2048,hk_128x128x64,402.8,0.0156,PASS,440.9,91.4,,
2304,8192,2048,hk_256x256x64,584.3,0.0156,PASS,440.9,132.5,,
2432,2432,512,hk_128x128x64,173.8,0.0078,PASS,169.5,102.5,,
2432,2432,8192,hk_128x128x64,287.4,0.0312,PASS,471.8,60.9,,
2432,2688,8192,hk_128x128x64,312.6,0.0312,PASS,470.6,66.4,,
2432,2816,1024,hk_128x128x64,263.1,0.0078,PASS,267.9,98.2,,
2432,2816,4096,hk_128x128x64,330.2,0.0156,PASS,428.5,77.1,,
2432,2944,256,hk_128x128x64,124.5,0.0039,PASS,123.6,100.7,,
2432,3072,2048,hk_128x128x64,325.6,0.0156,PASS,382.7,85.1,,
2432,3200,2048,hk_128x128x64,338.1,0.0156,PASS,368.1,91.9,,
2432,3200,8192,hk_128x128x64,337.1,0.0312,PASS,462.8,72.8,,
2432,3584,256,hk_128x128x64,162.3,0.0039,PASS,128.6,126.1,,
2432,3584,2048,hk_128x128x64,361.5,0.0156,PASS,432.6,83.6,,
2432,3712,512,hk_128x128x64,257.7,0.0078,PASS,215.5,119.6,,
2432,3712,2048,hk_128x128x64,357.0,0.0156,PASS,389.0,91.8,,
2432,3968,2048,hk_128x128x64,378.3,0.0156,PASS,380.9,99.3,,
2432,3968,8192,hk_128x128x64,412.5,0.0312,PASS,493.6,83.6,,
2432,4096,64,hk_128x128x64,54.8,0.0020,PASS,44.9,122.1,,
2432,4096,128,hk_128x128x64,92.0,0.0039,PASS,78.8,116.7,,
2432,4096,4096,hk_128x128x64,446.6,0.0156,PASS,500.9,89.2,,
2432,4224,1024,hk_128x128x64,243.7,0.0078,PASS,267.1,91.3,,
2432,4352,128,hk_128x128x64,87.9,0.0039,PASS,82.2,106.9,,
2432,4352,2048,hk_128x128x64,308.5,0.0156,PASS,411.8,74.9,,
2432,4480,256,hk_128x128x64,172.3,0.0039,PASS,113.2,152.2,,
2432,4480,1024,hk_128x128x64,278.3,0.0078,PASS,267.1,104.2,,
2432,4608,512,hk_128x128x64,233.8,0.0078,PASS,243.3,96.1,,
2432,4608,2048,hk_128x128x64,322.8,0.0156,PASS,406.9,79.3,,
2432,4608,4096,hk_128x128x64,361.4,0.0156,PASS,491.9,73.5,,
2432,4736,64,hk_128x128x64,58.8,0.0020,PASS,32.5,181.1,,
2432,4736,2048,hk_128x128x64,328.4,0.0156,PASS,380.0,86.4,,
2432,4864,4096,hk_128x128x64,376.4,0.0156,PASS,493.6,76.3,,
2432,4992,1024,hk_128x128x64,294.8,0.0078,PASS,266.1,110.8,,
2432,5120,64,hk_128x128x64,70.7,0.0020,PASS,52.4,134.9,,
2432,5120,128,hk_128x128x64,116.4,0.0039,PASS,98.4,118.3,,
2432,5120,512,hk_128x128x64,259.0,0.0078,PASS,232.0,111.6,,
2432,5120,4096,hk_128x128x64,378.3,0.0156,PASS,469.3,80.6,,
2432,5504,8192,hk_128x128x64,367.0,0.0312,PASS,560.1,65.5,,
2432,5632,256,hk_128x128x64,168.4,0.0039,PASS,161.8,104.0,,
2432,5632,1024,hk_128x128x64,334.7,0.0078,PASS,333.7,100.3,,
2432,5888,4096,hk_128x128x64,413.4,0.0156,PASS,517.7,79.9,,
2432,5888,8192,hk_128x128x64,383.7,0.0312,PASS,576.7,66.5,,
2432,6016,2048,hk_128x128x64,403.4,0.0156,PASS,374.0,107.9,,
2432,6144,128,hk_128x128x64,123.4,0.0039,PASS,105.6,116.9,,
2432,6144,8192,hk_128x128x64,420.0,0.0312,PASS,570.8,73.6,,
2432,6400,512,hk_128x128x64,221.2,0.0078,PASS,258.5,85.6,,
2432,6528,1024,hk_128x128x64,309.1,0.0078,PASS,277.7,111.3,,
2432,7040,128,hk_128x128x64,126.9,0.0039,PASS,74.8,169.6,,
2432,7168,1024,hk_128x128x64,329.6,0.0078,PASS,406.4,81.1,,
2432,7296,128,hk_128x128x64,138.8,0.0039,PASS,97.4,142.6,,
2432,7296,512,hk_128x128x64,284.1,0.0078,PASS,234.9,121.0,,
2432,7424,64,hk_128x128x64,84.9,0.0020,PASS,74.9,113.4,,
2432,7424,128,hk_128x128x64,137.2,0.0039,PASS,132.9,103.3,,
2432,7424,8192,hk_128x128x64,388.8,0.0312,PASS,540.8,71.9,,
2432,7552,64,hk_128x128x64,70.1,0.0020,PASS,50.8,138.1,,
2432,7552,4096,hk_128x128x64,413.7,0.0156,PASS,499.6,82.8,,
2432,7680,8192,hk_128x128x64,399.9,0.0312,PASS,636.9,62.8,,
2432,7808,512,hk_128x128x64,276.8,0.0078,PASS,242.7,114.1,,
2432,8064,1024,hk_128x128x64,349.5,0.0078,PASS,331.8,105.3,,
2496,2496,384,hk_192x192x64,213.2,0.0078,PASS,115.1,185.2,,
2496,2880,192,hk_192x192x64,151.4,0.0039,PASS,76.1,198.9,,
2496,2880,3072,hk_192x192x64,356.1,0.0156,PASS,321.2,110.9,,
2496,2880,6144,hk_192x192x64,394.8,0.0312,PASS,415.3,95.1,,
2496,3264,384,hk_192x192x64,208.8,0.0078,PASS,116.9,178.6,,
2496,3264,3072,hk_192x192x64,453.6,0.0156,PASS,427.3,106.2,,
2496,3456,1536,hk_192x192x64,418.3,0.0156,PASS,355.5,117.7,,
2496,3840,64,hk_192x192x64,68.2,0.0020,PASS,40.6,168.1,,
2496,3840,3072,hk_192x192x64,465.9,0.0156,PASS,439.7,106.0,,
2496,4032,64,hk_192x192x64,74.3,0.0020,PASS,31.8,233.7,,
2496,4224,1536,hk_192x192x64,421.1,0.0156,PASS,321.2,131.1,,
2496,4416,1536,hk_192x192x64,440.0,0.0078,PASS,333.1,132.1,,
2496,4800,192,hk_192x192x64,157.6,0.0039,PASS,103.3,152.7,,
2496,4800,1536,hk_192x192x64,297.7,0.0156,PASS,355.7,83.7,,
2496,5184,64,hk_192x192x64,76.8,0.0020,PASS,48.5,158.5,,
2496,5184,384,hk_192x192x64,244.3,0.0078,PASS,187.2,130.5,,
2496,5184,6144,hk_192x192x64,369.4,0.0312,PASS,460.4,80.2,,
2496,5568,1536,hk_192x192x64,353.5,0.0156,PASS,360.1,98.2,,
2496,5760,384,hk_192x192x64,255.5,0.0078,PASS,160.5,159.2,,
2496,5760,3072,hk_192x192x64,392.7,0.0156,PASS,438.8,89.5,,
2496,5760,6144,hk_192x192x64,419.5,0.0312,PASS,518.7,80.9,,
2496,6144,1536,hk_192x192x64,382.9,0.0078,PASS,436.8,87.7,,
2560,2560,2048,hk_128x128x64,285.0,0.0156,PASS,359.7,79.2,,
2560,2560,2048,hk_256x256x64,268.3,0.0156,PASS,359.7,74.6,,
2560,2560,4096,hk_128x128x64,313.5,0.0156,PASS,413.0,75.9,,
2560,2560,4096,hk_256x256x64,277.0,0.0156,PASS,413.0,67.1,,
2560,2688,256,hk_128x128x64,151.1,0.0039,PASS,116.5,129.6,,
2560,3072,128,hk_128x128x64,107.6,0.0039,PASS,71.3,150.9,,
2560,3072,128,hk_256x256x64,97.6,0.0039,PASS,71.3,136.9,,
2560,3072,1024,hk_128x128x64,281.8,0.0078,PASS,261.4,107.8,,
2560,3072,1024,hk_256x256x64,293.2,0.0078,PASS,261.4,112.2,,
2560,3200,512,hk_128x128x64,241.0,0.0078,PASS,191.1,126.1,,
2560,3328,128,hk_128x128x64,124.3,0.0039,PASS,81.9,151.7,,
2560,3328,128,hk_256x256x64,113.6,0.0039,PASS,81.9,138.6,,
2560,3456,1024,hk_128x128x64,288.4,0.0078,PASS,277.7,103.9,,
2560,3584,128,hk_128x128x64,131.5,0.0039,PASS,83.8,156.8,,
2560,3584,128,hk_256x256x64,115.8,0.0039,PASS,83.8,138.1,,
2560,3712,8192,hk_128x128x64,415.8,0.0312,PASS,456.2,91.1,,
2560,3840,128,hk_128x128x64,100.5,0.0039,PASS,76.9,130.7,,
2560,3840,128,hk_256x256x64,92.4,0.0039,PASS,76.9,120.1,,
2560,3840,1024,hk_128x128x64,332.6,0.0078,PASS,344.8,96.5,,
2560,3840,1024,hk_256x256x64,328.1,0.0078,PASS,344.8,95.1,,
2560,4096,1024,hk_128x128x64,289.1,0.0078,PASS,338.1,85.5,,
2560,4096,1024,hk_256x256x64,352.9,0.0078,PASS,338.1,104.4,,
2560,4096,2048,hk_128x128x64,308.8,0.0156,PASS,408.8,75.5,,
2560,4096,2048,hk_256x256x64,399.3,0.0156,PASS,408.8,97.7,,
2560,4096,8192,hk_128x128x64,317.5,0.0312,PASS,532.3,59.7,,
2560,4096,8192,hk_256x256x64,447.6,0.0312,PASS,532.3,84.1,,
2560,4224,256,hk_128x128x64,157.5,0.0039,PASS,107.2,147.0,,
2560,4224,8192,hk_128x128x64,345.6,0.0312,PASS,485.0,71.3,,
2560,4352,4096,hk_128x128x64,346.9,0.0156,PASS,557.5,62.2,,
2560,4352,4096,hk_256x256x64,419.9,0.0156,PASS,557.5,75.3,,
2560,4480,128,hk_128x128x64,102.1,0.0039,PASS,61.9,165.1,,
2560,4992,128,hk_128x128x64,117.0,0.0039,PASS,66.5,176.0,,
2560,4992,1024,hk_128x128x64,317.3,0.0078,PASS,277.5,114.3,,
2560,4992,4096,hk_128x128x64,381.3,0.0156,PASS,438.0,87.1,,
2560,5120,256,hk_128x128x64,164.8,0.0039,PASS,156.0,105.6,,
2560,5120,256,hk_256x256x64,196.5,0.0039,PASS,156.0,125.9,,
2560,5120,1024,hk_128x128x64,333.3,0.0078,PASS,354.8,94.0,,
2560,5120,1024,hk_256x256x64,406.3,0.0078,PASS,354.8,114.5,,
2560,5248,4096,hk_128x128x64,413.2,0.0156,PASS,471.1,87.7,,
2560,5376,128,hk_128x128x64,104.4,0.0039,PASS,99.1,105.3,,
2560,5376,128,hk_256x256x64,126.0,0.0039,PASS,99.1,127.2,,
2560,5376,256,hk_128x128x64,197.4,0.0039,PASS,174.7,113.0,,
2560,5376,256,hk_256x256x64,230.0,0.0039,PASS,174.7,131.7,,
2560,5376,4096,hk_128x128x64,408.8,0.0156,PASS,479.2,85.3,,
2560,5376,4096,hk_256x256x64,448.1,0.0156,PASS,479.2,93.5,,
2560,5504,4096,hk_128x128x64,401.7,0.0156,PASS,521.9,77.0,,
2560,5632,256,hk_128x128x64,172.1,0.0039,PASS,175.3,98.2,,
2560,5632,256,hk_256x256x64,202.6,0.0039,PASS,175.3,115.5,,
2560,5632,2048,hk_128x128x64,410.2,0.0156,PASS,458.9,89.4,,
2560,5632,2048,hk_256x256x64,461.9,0.0156,PASS,458.9,100.7,,
2560,5760,64,hk_128x128x64,70.5,0.0020,PASS,32.7,215.6,,
2560,5760,4096,hk_128x128x64,456.9,0.0156,PASS,471.3,96.9,,
2560,5888,128,hk_128x128x64,94.9,0.0039,PASS,105.6,89.8,,
2560,5888,128,hk_256x256x64,125.2,0.0039,PASS,105.6,118.5,,
2560,5888,256,hk_128x128x64,172.1,0.0039,PASS,175.4,98.1,,
2560,5888,256,hk_256x256x64,245.6,0.0039,PASS,175.4,140.0,,
2560,6016,1024,hk_128x128x64,286.6,0.0078,PASS,288.4,99.4,,
2560,6144,128,hk_128x128x64,127.8,0.0039,PASS,115.6,110.6,,
2560,6144,128,hk_256x256x64,163.0,0.0039,PASS,115.6,141.0,,
2560,6144,8192,hk_128x128x64,362.3,0.0312,PASS,565.2,64.1,,
2560,6144,8192,hk_256x256x64,547.6,0.0312,PASS,565.2,96.9,,
2560,6272,128,hk_128x128x64,98.4,0.0039,PASS,80.7,121.9,,
2560,6400,64,hk_128x128x64,65.7,0.0020,PASS,61.5,106.8,,
2560,6400,64,hk_256x256x64,86.3,0.0020,PASS,61.5,140.4,,
2560,6400,128,hk_128x128x64,126.2,0.0039,PASS,116.8,108.1,,
2560,6400,128,hk_256x256x64,173.7,0.0039,PASS,116.8,148.8,,
2560,6528,64,hk_128x128x64,85.9,0.0020,PASS,44.1,194.7,,
2560,6528,256,hk_128x128x64,195.3,0.0039,PASS,140.9,138.6,,
2560,6784,128,hk_128x128x64,126.7,0.0039,PASS,81.9,154.7,,
2560,6784,1024,hk_128x128x64,310.3,0.0078,PASS,291.4,106.5,,
2560,6912,1024,hk_128x128x64,330.2,0.0078,PASS,356.2,92.7,,
2560,6912,1024,hk_256x256x64,453.7,0.0078,PASS,356.2,127.4,,
2560,6912,4096,hk_128x128x64,406.0,0.0156,PASS,537.1,75.6,,
2560,6912,4096,hk_256x256x64,544.7,0.0156,PASS,537.1,101.4,,
2560,7040,512,hk_128x128x64,237.8,0.0078,PASS,228.6,104.0,,
2560,7040,1024,hk_128x128x64,348.3,0.0078,PASS,315.1,110.5,,
2560,7680,64,hk_128x128x64,77.6,0.0020,PASS,78.7,98.6,,
2560,7680,64,hk_256x256x64,98.8,0.0020,PASS,78.7,125.6,,
2560,7680,512,hk_128x128x64,296.7,0.0078,PASS,288.3,102.9,,
2560,7680,512,hk_256x256x64,374.7,0.0078,PASS,288.3,130.0,,
2560,7808,2048,hk_128x128x64,357.7,0.0156,PASS,401.4,89.1,,
2560,7936,256,hk_128x128x64,193.1,0.0039,PASS,206.0,93.7,,
2560,7936,256,hk_256x256x64,187.8,0.0039,PASS,206.0,91.2,,
2560,7936,2048,hk_128x128x64,358.9,0.0156,PASS,458.5,78.3,,
2560,7936,2048,hk_256x256x64,344.6,0.0156,PASS,458.5,75.2,,
2688,2688,64,hk_128x128x64,54.6,0.0020,PASS,36.3,150.4,,
2688,2688,64,hk_192x192x64,63.0,0.0020,PASS,36.3,173.7,,
2688,2688,2048,hk_128x128x64,316.9,0.0156,PASS,339.1,93.5,,
2688,2688,2048,hk_192x192x64,384.5,0.0156,PASS,339.1,113.4,,
2688,2816,512,hk_128x128x64,245.5,0.0078,PASS,207.0,118.6,,
2688,2816,1024,hk_128x128x64,292.2,0.0078,PASS,292.9,99.7,,
2688,2880,384,hk_192x192x64,252.2,0.0039,PASS,137.3,183.7,,
2688,2944,128,hk_128x128x64,107.4,0.0039,PASS,77.5,138.6,,
2688,3072,384,hk_128x128x64,222.9,0.0078,PASS,178.3,125.0,,
2688,3072,384,hk_192x192x64,268.6,0.0078,PASS,178.3,150.7,,
2688,3200,512,hk_128x128x64,238.7,0.0078,PASS,210.7,113.3,,
2688,3200,2048,hk_128x128x64,327.8,0.0156,PASS,350.6,93.5,,
2688,3200,8192,hk_128x128x64,375.7,0.0312,PASS,502.7,74.7,,
2688,3264,768,hk_192x192x64,309.2,0.0078,PASS,206.0,150.1,,
2688,3328,8192,hk_128x128x64,384.6,0.0312,PASS,553.0,69.5,,
2688,3456,1536,hk_128x128x64,314.7,0.0078,PASS,345.8,91.0,,
2688,3456,1536,hk_192x192x64,433.5,0.0078,PASS,345.8,125.4,,
2688,3584,64,hk_128x128x64,63.0,0.0020,PASS,42.5,148.1,,
2688,3584,4096,hk_128x128x64,437.5,0.0156,PASS,507.5,86.2,,
2688,3648,3072,hk_192x192x64,502.9,0.0156,PASS,365.1,137.7,,
2688,3712,128,hk_128x128x64,91.0,0.0039,PASS,70.6,129.0,,
2688,3712,512,hk_128x128x64,218.4,0.0078,PASS,212.3,102.9,,
2688,3840,192,hk_128x128x64,131.8,0.0039,PASS,113.0,116.6,,
2688,3840,192,hk_192x192x64,181.3,0.0039,PASS,113.0,160.4,,
2688,3840,2048,hk_128x128x64,291.7,0.0156,PASS,376.1,77.6,,
2688,3840,2048,hk_192x192x64,464.1,0.0156,PASS,376.1,123.4,,
2688,3968,2048,hk_128x128x64,315.6,0.0156,PASS,391.7,80.6,,
2688,3968,8192,hk_128x128x64,328.9,0.0312,PASS,542.1,60.7,,
2688,4096,128,hk_128x128x64,99.0,0.0039,PASS,85.5,115.8,,
2688,4096,256,hk_128x128x64,166.8,0.0039,PASS,160.0,104.3,,
2688,4096,1024,hk_128x128x64,287.0,0.0078,PASS,315.3,91.1,,
2688,4096,8192,hk_128x128x64,324.1,0.0312,PASS,519.6,62.4,,
2688,4224,1024,hk_128x128x64,298.6,0.0078,PASS,285.6,104.6,,
2688,4224,1024,hk_192x192x64,281.5,0.0078,PASS,285.6,98.6,,
2688,4224,4096,hk_128x128x64,373.0,0.0156,PASS,465.1,80.2,,
2688,4224,4096,hk_192x192x64,346.9,0.0156,PASS,465.1,74.6,,
2688,4352,512,hk_128x128x64,247.2,0.0078,PASS,224.8,110.0,,
2688,4416,6144,hk_192x192x64,333.1,0.0312,PASS,493.4,67.5,,
2688,4608,1024,hk_128x128x64,311.3,0.0078,PASS,362.0,86.0,,
2688,4608,1024,hk_192x192x64,308.1,0.0078,PASS,362.0,85.1,,
2688,4800,3072,hk_192x192x64,357.6,0.0156,PASS,436.6,81.9,,
2688,4992,1536,hk_128x128x64,329.6,0.0156,PASS,354.4,93.0,,
2688,4992,1536,hk_192x192x64,335.8,0.0156,PASS,354.4,94.8,,
2688,5120,64,hk_128x128x64,80.7,0.0020,PASS,62.3,129.4,,
2688,5184,1536,hk_192x192x64,338.2,0.0156,PASS,360.8,93.7,,
2688,5248,256,hk_128x128x64,204.8,0.0039,PASS,137.1,149.3,,
2688,5248,8192,hk_128x128x64,408.4,0.0312,PASS,496.0,82.3,,
2688,5376,64,hk_128x128x64,62.7,0.0020,PASS,52.7,118.9,,
2688,5376,64,hk_192x192x64,67.7,0.0020,PASS,52.7,128.4,,
2688,5376,768,hk_128x128x64,320.4,0.0078,PASS,355.2,90.2,,
2688,5376,768,hk_192x192x64,313.3,0.0078,PASS,355.2,88.2,,
2688,5504,8192,hk_128x128x64,398.7,0.0312,PASS,534.0,74.7,,
2688,5568,768,hk_192x192x64,281.3,0.0078,PASS,230.2,122.2,,
2688,5632,2048,hk_128x128x64,317.7,0.0156,PASS,486.9,65.2,,
2688,5760,192,hk_128x128x64,134.2,0.0039,PASS,93.7,143.1,,
2688,5760,192,hk_192x192x64,169.5,0.0039,PASS,93.7,180.8,,
2688,5760,1536,hk_128x128x64,297.8,0.0156,PASS,372.3,80.0,,
2688,5760,1536,hk_192x192x64,392.2,0.0156,PASS,372.3,105.3,,
2688,5760,2048,hk_128x128x64,332.8,0.0156,PASS,403.1,82.6,,
2688,5760,2048,hk_192x192x64,417.5,0.0156,PASS,403.1,103.6,,
2688,5888,256,hk_128x128x64,181.7,0.0039,PASS,195.5,92.9,,
2688,5952,64,hk_192x192x64,83.9,0.0020,PASS,38.0,220.9,,
2688,5952,1536,hk_192x192x64,395.7,0.0156,PASS,369.4,107.1,,
2688,6016,512,hk_128x128x64,263.2,0.0078,PASS,210.1,125.3,,
2688,6144,64,hk_128x128x64,83.7,0.0020,PASS,69.7,120.1,,
2688,6144,64,hk_192x192x64,92.4,0.0020,PASS,69.7,132.6,,
2688,6144,384,hk_128x128x64,243.8,0.0078,PASS,249.2,97.8,,
2688,6144,384,hk_192x192x64,277.8,0.0078,PASS,249.2,111.5,,
2688,6144,4096,hk_128x128x64,381.2,0.0156,PASS,490.1,77.8,,
2688,6144,4096,hk_192x192x64,484.6,0.0156,PASS,490.1,98.9,,
2688,6656,128,hk_128x128x64,112.3,0.0039,PASS,124.9,89.9,,
2688,6784,64,hk_128x128x64,72.1,0.0020,PASS,48.0,150.3,,
2688,6912,512,hk_128x128x64,292.3,0.0078,PASS,294.7,99.2,,
2688,6912,512,hk_192x192x64,328.9,0.0078,PASS,294.7,111.6,,
2688,7040,64,hk_128x128x64,86.6,0.0020,PASS,56.4,153.6,,
2688,7040,128,hk_128x128x64,142.6,0.0039,PASS,103.0,138.5,,
2688,7168,2048,hk_128x128x64,387.1,0.0156,PASS,442.1,87.6,,
2688,7168,4096,hk_128x128x64,411.6,0.0156,PASS,615.2,66.9,,
2688,7296,4096,hk_128x128x64,427.3,0.0156,PASS,520.5,82.1,,
2688,7296,4096,hk_192x192x64,530.1,0.0156,PASS,520.5,101.8,,
2688,7424,2048,hk_128x128x64,337.6,0.0156,PASS,468.6,72.0,,
2688,7552,1024,hk_128x128x64,319.5,0.0078,PASS,341.2,93.6,,
2688,7808,64,hk_128x128x64,77.9,0.0020,PASS,58.2,133.9,,
2688,7808,8192,hk_128x128x64,374.1,0.0312,PASS,551.9,67.8,,
2688,7936,128,hk_128x128x64,110.7,0.0039,PASS,125.8,88.0,,
2688,7936,4096,hk_128x128x64,382.1,0.0156,PASS,518.3,73.7,,
2688,8064,512,hk_128x128x64,265.3,0.0078,PASS,226.6,117.1,,
2688,8064,512,hk_192x192x64,362.2,0.0078,PASS,226.6,159.8,,
2688,8192,64,hk_128x128x64,85.0,0.0020,PASS,73.4,115.8,,
2816,2944,128,hk_128x128x64,108.8,0.0039,PASS,74.4,146.2,,
2816,2944,8192,hk_128x128x64,357.9,0.0312,PASS,460.9,77.6,,
2816,3072,4096,hk_128x128x64,378.4,0.0156,PASS,460.8,82.1,,
2816,3072,4096,hk_256x256x64,318.9,0.0156,PASS,460.8,69.2,,
2816,3200,64,hk_128x128x64,59.4,0.0020,PASS,40.5,146.6,,
2816,3200,256,hk_128x128x64,199.9,0.0039,PASS,136.7,146.2,,
2816,3200,512,hk_128x128x64,246.3,0.0078,PASS,222.2,110.8,,
2816,3328,8192,hk_128x128x64,373.7,0.0312,PASS,499.4,74.8,,
2816,3328,8192,hk_256x256x64,366.3,0.0312,PASS,499.4,73.3,,
2816,3456,256,hk_128x128x64,186.9,0.0039,PASS,149.9,124.7,,
2816,3456,4096,hk_128x128x64,405.4,0.0156,PASS,477.9,84.8,,
2816,3584,64,hk_128x128x64,56.2,0.0020,PASS,43.3,129.8,,
2816,3584,64,hk_256x256x64,62.2,0.0020,PASS,43.3,143.6,,
2816,3584,1024,hk_128x128x64,256.7,0.0078,PASS,310.1,82.8,,
2816,3584,1024,hk_256x256x64,334.0,0.0078,PASS,310.1,107.7,,
2816,3584,2048,hk_128x128x64,275.6,0.0156,PASS,360.7,76.4,,
2816,3584,2048,hk_256x256x64,413.7,0.0156,PASS,360.7,114.7,,
2816,3712,1024,hk_128x128x64,264.6,0.0078,PASS,306.8,86.2,,
2816,3840,64,hk_128x128x64,63.6,0.0020,PASS,49.7,128.0,,
2816,3840,64,hk_256x256x64,71.0,0.0020,PASS,49.7,142.8,,
2816,3968,64,hk_128x128x64,72.4,0.0020,PASS,45.3,159.7,,
2816,4096,128,hk_128x128x64,121.9,0.0039,PASS,95.9,127.2,,
2816,4096,128,hk_256x256x64,141.5,0.0039,PASS,95.9,147.5,,
2816,4096,512,hk_128x128x64,244.3,0.0078,PASS,223.1,109.5,,
2816,4096,512,hk_256x256x64,276.2,0.0078,PASS,223.1,123.8,,
2816,4480,256,hk_128x128x64,203.8,0.0039,PASS,128.5,158.6,,
2816,4480,2048,hk_128x128x64,357.2,0.0156,PASS,342.1,104.4,,
2816,4608,2048,hk_128x128x64,372.7,0.0156,PASS,429.4,86.8,,
2816,4608,2048,hk_256x256x64,427.5,0.0156,PASS,429.4,99.6,,
2816,4736,2048,hk_128x128x64,378.9,0.0156,PASS,421.4,89.9,,
2816,4864,128,hk_128x128x64,113.9,0.0039,PASS,105.8,107.7,,
2816,4864,128,hk_256x256x64,131.5,0.0039,PASS,105.8,124.4,,
2816,4864,4096,hk_128x128x64,423.1,0.0156,PASS,490.9,86.2,,
2816,4864,4096,hk_256x256x64,455.8,0.0156,PASS,490.9,92.9,,
2816,5120,256,hk_128x128x64,183.5,0.0039,PASS,182.9,100.3,,
2816,5120,256,hk_256x256x64,227.7,0.0039,PASS,182.9,124.5,,
2816,5248,64,hk_128x128x64,80.3,0.0020,PASS,36.4,220.4,,
2816,5376,128,hk_128x128x64,115.0,0.0039,PASS,111.2,103.5,,
2816,5376,128,hk_256x256x64,166.1,0.0039,PASS,111.2,149.4,,
2816,5632,512,hk_128x128x64,239.0,0.0078,PASS,255.3,93.6,,
2816,5632,512,hk_256x256x64,313.5,0.0078,PASS,255.3,122.8,,
2816,6272,128,hk_128x128x64,141.0,0.0039,PASS,99.7,141.5,,
2816,6272,2048,hk_128x128x64,371.6,0.0156,PASS,387.1,96.0,,
2816,6656,1024,hk_128x128x64,353.9,0.0078,PASS,419.0,84.5,,
2816,6656,1024,hk_256x256x64,469.2,0.0078,PASS,419.0,112.0,,
2816,6912,256,hk_128x128x64,218.9,0.0039,PASS,215.9,101.4,,
2816,6912,256,hk_256x256x64,265.6,0.0039,PASS,215.9,123.0,,
2816,7040,256,hk_128x128x64,222.8,0.0039,PASS,140.7,158.3,,
2816,7168,128,hk_128x128x64,133.7,0.0039,PASS,130.9,102.1,,
2816,7168,128,hk_256x256x64,133.6,0.0039,PASS,130.9,102.0,,
2816,7296,256,hk_128x128x64,197.6,0.0039,PASS,169.8,116.4,,
2816,7296,512,hk_128x128x64,261.0,0.0078,PASS,238.4,109.5,,
2816,7296,1024,hk_128x128x64,319.1,0.0078,PASS,322.9,98.8,,
2816,7424,1024,hk_128x128x64,326.1,0.0078,PASS,419.3,77.8,,
2816,7424,1024,hk_256x256x64,318.7,0.0078,PASS,419.3,76.0,,
2816,7552,2048,hk_128x128x64,371.0,0.0156,PASS,425.7,87.1,,
2816,7680,64,hk_128x128x64,67.8,0.0020,PASS,72.1,94.0,,
2816,7680,64,hk_256x256x64,70.1,0.0020,PASS,72.1,97.3,,
2816,7808,128,hk_128x128x64,133.5,0.0039,PASS,76.0,175.7,,
2816,8064,256,hk_128x128x64,222.2,0.0039,PASS,144.2,154.1,,
2816,8192,64,hk_128x128x64,96.4,0.0039,PASS,80.9,119.1,,
2816,8192,64,hk_256x256x64,98.7,0.0039,PASS,80.9,122.0,,
2816,8192,512,hk_128x128x64,285.4,0.0078,PASS,304.5,93.7,,
2816,8192,512,hk_256x256x64,297.3,0.0078,PASS,304.5,97.6,,
2880,2880,192,hk_192x192x64,171.3,0.0039,PASS,95.0,180.4,,
2880,3072,192,hk_192x192x64,172.3,0.0039,PASS,107.9,159.7,,
2880,3072,384,hk_192x192x64,261.7,0.0078,PASS,179.5,145.8,,
2880,3456,64,hk_192x192x64,90.0,0.0039,PASS,49.4,182.1,,
2880,3456,3072,hk_192x192x64,447.1,0.0156,PASS,373.5,119.7,,
2880,3648,384,hk_192x192x64,295.1,0.0078,PASS,178.5,165.3,,
2880,3648,1536,hk_192x192x64,426.8,0.0156,PASS,318.6,134.0,,
2880,3648,3072,hk_192x192x64,490.0,0.0156,PASS,406.2,120.6,,
2880,3840,384,hk_192x192x64,296.7,0.0078,PASS,219.0,135.5,,
2880,3840,1536,hk_192x192x64,458.7,0.0078,PASS,415.4,110.4,,
2880,4032,64,hk_192x192x64,58.7,0.0020,PASS,33.8,173.9,,
2880,4032,384,hk_192x192x64,210.1,0.0078,PASS,159.3,131.9,,
2880,4224,6144,hk_192x192x64,351.5,0.0156,PASS,456.3,77.0,,
2880,4416,192,hk_192x192x64,145.4,0.0039,PASS,86.8,167.6,,
2880,4416,1536,hk_192x192x64,315.5,0.0156,PASS,336.9,93.6,,
2880,4800,64,hk_192x192x64,79.0,0.0020,PASS,38.2,206.7,,
2880,4992,768,hk_192x192x64,319.6,0.0078,PASS,250.1,127.8,,
2880,5568,384,hk_192x192x64,282.2,0.0078,PASS,183.1,154.1,,
2880,5760,3072,hk_192x192x64,447.7,0.0156,PASS,422.4,106.0,,
2880,5952,192,hk_192x192x64,183.0,0.0039,PASS,131.5,139.2,,
2880,6144,3072,hk_192x192x64,474.9,0.0156,PASS,508.8,93.3,,
2944,2944,1024,hk_128x128x64,299.4,0.0078,PASS,297.7,100.6,,
2944,2944,2048,hk_128x128x64,363.7,0.0156,PASS,379.9,95.7,,
2944,3072,256,hk_128x128x64,177.0,0.0039,PASS,141.0,125.5,,
2944,3328,4096,hk_128x128x64,424.5,0.0156,PASS,497.6,85.3,,
2944,3456,512,hk_128x128x64,201.5,0.0078,PASS,229.3,87.9,,
2944,3456,1024,hk_128x128x64,259.0,0.0078,PASS,316.5,81.9,,
2944,3456,4096,hk_128x128x64,318.8,0.0156,PASS,445.8,71.5,,
2944,3584,128,hk_128x128x64,94.6,0.0039,PASS,82.6,114.6,,
2944,3712,2048,hk_128x128x64,314.8,0.0156,PASS,404.3,77.9,,
2944,3968,8192,hk_128x128x64,342.9,0.0312,PASS,529.7,64.7,,
2944,4096,256,hk_128x128x64,163.5,0.0039,PASS,159.9,102.3,,
2944,4224,4096,hk_128x128x64,394.8,0.0156,PASS,463.3,85.2,,
2944,4224,8192,hk_128x128x64,364.5,0.0312,PASS,542.3,67.2,,
2944,4352,2048,hk_128x128x64,343.9,0.0156,PASS,459.1,74.9,,
2944,4352,4096,hk_128x128x64,376.1,0.0156,PASS,555.3,67.7,,
2944,4480,8192,hk_128x128x64,374.7,0.0312,PASS,528.6,70.9,,
2944,4608,2048,hk_128x128x64,372.9,0.0156,PASS,452.6,82.4,,
2944,4864,64,hk_128x128x64,69.0,0.0020,PASS,55.8,123.7,,
2944,4864,8192,hk_128x128x64,391.6,0.0312,PASS,580.5,67.5,,
2944,4992,1024,hk_128x128x64,322.7,0.0078,PASS,261.1,123.6,,
2944,5120,128,hk_128x128x64,107.7,0.0039,PASS,106.4,101.2,,
2944,5120,256,hk_128x128x64,179.6,0.0039,PASS,180.7,99.3,,
2944,5120,4096,hk_128x128x64,351.5,0.0156,PASS,493.9,71.2,,
2944,5120,8192,hk_128x128x64,342.5,0.0312,PASS,600.7,57.0,,
2944,5248,1024,hk_128x128x64,303.1,0.0078,PASS,301.9,100.4,,
2944,5376,4096,hk_128x128x64,353.7,0.0156,PASS,555.0,63.7,,
2944,5632,8192,hk_128x128x64,366.5,0.0312,PASS,620.0,59.1,,
2944,5760,1024,hk_128x128x64,333.1,0.0078,PASS,323.7,102.9,,
2944,5888,8192,hk_128x128x64,365.2,0.0312,PASS,551.4,66.2,,
2944,6016,64,hk_128x128x64,63.0,0.0020,PASS,47.1,133.6,,
2944,6016,2048,hk_128x128x64,377.9,0.0156,PASS,443.0,85.3,,
2944,6144,2048,hk_128x128x64,368.5,0.0156,PASS,523.3,70.4,,
2944,6144,8192,hk_128x128x64,376.2,0.0312,PASS,595.1,63.2,,
2944,6272,128,hk_128x128x64,110.9,0.0039,PASS,89.1,124.5,,
2944,6272,2048,hk_128x128x64,396.2,0.0156,PASS,429.3,92.3,,
2944,6400,4096,hk_128x128x64,381.5,0.0156,PASS,571.1,66.8,,
2944,6656,256,hk_128x128x64,177.1,0.0039,PASS,208.9,84.8,,
2944,6784,64,hk_128x128x64,70.0,0.0020,PASS,49.8,140.5,,
2944,7040,1024,hk_128x128x64,314.3,0.0078,PASS,319.5,98.3,,
2944,7168,512,hk_128x128x64,268.0,0.0078,PASS,299.0,89.6,,
2944,7296,256,hk_128x128x64,209.6,0.0039,PASS,186.1,112.7,,
2944,7296,4096,hk_128x128x64,370.6,0.0156,PASS,479.0,77.4,,
2944,7296,8192,hk_128x128x64,387.2,0.0312,PASS,547.2,70.8,,
2944,7424,256,hk_128x128x64,190.1,0.0039,PASS,205.6,92.5,,
2944,7424,4096,hk_128x128x64,383.9,0.0156,PASS,526.5,72.9,,
2944,7552,1024,hk_128x128x64,350.5,0.0078,PASS,330.6,106.0,,
2944,7680,4096,hk_128x128x64,392.2,0.0156,PASS,540.5,72.6,,
2944,7680,8192,hk_128x128x64,381.2,0.0312,PASS,598.3,63.7,,
2944,7808,2048,hk_128x128x64,392.8,0.0156,PASS,421.5,93.2,,
2944,7936,512,hk_128x128x64,291.3,0.0078,PASS,301.7,96.5,,
2944,8064,64,hk_128x128x64,89.7,0.0039,PASS,43.1,208.4,,
2944,8192,1024,hk_128x128x64,353.3,0.0078,PASS,420.8,84.0,,
2944,8192,8192,hk_128x128x64,419.2,0.0312,PASS,616.9,68.0,,
3072,3072,1024,hk_128x128x64,315.7,0.0078,PASS,331.0,95.4,,
3072,3072,1024,hk_192x192x64,400.2,0.0078,PASS,331.0,120.9,,
3072,3072,1024,hk_256x256x64,293.2,0.0078,PASS,331.0,88.6,,
3072,3072,6144,hk_128x128x64,351.0,0.0312,PASS,520.2,67.5,,
3072,3072,6144,hk_192x192x64,532.5,0.0312,PASS,520.2,102.4,,
3072,3072,6144,hk_256x256x64,370.0,0.0312,PASS,520.2,71.1,,
3072,3200,128,hk_128x128x64,116.5,0.0039,PASS,79.8,146.0,,
3072,3264,192,hk_192x192x64,172.0,0.0039,PASS,76.5,225.0,,
3072,3328,8192,hk_128x128x64,314.6,0.0312,PASS,444.3,70.8,,
3072,3328,8192,hk_256x256x64,419.3,0.0312,PASS,444.3,94.4,,
3072,3456,384,hk_128x128x64,190.7,0.0078,PASS,204.4,93.3,,
3072,3456,384,hk_192x192x64,278.7,0.0078,PASS,204.4,136.4,,
3072,3456,6144,hk_128x128x64,321.4,0.0312,PASS,499.3,64.4,,
3072,3456,6144,hk_192x192x64,519.8,0.0312,PASS,499.3,104.1,,
3072,3584,4096,hk_128x128x64,325.8,0.0156,PASS,519.6,62.7,,
3072,3584,4096,hk_256x256x64,403.6,0.0156,PASS,519.6,77.7,,
3072,3584,8192,hk_128x128x64,324.6,0.0312,PASS,549.1,59.1,,
3072,3584,8192,hk_256x256x64,441.4,0.0312,PASS,549.1,80.4,,
3072,3648,384,hk_192x192x64,297.2,0.0078,PASS,151.1,196.6,,
3072,3712,128,hk_128x128x64,101.0,0.0039,PASS,88.1,114.7,,
3072,3712,8192,hk_128x128x64,341.9,0.0312,PASS,503.6,67.9,,
3072,3840,64,hk_128x128x64,55.8,0.0020,PASS,47.8,116.7,,
3072,3840,64,hk_192x192x64,60.5,0.0020,PASS,47.8,126.5,,
3072,3840,64,hk_256x256x64,70.0,0.0020,PASS,47.8,146.4,,
3072,3840,2048,hk_128x128x64,336.8,0.0156,PASS,419.4,80.3,,
3072,3840,2048,hk_192x192x64,335.8,0.0156,PASS,419.4,80.1,,
3072,3840,2048,hk_256x256x64,450.4,0.0156,PASS,419.4,107.4,,
3072,4224,768,hk_128x128x64,300.6,0.0078,PASS,256.3,117.3,,
3072,4224,768,hk_192x192x64,285.2,0.0078,PASS,256.3,111.3,,
3072,4352,8192,hk_128x128x64,372.2,0.0312,PASS,565.2,65.8,,
3072,4352,8192,hk_256x256x64,462.0,0.0312,PASS,565.2,81.7,,
3072,4416,768,hk_192x192x64,289.1,0.0078,PASS,243.1,118.9,,
3072,4416,1536,hk_192x192x64,349.0,0.0156,PASS,352.0,99.2,,
3072,4480,128,hk_128x128x64,129.0,0.0039,PASS,89.8,143.6,,
3072,4480,256,hk_128x128x64,208.7,0.0039,PASS,154.9,134.7,,
3072,4480,8192,hk_128x128x64,376.3,0.0312,PASS,491.8,76.5,,
3072,4608,1024,hk_128x128x64,314.3,0.0078,PASS,363.4,86.5,,
3072,4608,1024,hk_192x192x64,333.7,0.0078,PASS,363.4,91.8,,
3072,4608,1024,hk_256x256x64,412.8,0.0078,PASS,363.4,113.6,,
3072,4608,6144,hk_128x128x64,374.3,0.0312,PASS,561.2,66.7,,
3072,4608,6144,hk_192x192x64,410.1,0.0312,PASS,561.2,73.1,,
3072,4608,6144,hk_256x256x64,508.8,0.0312,PASS,561.2,90.7,,
3072,4736,64,hk_128x128x64,67.4,0.0020,PASS,46.5,145.0,,
3072,4736,128,hk_128x128x64,119.8,0.0039,PASS,89.0,134.6,,
3072,4736,512,hk_128x128x64,275.7,0.0078,PASS,230.9,119.4,,
3072,4736,1024,hk_128x128x64,330.6,0.0078,PASS,307.4,107.5,,
3072,4736,4096,hk_128x128x64,419.8,0.0156,PASS,505.3,83.1,,
3072,4736,8192,hk_128x128x64,397.7,0.0312,PASS,594.4,66.9,,
3072,4800,384,hk_192x192x64,224.6,0.0078,PASS,189.5,118.5,,
3072,4864,128,hk_128x128x64,114.9,0.0039,PASS,109.0,105.4,,
3072,4864,128,hk_256x256x64,141.8,0.0039,PASS,109.0,130.1,,
3072,4992,192,hk_128x128x64,161.6,0.0039,PASS,100.0,161.6,,
3072,4992,192,hk_192x192x64,193.3,0.0039,PASS,100.0,193.2,,
3072,4992,384,hk_128x128x64,219.8,0.0078,PASS,173.6,126.6,,
3072,4992,384,hk_192x192x64,271.3,0.0078,PASS,173.6,156.3,,
3072,4992,3072,hk_128x128x64,334.1,0.0156,PASS,395.2,84.5,,
3072,4992,3072,hk_192x192x64,409.8,0.0156,PASS,395.2,103.7,,
3072,5120,64,hk_128x128x64,67.3,0.0020,PASS,59.1,114.0,,
3072,5120,64,hk_256x256x64,89.9,0.0020,PASS,59.1,152.2,,
3072,5120,1024,hk_128x128x64,298.8,0.0078,PASS,384.3,77.8,,
3072,5120,1024,hk_256x256x64,414.9,0.0078,PASS,384.3,108.0,,
3072,5120,8192,hk_128x128x64,354.1,0.0312,PASS,567.4,62.4,,
3072,5120,8192,hk_256x256x64,501.1,0.0312,PASS,567.4,88.3,,
3072,5184,768,hk_192x192x64,315.9,0.0078,PASS,224.8,140.5,,
3072,5248,1024,hk_128x128x64,313.6,0.0078,PASS,300.0,104.5,,
3072,5376,512,hk_128x128x64,268.2,0.0078,PASS,274.0,97.9,,
3072,5376,512,hk_192x192x64,313.8,0.0078,PASS,274.0,114.6,,
3072,5376,512,hk_256x256x64,339.7,0.0078,PASS,274.0,124.0,,
3072,5568,768,hk_192x192x64,350.4,0.0078,PASS,260.4,134.6,,
3072,5568,3072,hk_192x192x64,428.0,0.0156,PASS,446.2,95.9,,
3072,5632,1024,hk_128x128x64,328.8,0.0078,PASS,423.5,77.7,,
3072,5632,1024,hk_256x256x64,445.2,0.0078,PASS,423.5,105.1,,
3072,5760,64,hk_128x128x64,79.2,0.0020,PASS,43.3,183.0,,
3072,5760,64,hk_192x192x64,96.1,0.0020,PASS,43.3,222.1,,
3072,5760,384,hk_128x128x64,244.7,0.0078,PASS,191.6,127.7,,
3072,5760,384,hk_192x192x64,287.7,0.0078,PASS,191.6,150.2,,
3072,5760,768,hk_128x128x64,294.8,0.0078,PASS,249.6,118.1,,
3072,5760,768,hk_192x192x64,362.5,0.0078,PASS,249.6,145.2,,
3072,5760,1024,hk_128x128x64,332.4,0.0078,PASS,307.8,108.0,,
3072,5760,1024,hk_192x192x64,397.4,0.0078,PASS,307.8,129.1,,
3072,5952,192,hk_192x192x64,208.7,0.0039,PASS,138.0,151.2,,
3072,5952,384,hk_192x192x64,291.9,0.0078,PASS,214.2,136.3,,
3072,5952,6144,hk_192x192x64,491.0,0.0312,PASS,515.2,95.3,,
3072,6016,512,hk_128x128x64,252.2,0.0078,PASS,236.7,106.5,,
3072,6016,8192,hk_128x128x64,387.3,0.0312,PASS,578.7,66.9,,
3072,6144,64,hk_128x128x64,65.3,0.0020,PASS,66.5,98.2,,
3072,6144,64,hk_192x192x64,74.7,0.0020,PASS,66.5,112.3,,
3072,6144,64,hk_256x256x64,91.2,0.0020,PASS,66.5,137.1,,
3072,6144,128,hk_128x128x64,144.8,0.0039,PASS,128.1,113.1,,
3072,6144,128,hk_192x192x64,160.7,0.0039,PASS,128.1,125.5,,
3072,6144,128,hk_256x256x64,186.0,0.0039,PASS,128.1,145.2,,
3072,6144,512,hk_128x128x64,283.4,0.0078,PASS,278.4,101.8,,
3072,6144,512,hk_192x192x64,336.2,0.0078,PASS,278.4,120.8,,
3072,6144,512,hk_256x256x64,363.6,0.0078,PASS,278.4,130.6,,
3072,6272,256,hk_128x128x64,205.8,0.0039,PASS,178.0,115.6,,
3072,6400,128,hk_128x128x64,144.8,0.0039,PASS,135.9,106.6,,
3072,6400,128,hk_256x256x64,181.6,0.0039,PASS,135.9,133.7,,
3072,6400,1024,hk_128x128x64,342.8,0.0078,PASS,390.5,87.8,,
3072,6400,1024,hk_256x256x64,475.2,0.0078,PASS,390.5,121.7,,
3072,6656,256,hk_128x128x64,190.9,0.0039,PASS,214.1,89.2,,
3072,6656,256,hk_256x256x64,188.7,0.0039,PASS,214.1,88.1,,
3072,6656,512,hk_128x128x64,258.4,0.0078,PASS,305.9,84.4,,
3072,6656,512,hk_256x256x64,259.4,0.0078,PASS,305.9,84.8,,
3072,7040,64,hk_128x128x64,88.1,0.0020,PASS,61.9,142.3,,
3072,7040,8192,hk_128x128x64,379.1,0.0312,PASS,554.7,68.3,,
3072,7168,128,hk_128x128x64,113.3,0.0039,PASS,127.2,89.1,,
3072,7168,128,hk_256x256x64,127.6,0.0039,PASS,127.2,100.3,,
3072,7168,8192,hk_128x128x64,387.2,0.0312,PASS,594.5,65.1,,
3072,7168,8192,hk_256x256x64,412.3,0.0312,PASS,594.5,69.3,,
3072,7296,4096,hk_128x128x64,414.4,0.0156,PASS,477.4,86.8,,
3072,7296,4096,hk_192x192x64,593.4,0.0156,PASS,477.4,124.3,,
3072,7424,128,hk_128x128x64,100.4,0.0039,PASS,116.7,86.1,,
3072,7424,128,hk_256x256x64,128.0,0.0039,PASS,116.7,109.7,,
3072,7552,128,hk_128x128x64,145.9,0.0039,PASS,80.3,181.7,,
3072,7552,1024,hk_128x128x64,345.9,0.0078,PASS,331.0,104.5,,
3072,7808,256,hk_128x128x64,232.8,0.0039,PASS,149.1,156.1,,
3072,7936,8192,hk_128x128x64,413.9,0.0312,PASS,555.1,74.6,,
3072,7936,8192,hk_256x256x64,461.3,0.0312,PASS,555.1,83.1,,
3200,3200,512,hk_128x128x64,200.8,0.0078,PASS,228.2,88.0,,
3200,3200,2048,hk_128x128x64,289.3,0.0156,PASS,400.6,72.2,,
3200,3328,256,hk_128x128x64,155.5,0.0039,PASS,160.6,96.8,,
3200,3328,512,hk_128x128x64,227.5,0.0078,PASS,230.6,98.7,,
3200,3456,128,hk_128x128x64,116.4,0.0039,PASS,96.7,120.4,,
3200,3456,256,hk_128x128x64,177.0,0.0039,PASS,160.1,110.5,,
3200,3584,512,hk_128x128x64,239.3,0.0078,PASS,239.3,100.0,,
3200,3712,4096,hk_128x128x64,373.6,0.0156,PASS,410.9,90.9,,
3200,3840,512,hk_128x128x64,239.7,0.0078,PASS,263.2,91.1,,
3200,3968,8192,hk_128x128x64,371.3,0.0312,PASS,533.9,69.5,,
3200,4224,2048,hk_128x128x64,388.0,0.0156,PASS,402.7,96.3,,
3200,4224,4096,hk_128x128x64,401.7,0.0156,PASS,515.7,77.9,,
3200,4608,1024,hk_128x128x64,332.0,0.0078,PASS,357.7,92.8,,
3200,4992,64,hk_128x128x64,68.8,0.0039,PASS,34.9,197.3,,
3200,4992,8192,hk_128x128x64,361.9,0.0312,PASS,542.3,66.7,,
3200,5376,256,hk_128x128x64,173.4,0.0039,PASS,186.2,93.1,,
3200,5504,64,hk_128x128x64,75.3,0.0020,PASS,47.1,160.0,,
3200,5504,8192,hk_128x128x64,384.6,0.0312,PASS,542.3,70.9,,
3200,5632,64,hk_128x128x64,64.1,0.0020,PASS,66.7,96.2,,
3200,5632,512,hk_128x128x64,282.2,0.0078,PASS,288.8,97.7,,
3200,5760,128,hk_128x128x64,141.6,0.0039,PASS,98.9,143.1,,
3200,6016,8192,hk_128x128x64,408.8,0.0312,PASS,559.6,73.1,,
3200,6144,512,hk_128x128x64,261.4,0.0078,PASS,311.7,83.8,,
3200,6400,1024,hk_128x128x64,321.2,0.0078,PASS,428.6,74.9,,
3200,6400,2048,hk_128x128x64,368.8,0.0156,PASS,505.6,72.9,,
3200,6784,512,hk_128x128x64,273.4,0.0078,PASS,221.8,123.2,,
3200,6912,4096,hk_128x128x64,372.9,0.0156,PASS,524.9,71.0,,
3200,7040,64,hk_128x128x64,77.6,0.0020,PASS,37.2,208.7,,
3200,7040,256,hk_128x128x64,217.8,0.0039,PASS,136.8,159.2,,
3200,7040,1024,hk_128x128x64,331.0,0.0078,PASS,316.2,104.7,,
3200,7040,2048,hk_128x128x64,390.5,0.0156,PASS,427.4,91.4,,
3200,7168,256,hk_128x128x64,205.4,0.0039,PASS,237.0,86.7,,
3200,7296,8192,hk_128x128x64,388.6,0.0312,PASS,555.7,69.9,,
3200,7424,512,hk_128x128x64,278.8,0.0078,PASS,320.0,87.1,,
3200,7552,64,hk_128x128x64,81.8,0.0039,PASS,41.2,198.4,,
3200,7552,128,hk_128x128x64,144.3,0.0039,PASS,81.4,177.2,,
3200,7552,512,hk_128x128x64,253.6,0.0078,PASS,237.1,106.9,,
3200,7680,128,hk_128x128x64,148.7,0.0039,PASS,147.3,100.9,,
3200,7680,1024,hk_128x128x64,361.2,0.0078,PASS,431.2,83.8,,
3200,7680,8192,hk_128x128x64,416.9,0.0312,PASS,633.7,65.8,,
3200,7936,256,hk_128x128x64,186.8,0.0039,PASS,215.7,86.6,,
3200,7936,1024,hk_128x128x64,333.6,0.0078,PASS,421.5,79.1,,
3200,8064,1024,hk_128x128x64,337.4,0.0078,PASS,375.1,90.0,,
3200,8192,4096,hk_128x128x64,394.0,0.0156,PASS,570.8,69.0,,
3264,3264,384,hk_192x192x64,265.7,0.0078,PASS,134.0,198.3,,
3264,3264,3072,hk_192x192x64,491.4,0.0156,PASS,422.9,116.2,,
3264,3456,64,hk_192x192x64,61.8,0.0020,PASS,44.0,140.6,,
3264,3456,3072,hk_192x192x64,307.1,0.0156,PASS,420.4,73.1,,
3264,3840,64,hk_192x192x64,69.1,0.0020,PASS,57.7,119.6,,
3264,4032,384,hk_192x192x64,246.1,0.0078,PASS,192.2,128.0,,
3264,4416,192,hk_192x192x64,196.4,0.0039,PASS,106.3,184.8,,
3264,4608,192,hk_192x192x64,199.6,0.0039,PASS,139.3,143.3,,
3264,4608,384,hk_192x192x64,259.5,0.0039,PASS,211.5,122.7,,
3264,4608,768,hk_192x192x64,330.7,0.0078,PASS,308.5,107.2,,
3264,4992,64,hk_192x192x64,89.8,0.0020,PASS,54.1,165.9,,
3264,5376,64,hk_192x192x64,98.1,0.0020,PASS,70.1,139.9,,
3264,5376,192,hk_192x192x64,204.3,0.0039,PASS,160.5,127.3,,
3264,5376,3072,hk_192x192x64,466.6,0.0156,PASS,435.9,107.0,,
3264,5568,384,hk_192x192x64,289.5,0.0078,PASS,216.4,133.8,,
3264,5568,1536,hk_192x192x64,444.3,0.0156,PASS,380.3,116.8,,
3264,5568,3072,hk_192x192x64,480.6,0.0156,PASS,460.9,104.3,,
3264,5568,6144,hk_192x192x64,451.3,0.0312,PASS,561.1,80.4,,
3264,5760,6144,hk_192x192x64,489.5,0.0312,PASS,569.8,85.9,,
3264,5952,768,hk_192x192x64,371.2,0.0078,PASS,238.0,156.0,,
3264,6144,768,hk_192x192x64,409.7,0.0078,PASS,378.7,108.2,,
3328,3328,1024,hk_128x128x64,286.8,0.0078,PASS,338.9,84.6,,
3328,3328,1024,hk_256x256x64,366.7,0.0078,PASS,338.9,108.2,,
3328,3712,128,hk_128x128x64,126.7,0.0039,PASS,94.2,134.5,,
3328,3712,2048,hk_128x128x64,352.8,0.0156,PASS,379.3,93.0,,
3328,3840,128,hk_128x128x64,122.1,0.0039,PASS,100.2,121.8,,
3328,3840,128,hk_256x256x64,135.2,0.0039,PASS,100.2,134.9,,
3328,3840,2048,hk_128x128x64,341.4,0.0156,PASS,428.5,79.7,,
3328,3840,2048,hk_256x256x64,466.1,0.0156,PASS,428.5,108.8,,
3328,3968,1024,hk_128x128x64,333.0,0.0078,PASS,325.6,102.3,,
3328,4224,128,hk_128x128x64,124.8,0.0039,PASS,85.8,145.4,,
3328,4480,256,hk_128x128x64,216.3,0.0039,PASS,128.4,168.4,,
3328,4736,64,hk_128x128x64,81.0,0.0020,PASS,42.5,190.5,,
3328,4736,1024,hk_128x128x64,283.7,0.0078,PASS,303.2,93.6,,
3328,4736,8192,hk_128x128x64,353.3,0.0312,PASS,546.8,64.6,,
3328,4864,64,hk_128x128x64,65.4,0.0020,PASS,60.3,108.5,,
3328,4864,64,hk_256x256x64,87.9,0.0020,PASS,60.3,145.9,,
3328,5120,1024,hk_128x128x64,322.3,0.0078,PASS,369.5,87.2,,
3328,5120,1024,hk_256x256x64,429.1,0.0078,PASS,369.5,116.1,,
3328,5248,1024,hk_128x128x64,324.5,0.0078,PASS,306.2,106.0,,
3328,5376,64,hk_128x128x64,73.5,0.0020,PASS,71.3,103.0,,
3328,5376,64,hk_256x256x64,99.6,0.0020,PASS,71.3,139.7,,
3328,5376,512,hk_128x128x64,272.3,0.0078,PASS,287.5,94.7,,
3328,5376,512,hk_256x256x64,343.3,0.0078,PASS,287.5,119.4,,
3328,5632,1024,hk_128x128x64,347.2,0.0078,PASS,399.7,86.9,,
3328,5632,1024,hk_256x256x64,473.4,0.0078,PASS,399.7,118.4,,
3328,5632,4096,hk_128x128x64,404.0,0.0156,PASS,568.6,71.1,,
3328,5632,4096,hk_256x256x64,555.0,0.0156,PASS,568.6,97.6,,
3328,5760,256,hk_128x128x64,170.8,0.0039,PASS,157.4,108.5,,
3328,5888,64,hk_128x128x64,77.7,0.0020,PASS,68.6,113.2,,
3328,5888,64,hk_256x256x64,99.4,0.0020,PASS,68.6,144.9,,
3328,5888,128,hk_128x128x64,143.7,0.0039,PASS,135.9,105.7,,
3328,5888,128,hk_256x256x64,182.7,0.0039,PASS,135.9,134.5,,
3328,6144,128,hk_128x128x64,137.5,0.0039,PASS,130.3,105.5,,
3328,6144,128,hk_256x256x64,135.7,0.0039,PASS,130.3,104.1,,
3328,6144,4096,hk_128x128x64,363.6,0.0156,PASS,491.6,74.0,,
3328,6144,4096,hk_256x256x64,370.3,0.0156,PASS,491.6,75.3,,
3328,6528,64,hk_128x128x64,83.9,0.0020,PASS,58.2,144.2,,
3328,6656,2048,hk_128x128x64,380.6,0.0156,PASS,477.6,79.7,,
3328,6656,2048,hk_256x256x64,369.1,0.0156,PASS,477.6,77.3,,
3328,6656,4096,hk_128x128x64,353.7,0.0156,PASS,609.1,58.1,,
3328,6656,4096,hk_256x256x64,401.7,0.0156,PASS,609.1,66.0,,
3328,6784,128,hk_128x128x64,132.3,0.0039,PASS,76.1,173.9,,
3328,6784,2048,hk_128x128x64,387.1,0.0156,PASS,419.4,92.3,,
3328,6784,8192,hk_128x128x64,389.9,0.0312,PASS,552.8,70.5,,
3328,6912,64,hk_128x128x64,71.1,0.0020,PASS,61.3,116.1,,
3328,6912,64,hk_256x256x64,72.9,0.0020,PASS,61.3,119.0,,
3328,6912,256,hk_128x128x64,210.6,0.0039,PASS,220.5,95.5,,
3328,6912,256,hk_256x256x64,225.0,0.0039,PASS,220.5,102.0,,
3328,6912,4096,hk_128x128x64,390.7,0.0156,PASS,535.5,73.0,,
3328,6912,4096,hk_256x256x64,415.2,0.0156,PASS,535.5,77.5,,
3328,7040,4096,hk_128x128x64,394.1,0.0156,PASS,524.6,75.1,,
3328,7168,128,hk_128x128x64,115.4,0.0039,PASS,123.1,93.7,,
3328,7168,128,hk_256x256x64,124.9,0.0039,PASS,123.1,101.4,,
3328,7296,256,hk_128x128x64,221.6,0.0039,PASS,138.8,159.6,,
3328,7424,1024,hk_128x128x64,353.7,0.0078,PASS,403.7,87.6,,
3328,7424,1024,hk_256x256x64,360.6,0.0078,PASS,403.7,89.3,,
3328,7680,4096,hk_128x128x64,369.6,0.0156,PASS,584.2,63.3,,
3328,7680,4096,hk_256x256x64,447.8,0.0156,PASS,584.2,76.6,,
3328,7936,512,hk_128x128x64,286.9,0.0078,PASS,306.1,93.7,,
3328,7936,512,hk_256x256x64,320.4,0.0078,PASS,306.1,104.7,,
3328,8192,64,hk_128x128x64,92.0,0.0020,PASS,86.1,106.9,,
3328,8192,64,hk_256x256x64,103.5,0.0020,PASS,86.1,120.3,,
3328,8192,128,hk_128x128x64,146.4,0.0039,PASS,146.2,100.1,,
3328,8192,128,hk_256x256x64,174.7,0.0039,PASS,146.2,119.5,,
3328,8192,512,hk_128x128x64,291.6,0.0078,PASS,307.2,94.9,,
3328,8192,512,hk_256x256x64,334.8,0.0078,PASS,307.2,109.0,,
3456,3456,192,hk_128x128x64,154.9,0.0039,PASS,129.0,120.1,,
3456,3456,192,hk_192x192x64,143.8,0.0039,PASS,129.0,111.5,,
3456,3456,3072,hk_128x128x64,332.8,0.0156,PASS,453.1,73.4,,
3456,3456,3072,hk_192x192x64,330.1,0.0156,PASS,453.1,72.8,,
3456,3584,2048,hk_128x128x64,355.6,0.0156,PASS,460.2,77.3,,
3456,3584,4096,hk_128x128x64,390.1,0.0156,PASS,530.4,73.6,,
3456,3648,64,hk_192x192x64,61.0,0.0039,PASS,41.8,146.1,,
3456,3648,192,hk_192x192x64,150.9,0.0039,PASS,108.3,139.3,,
3456,3712,2048,hk_128x128x64,358.4,0.0156,PASS,370.0,96.9,,
3456,3840,512,hk_128x128x64,268.3,0.0078,PASS,266.5,100.7,,
3456,3840,512,hk_192x192x64,261.3,0.0078,PASS,266.5,98.0,,
3456,3840,1536,hk_128x128x64,337.5,0.0156,PASS,421.4,80.1,,
3456,3840,1536,hk_192x192x64,336.6,0.0156,PASS,421.4,79.9,,
3456,3968,512,hk_128x128x64,282.7,0.0078,PASS,255.2,110.8,,
3456,4032,1536,hk_192x192x64,355.1,0.0156,PASS,357.5,99.3,,
3456,4096,8192,hk_128x128x64,390.0,0.0312,PASS,594.3,65.6,,
3456,4224,128,hk_128x128x64,114.0,0.0039,PASS,80.1,142.3,,
3456,4224,128,hk_192x192x64,124.9,0.0039,PASS,80.1,155.8,,
3456,4224,2048,hk_128x128x64,374.3,0.0156,PASS,383.7,97.6,,
3456,4224,2048,hk_192x192x64,401.5,0.0156,PASS,383.7,104.6,,
3456,4352,512,hk_128x128x64,236.5,0.0078,PASS,263.7,89.7,,
3456,4352,8192,hk_128x128x64,352.5,0.0312,PASS,501.3,70.3,,
3456,4480,64,hk_128x128x64,64.7,0.0020,PASS,36.0,179.8,,
3456,4480,256,hk_128x128x64,195.4,0.0039,PASS,120.1,162.7,,
3456,4608,128,hk_128x128x64,98.2,0.0039,PASS,116.0,84.7,,
3456,4608,128,hk_192x192x64,159.0,0.0039,PASS,116.0,137.1,,
3456,4736,128,hk_128x128x64,132.7,0.0039,PASS,96.5,137.6,,
3456,4736,256,hk_128x128x64,193.7,0.0039,PASS,158.6,122.2,,
3456,4736,512,hk_128x128x64,259.4,0.0078,PASS,228.7,113.4,,
3456,4864,1024,hk_128x128x64,307.1,0.0078,PASS,368.6,83.3,,
3456,4864,4096,hk_128x128x64,371.5,0.0156,PASS,525.5,70.7,,
3456,4864,8192,hk_128x128x64,374.6,0.0312,PASS,626.1,59.8,,
3456,4992,256,hk_128x128x64,187.8,0.0039,PASS,146.4,128.3,,
3456,4992,256,hk_192x192x64,219.5,0.0039,PASS,146.4,150.0,,
3456,4992,1536,hk_128x128x64,330.1,0.0156,PASS,368.1,89.7,,
3456,4992,1536,hk_192x192x64,420.0,0.0156,PASS,368.1,114.1,,
3456,4992,3072,hk_128x128x64,355.3,0.0156,PASS,479.6,74.1,,
3456,4992,3072,hk_192x192x64,455.7,0.0156,PASS,479.6,95.0,,
3456,5120,64,hk_128x128x64,73.4,0.0020,PASS,69.9,105.0,,
3456,5120,128,hk_128x128x64,130.8,0.0039,PASS,124.7,104.9,,
3456,5120,8192,hk_128x128x64,382.9,0.0312,PASS,602.3,63.6,,
3456,5184,1536,hk_192x192x64,436.7,0.0156,PASS,329.5,132.5,,
3456,5248,512,hk_128x128x64,287.4,0.0078,PASS,247.5,116.1,,
3456,5248,1024,hk_128x128x64,336.1,0.0078,PASS,296.9,113.2,,
3456,5248,2048,hk_128x128x64,396.8,0.0156,PASS,384.8,103.1,,
3456,5632,128,hk_128x128x64,126.4,0.0039,PASS,132.6,95.4,,
3456,5632,1024,hk_128x128x64,352.6,0.0078,PASS,439.9,80.2,,
3456,5760,256,hk_128x128x64,224.2,0.0039,PASS,176.4,127.1,,
3456,5760,256,hk_192x192x64,251.8,0.0039,PASS,176.4,142.8,,
3456,5760,4096,hk_128x128x64,424.6,0.0156,PASS,460.9,92.1,,
3456,5760,4096,hk_192x192x64,563.2,0.0156,PASS,460.9,122.2,,
3456,5888,64,hk_128x128x64,62.8,0.0020,PASS,71.0,88.5,,
3456,5888,256,hk_128x128x64,186.5,0.0039,PASS,220.7,84.5,,
3456,5952,6144,hk_192x192x64,508.8,0.0312,PASS,529.3,96.1,,
3456,6016,512,hk_128x128x64,232.3,0.0078,PASS,223.0,104.2,,
3456,6144,256,hk_128x128x64,199.3,0.0039,PASS,211.9,94.1,,
3456,6144,256,hk_192x192x64,259.7,0.0039,PASS,211.9,122.5,,
3456,6144,768,hk_128x128x64,292.0,0.0078,PASS,394.1,74.1,,
3456,6144,768,hk_192x192x64,408.7,0.0078,PASS,394.1,103.7,,
3456,6144,3072,hk_128x128x64,342.3,0.0156,PASS,539.5,63.5,,
3456,6144,3072,hk_192x192x64,549.2,0.0156,PASS,539.5,101.8,,
3456,6272,2048,hk_128x128x64,387.5,0.0156,PASS,462.8,83.7,,
3456,6400,8192,hk_128x128x64,388.7,0.0312,PASS,563.2,69.0,,
3456,6528,64,hk_128x128x64,78.4,0.0039,PASS,37.5,209.1,,
3456,6528,64,hk_192x192x64,80.6,0.0039,PASS,37.5,215.0,,
3456,6528,8192,hk_128x128x64,390.1,0.0312,PASS,560.2,69.6,,
3456,6528,8192,hk_192x192x64,425.3,0.0312,PASS,560.2,75.9,,
3456,6656,256,hk_128x128x64,202.5,0.0039,PASS,208.3,97.2,,
3456,6784,128,hk_128x128x64,142.2,0.0039,PASS,76.3,186.5,,
3456,6784,1024,hk_128x128x64,349.7,0.0078,PASS,332.8,105.1,,
3456,7040,2048,hk_128x128x64,425.0,0.0156,PASS,433.2,98.1,,
3456,7168,128,hk_128x128x64,130.6,0.0039,PASS,138.4,94.3,,
3456,7424,64,hk_128x128x64,79.8,0.0020,PASS,76.0,104.9,,
3456,7552,512,hk_128x128x64,277.1,0.0078,PASS,237.9,116.5,,
3456,7552,1024,hk_128x128x64,332.1,0.0078,PASS,329.2,100.9,,
3456,7680,1024,hk_128x128x64,351.2,0.0078,PASS,425.7,82.5,,
3456,7680,1024,hk_192x192x64,409.2,0.0078,PASS,425.7,96.1,,
3456,7808,128,hk_128x128x64,143.9,0.0039,PASS,104.3,138.0,,
3456,7936,512,hk_128x128x64,296.2,0.0078,PASS,326.1,90.8,,
3456,8064,2048,hk_128x128x64,403.2,0.0156,PASS,467.2,86.3,,
3456,8064,2048,hk_192x192x64,495.1,0.0156,PASS,467.2,106.0,,
3456,8192,64,hk_128x128x64,85.9,0.0020,PASS,79.4,108.2,,
3456,8192,128,hk_128x128x64,157.8,0.0039,PASS,147.3,107.1,,
3456,8192,1024,hk_128x128x64,363.7,0.0078,PASS,422.0,86.2,,
3584,3584,64,hk_128x128x64,67.7,0.0020,PASS,52.7,128.6,,
3584,3584,64,hk_256x256x64,76.0,0.0020,PASS,52.7,144.3,,
3584,3584,2048,hk_128x128x64,345.7,0.0156,PASS,435.0,79.5,,
3584,3584,2048,hk_256x256x64,437.3,0.0156,PASS,435.0,100.5,,
3584,3712,256,hk_128x128x64,194.5,0.0039,PASS,173.3,112.2,,
3584,3712,4096,hk_128x128x64,408.6,0.0156,PASS,460.3,88.8,,
3584,3968,128,hk_128x128x64,111.6,0.0039,PASS,109.3,102.1,,
3584,3968,1024,hk_128x128x64,353.4,0.0078,PASS,327.6,107.9,,
3584,4096,256,hk_128x128x64,212.6,0.0039,PASS,197.0,107.9,,
3584,4096,256,hk_256x256x64,229.5,0.0039,PASS,197.0,116.5,,
3584,4224,128,hk_128x128x64,125.0,0.0039,PASS,75.1,166.4,,
3584,4480,2048,hk_128x128x64,339.6,0.0156,PASS,390.5,87.0,,
3584,4480,4096,hk_128x128x64,370.9,0.0156,PASS,492.7,75.3,,
3584,4736,128,hk_128x128x64,111.9,0.0039,PASS,92.8,120.5,,
3584,4992,2048,hk_128x128x64,378.4,0.0156,PASS,421.4,89.8,,
3584,5120,512,hk_128x128x64,290.3,0.0078,PASS,299.8,96.8,,
3584,5120,512,hk_256x256x64,360.0,0.0078,PASS,299.8,120.1,,
3584,5120,4096,hk_128x128x64,440.1,0.0156,PASS,556.7,79.1,,
3584,5120,4096,hk_256x256x64,576.8,0.0156,PASS,556.7,103.6,,
3584,5376,256,hk_128x128x64,181.3,0.0039,PASS,213.5,84.9,,
3584,5376,256,hk_256x256x64,239.1,0.0039,PASS,213.5,112.0,,
3584,5376,512,hk_128x128x64,292.2,0.0078,PASS,316.7,92.3,,
3584,5376,512,hk_256x256x64,364.8,0.0078,PASS,316.7,115.2,,
3584,5632,128,hk_128x128x64,132.5,0.0039,PASS,133.3,99.4,,
3584,5632,128,hk_256x256x64,128.7,0.0039,PASS,133.3,96.5,,
3584,5888,128,hk_128x128x64,137.1,0.0039,PASS,137.6,99.7,,
3584,5888,128,hk_256x256x64,138.0,0.0039,PASS,137.6,100.3,,
3584,5888,2048,hk_128x128x64,357.2,0.0156,PASS,428.1,83.4,,
3584,5888,2048,hk_256x256x64,358.8,0.0156,PASS,428.1,83.8,,
3584,6144,128,hk_128x128x64,135.8,0.0039,PASS,141.8,95.8,,
3584,6144,128,hk_256x256x64,142.1,0.0039,PASS,141.8,100.2,,
3584,6272,64,hk_128x128x64,92.8,0.0020,PASS,44.6,208.0,,
3584,6272,128,hk_128x128x64,145.0,0.0039,PASS,85.3,170.0,,
3584,6272,8192,hk_128x128x64,400.8,0.0312,PASS,557.2,71.9,,
3584,6400,4096,hk_128x128x64,395.7,0.0156,PASS,579.7,68.3,,
3584,6400,4096,hk_256x256x64,400.2,0.0156,PASS,579.7,69.0,,
3584,6656,64,hk_128x128x64,81.8,0.0020,PASS,72.0,113.7,,
3584,6656,64,hk_256x256x64,84.3,0.0020,PASS,72.0,117.1,,
3584,6656,1024,hk_128x128x64,340.2,0.0078,PASS,419.9,81.0,,
3584,6656,1024,hk_256x256x64,357.5,0.0078,PASS,419.9,85.1,,
3584,6656,2048,hk_128x128x64,406.3,0.0156,PASS,493.5,82.3,,
3584,6656,2048,hk_256x256x64,396.1,0.0156,PASS,493.5,80.3,,
3584,6784,128,hk_128x128x64,125.3,0.0039,PASS,76.8,163.2,,
3584,6784,4096,hk_128x128x64,400.7,0.0156,PASS,491.3,81.6,,
3584,6912,128,hk_128x128x64,129.7,0.0039,PASS,114.7,113.0,,
3584,6912,128,hk_256x256x64,134.1,0.0039,PASS,114.7,116.9,,
3584,6912,4096,hk_128x128x64,375.6,0.0156,PASS,560.0,67.1,,
3584,6912,4096,hk_256x256x64,450.3,0.0156,PASS,560.0,80.4,,
3584,7040,128,hk_128x128x64,129.6,0.0039,PASS,116.0,111.7,,
3584,7040,256,hk_128x128x64,222.4,0.0039,PASS,194.1,114.6,,
3584,7040,8192,hk_128x128x64,373.7,0.0312,PASS,573.7,65.1,,
3584,7168,512,hk_128x128x64,264.3,0.0078,PASS,340.6,77.6,,
3584,7168,512,hk_256x256x64,295.3,0.0078,PASS,340.6,86.7,,
3584,7296,1024,hk_128x128x64,335.4,0.0078,PASS,373.6,89.8,,
3584,7424,64,hk_128x128x64,88.2,0.0020,PASS,78.6,112.2,,
3584,7424,64,hk_256x256x64,98.5,0.0020,PASS,78.6,125.3,,
3584,7424,128,hk_128x128x64,139.6,0.0039,PASS,136.6,102.2,,
3584,7424,128,hk_256x256x64,165.2,0.0039,PASS,136.6,120.9,,
3584,7424,256,hk_128x128x64,216.9,0.0039,PASS,212.7,102.0,,
3584,7424,256,hk_256x256x64,251.5,0.0039,PASS,212.7,118.2,,
3584,7424,512,hk_128x128x64,278.4,0.0078,PASS,292.2,95.3,,
3584,7424,512,hk_256x256x64,331.6,0.0078,PASS,292.2,113.5,,
3584,7552,512,hk_128x128x64,289.5,0.0078,PASS,276.3,104.8,,
3584,7552,2048,hk_128x128x64,374.0,0.0156,PASS,461.6,81.0,,
3584,7552,8192,hk_128x128x64,392.1,0.0312,PASS,527.6,74.3,,
3584,7680,8192,hk_128x128x64,392.4,0.0312,PASS,549.7,71.4,,
3584,7680,8192,hk_256x256x64,516.6,0.0312,PASS,549.7,94.0,,
3584,8064,128,hk_128x128x64,136.9,0.0039,PASS,117.6,116.4,,
3584,8064,256,hk_128x128x64,239.0,0.0039,PASS,202.1,118.3,,
3584,8064,8192,hk_128x128x64,403.0,0.0312,PASS,559.2,72.1,,
3584,8192,512,hk_128x128x64,280.9,0.0078,PASS,348.8,80.5,,
3584,8192,512,hk_256x256x64,331.9,0.0078,PASS,348.8,95.1,,
3648,3840,1536,hk_192x192x64,334.5,0.0156,PASS,464.9,72.0,,
3648,4608,3072,hk_192x192x64,431.0,0.0156,PASS,513.8,83.9,,
3648,4992,1536,hk_192x192x64,429.2,0.0156,PASS,394.8,108.7,,
3648,4992,6144,hk_192x192x64,498.2,0.0312,PASS,511.3,97.4,,
3648,5568,1536,hk_192x192x64,481.0,0.0156,PASS,360.2,133.5,,
3648,5760,192,hk_192x192x64,222.3,0.0039,PASS,148.5,149.7,,
3648,5760,1536,hk_192x192x64,464.7,0.0156,PASS,385.5,120.6,,
3648,5952,768,hk_192x192x64,411.6,0.0078,PASS,280.6,146.7,,
3712,3712,8192,hk_128x128x64,396.9,0.0312,PASS,521.0,76.2,,
3712,3840,128,hk_128x128x64,112.6,0.0039,PASS,103.9,108.3,,
3712,3840,2048,hk_128x128x64,398.5,0.0156,PASS,495.9,80.4,,
3712,3968,256,hk_128x128x64,203.9,0.0039,PASS,178.7,114.1,,
3712,3968,1024,hk_128x128x64,337.8,0.0078,PASS,323.4,104.4,,
3712,4096,128,hk_128x128x64,129.8,0.0039,PASS,113.9,114.0,,
3712,4096,8192,hk_128x128x64,359.9,0.0312,PASS,571.7,63.0,,
3712,4224,1024,hk_128x128x64,307.3,0.0078,PASS,304.0,101.1,,
3712,4352,8192,hk_128x128x64,366.6,0.0312,PASS,596.7,61.4,,
3712,4480,8192,hk_128x128x64,373.9,0.0312,PASS,578.0,64.7,,
3712,4608,512,hk_128x128x64,263.3,0.0078,PASS,298.3,88.3,,
3712,4864,64,hk_128x128x64,76.6,0.0020,PASS,68.1,112.5,,
3712,4864,4096,hk_128x128x64,404.6,0.0156,PASS,530.2,76.3,,
3712,4992,128,hk_128x128x64,116.2,0.0039,PASS,88.7,131.0,,
3712,5120,1024,hk_128x128x64,349.9,0.0078,PASS,441.2,79.3,,
3712,5120,2048,hk_128x128x64,414.1,0.0156,PASS,507.1,81.7,,
3712,5120,4096,hk_128x128x64,415.0,0.0156,PASS,637.8,65.1,,
3712,5120,8192,hk_128x128x64,393.3,0.0312,PASS,635.7,61.9,,
3712,5376,64,hk_128x128x64,62.3,0.0020,PASS,63.2,98.6,,
3712,5632,64,hk_128x128x64,68.4,0.0039,PASS,65.0,105.3,,
3712,5632,1024,hk_128x128x64,318.9,0.0078,PASS,417.3,76.4,,
3712,5632,8192,hk_128x128x64,375.8,0.0312,PASS,593.7,63.3,,
3712,5760,8192,hk_128x128x64,370.7,0.0312,PASS,559.2,66.3,,
3712,5888,2048,hk_128x128x64,359.6,0.0156,PASS,514.4,69.9,,
3712,6016,256,hk_128x128x64,192.0,0.0039,PASS,131.3,146.2,,
3712,6016,512,hk_128x128x64,282.3,0.0078,PASS,227.2,124.3,,
3712,6016,4096,hk_128x128x64,379.9,0.0156,PASS,499.2,76.1,,
3712,6144,4096,hk_128x128x64,395.3,0.0156,PASS,590.6,66.9,,
3712,6272,256,hk_128x128x64,188.4,0.0039,PASS,120.6,156.2,,
3712,6272,1024,hk_128x128x64,349.9,0.0078,PASS,327.8,106.8,,
3712,6400,256,hk_128x128x64,222.9,0.0039,PASS,216.8,102.8,,
3712,6400,4096,hk_128x128x64,392.6,0.0156,PASS,517.9,75.8,,
3712,6528,2048,hk_128x128x64,378.8,0.0156,PASS,415.7,91.1,,
3712,6656,1024,hk_128x128x64,364.0,0.0078,PASS,407.3,89.4,,
3712,6784,2048,hk_128x128x64,356.5,0.0156,PASS,454.7,78.4,,
3712,6784,8192,hk_128x128x64,375.3,0.0312,PASS,504.0,74.5,,
3712,7040,512,hk_128x128x64,280.4,0.0078,PASS,267.2,105.0,,
3712,7040,2048,hk_128x128x64,375.6,0.0156,PASS,455.2,82.5,,
3712,7040,8192,hk_128x128x64,379.5,0.0312,PASS,532.1,71.3,,
3712,7168,2048,hk_128x128x64,340.6,0.0156,PASS,495.5,68.7,,
3712,7296,128,hk_128x128x64,114.6,0.0039,PASS,111.5,102.7,,
3712,7296,512,hk_128x128x64,292.6,0.0078,PASS,291.4,100.4,,
3712,7424,64,hk_128x128x64,84.5,0.0020,PASS,82.0,103.1,,
3712,7424,128,hk_128x128x64,146.2,0.0039,PASS,147.0,99.4,,
3712,7424,8192,hk_128x128x64,398.3,0.0312,PASS,532.0,74.9,,
3712,7552,1024,hk_128x128x64,326.5,0.0078,PASS,374.6,87.2,,
3712,7808,64,hk_128x128x64,82.1,0.0020,PASS,67.2,122.2,,
3712,7808,128,hk_128x128x64,158.2,0.0039,PASS,123.7,127.9,,
3712,7936,128,hk_128x128x64,155.1,0.0039,PASS,152.9,101.5,,
3712,7936,8192,hk_128x128x64,419.6,0.0312,PASS,548.6,76.5,,
3712,8064,512,hk_128x128x64,274.4,0.0078,PASS,209.4,131.0,,
3712,8192,128,hk_128x128x64,148.7,0.0039,PASS,141.9,104.8,,
3712,8192,256,hk_128x128x64,231.0,0.0039,PASS,233.2,99.0,,
3712,8192,1024,hk_128x128x64,336.1,0.0078,PASS,383.0,87.8,,
3840,3840,384,hk_128x128x64,255.7,0.0078,PASS,240.9,106.1,,
3840,3840,384,hk_192x192x64,266.1,0.0078,PASS,240.9,110.5,,
3840,3840,384,hk_256x256x64,283.7,0.0078,PASS,240.9,117.7,,
3840,3968,4096,hk_128x128x64,372.3,0.0156,PASS,462.2,80.5,,
3840,4032,64,hk_192x192x64,71.6,0.0020,PASS,35.4,202.4,,
3840,4096,512,hk_128x128x64,252.8,0.0078,PASS,299.9,84.3,,
3840,4096,512,hk_256x256x64,325.2,0.0078,PASS,299.9,108.4,,
3840,4096,2048,hk_128x128x64,331.2,0.0156,PASS,432.9,76.5,,
3840,4096,2048,hk_256x256x64,487.4,0.0156,PASS,432.9,112.6,,
3840,4224,2048,hk_128x128x64,362.2,0.0156,PASS,412.3,87.8,,
3840,4224,2048,hk_192x192x64,432.8,0.0156,PASS,412.3,105.0,,
3840,4352,2048,hk_128x128x64,366.4,0.0156,PASS,479.3,76.4,,
3840,4352,2048,hk_256x256x64,516.2,0.0156,PASS,479.3,107.7,,
3840,4416,192,hk_192x192x64,191.8,0.0039,PASS,106.5,180.1,,
3840,4480,4096,hk_128x128x64,407.1,0.0156,PASS,481.8,84.5,,
3840,4608,256,hk_128x128x64,180.1,0.0039,PASS,201.3,89.5,,
3840,4608,256,hk_192x192x64,216.6,0.0039,PASS,201.3,107.6,,
3840,4608,256,hk_256x256x64,259.4,0.0039,PASS,201.3,128.9,,
3840,4608,1024,hk_128x128x64,331.1,0.0078,PASS,418.0,79.2,,
3840,4608,1024,hk_192x192x64,402.2,0.0078,PASS,418.0,96.2,,
3840,4608,1024,hk_256x256x64,451.1,0.0078,PASS,418.0,107.9,,
3840,4608,8192,hk_128x128x64,385.4,0.0312,PASS,608.9,63.3,,
3840,4608,8192,hk_192x192x64,500.1,0.0312,PASS,608.9,82.1,,
3840,4608,8192,hk_256x256x64,595.9,0.0312,PASS,608.9,97.9,,
3840,4736,64,hk_128x128x64,60.3,0.0020,PASS,36.5,165.2,,
3840,4800,1536,hk_192x192x64,445.5,0.0156,PASS,404.6,110.1,,
3840,5184,192,hk_192x192x64,218.8,0.0039,PASS,113.5,192.7,,
3840,5184,3072,hk_192x192x64,513.2,0.0156,PASS,448.1,114.5,,
3840,5248,4096,hk_128x128x64,371.1,0.0156,PASS,506.9,73.2,,
3840,5376,64,hk_128x128x64,71.9,0.0020,PASS,70.8,101.6,,
3840,5376,64,hk_192x192x64,94.6,0.0020,PASS,70.8,133.5,,
3840,5376,64,hk_256x256x64,78.2,0.0020,PASS,70.8,110.4,,
3840,5376,128,hk_128x128x64,136.3,0.0039,PASS,133.5,102.1,,
3840,5376,128,hk_192x192x64,174.8,0.0039,PASS,133.5,130.9,,
3840,5376,128,hk_256x256x64,134.2,0.0039,PASS,133.5,100.5,,
3840,5376,1536,hk_128x128x64,315.5,0.0156,PASS,387.1,81.5,,
3840,5376,1536,hk_192x192x64,464.4,0.0156,PASS,387.1,120.0,,
3840,5376,1536,hk_256x256x64,331.6,0.0156,PASS,387.1,85.7,,
3840,5376,3072,hk_128x128x64,345.0,0.0156,PASS,520.6,66.3,,
3840,5376,3072,hk_192x192x64,541.9,0.0156,PASS,520.6,104.1,,
3840,5376,3072,hk_256x256x64,364.2,0.0156,PASS,520.6,70.0,,
3840,5376,4096,hk_128x128x64,352.5,0.0156,PASS,568.7,62.0,,
3840,5376,4096,hk_192x192x64,554.5,0.0156,PASS,568.7,97.5,,
3840,5376,4096,hk_256x256x64,370.2,0.0156,PASS,568.7,65.1,,
3840,5504,256,hk_128x128x64,206.2,0.0039,PASS,129.7,159.0,,
3840,5504,4096,hk_128x128x64,386.4,0.0156,PASS,491.2,78.7,,
3840,5568,384,hk_192x192x64,321.1,0.0078,PASS,167.1,192.1,,
3840,5632,512,hk_128x128x64,278.1,0.0078,PASS,336.3,82.7,,
3840,5632,512,hk_256x256x64,279.4,0.0078,PASS,336.3,83.1,,
3840,5632,1024,hk_128x128x64,327.7,0.0078,PASS,425.7,77.0,,
3840,5632,1024,hk_256x256x64,338.7,0.0078,PASS,425.7,79.6,,
3840,5760,64,hk_128x128x64,89.2,0.0020,PASS,42.2,211.5,,
3840,5760,64,hk_192x192x64,99.6,0.0020,PASS,42.2,236.2,,
3840,5760,192,hk_128x128x64,181.2,0.0039,PASS,116.3,155.8,,
3840,5760,192,hk_192x192x64,228.9,0.0039,PASS,116.3,196.8,,
3840,5760,1024,hk_128x128x64,324.9,0.0078,PASS,314.2,103.4,,
3840,5760,1024,hk_192x192x64,430.8,0.0078,PASS,314.2,137.1,,
3840,5760,1536,hk_128x128x64,343.9,0.0156,PASS,407.5,84.4,,
3840,5760,1536,hk_192x192x64,499.0,0.0156,PASS,407.5,122.4,,
3840,5760,4096,hk_128x128x64,387.5,0.0156,PASS,495.2,78.3,,
3840,5760,4096,hk_192x192x64,576.4,0.0156,PASS,495.2,116.4,,
3840,5888,8192,hk_128x128x64,376.4,0.0312,PASS,576.7,65.3,,
3840,5888,8192,hk_256x256x64,426.1,0.0312,PASS,576.7,73.9,,
3840,5952,1536,hk_192x192x64,373.7,0.0156,PASS,395.6,94.5,,
3840,5952,3072,hk_192x192x64,410.8,0.0156,PASS,498.0,82.5,,
3840,6016,4096,hk_128x128x64,422.8,0.0156,PASS,537.5,78.7,,
3840,6144,512,hk_128x128x64,264.1,0.0078,PASS,334.2,79.0,,
3840,6144,512,hk_192x192x64,305.5,0.0078,PASS,334.2,91.4,,
3840,6144,512,hk_256x256x64,288.6,0.0078,PASS,334.2,86.4,,
3840,6144,2048,hk_128x128x64,419.8,0.0156,PASS,518.5,81.0,,
3840,6144,2048,hk_192x192x64,431.7,0.0156,PASS,518.5,83.3,,
3840,6144,2048,hk_256x256x64,398.2,0.0156,PASS,518.5,76.8,,
3840,6272,8192,hk_128x128x64,416.7,0.0312,PASS,548.7,75.9,,
3840,6400,128,hk_128x128x64,126.0,0.0039,PASS,135.2,93.3,,
3840,6400,128,hk_256x256x64,139.9,0.0039,PASS,135.2,103.5,,
3840,6528,2048,hk_128x128x64,366.6,0.0156,PASS,423.2,86.6,,
3840,6528,2048,hk_192x192x64,445.6,0.0156,PASS,423.2,105.3,,
3840,6528,8192,hk_128x128x64,382.0,0.0312,PASS,567.7,67.3,,
3840,6528,8192,hk_192x192x64,452.4,0.0312,PASS,567.7,79.7,,
3840,6656,64,hk_128x128x64,74.0,0.0020,PASS,72.3,102.4,,
3840,6656,64,hk_256x256x64,94.1,0.0020,PASS,72.3,130.2,,
3840,6656,128,hk_128x128x64,117.2,0.0039,PASS,144.9,80.9,,
3840,6656,128,hk_256x256x64,165.9,0.0039,PASS,144.9,114.4,,
3840,6784,4096,hk_128x128x64,376.3,0.0156,PASS,477.7,78.8,,
3840,7296,4096,hk_128x128x64,396.3,0.0156,PASS,558.4,71.0,,
3840,7296,4096,hk_192x192x64,490.0,0.0156,PASS,558.4,87.7,,
3840,7296,8192,hk_128x128x64,400.3,0.0312,PASS,537.7,74.4,,
3840,7296,8192,hk_192x192x64,505.5,0.0312,PASS,537.7,94.0,,
3840,7424,128,hk_128x128x64,115.4,0.0039,PASS,140.7,82.0,,
3840,7424,128,hk_256x256x64,160.9,0.0039,PASS,140.7,114.3,,
3840,7424,256,hk_128x128x64,231.2,0.0039,PASS,247.0,93.6,,
3840,7424,256,hk_256x256x64,263.2,0.0039,PASS,247.0,106.6,,
3840,7424,2048,hk_128x128x64,418.8,0.0156,PASS,506.3,82.7,,
3840,7424,2048,hk_256x256x64,468.2,0.0156,PASS,506.3,92.5,,
3840,7424,4096,hk_128x128x64,412.0,0.0156,PASS,583.9,70.6,,
3840,7424,4096,hk_256x256x64,503.1,0.0156,PASS,583.9,86.2,,
3840,7552,64,hk_128x128x64,83.7,0.0020,PASS,63.3,132.3,,
3840,7552,128,hk_128x128x64,152.0,0.0039,PASS,116.1,130.9,,
3840,7680,256,hk_128x128x64,235.4,0.0039,PASS,245.0,96.1,,
3840,7680,256,hk_192x192x64,270.4,0.0039,PASS,245.0,110.4,,
3840,7680,256,hk_256x256x64,269.5,0.0039,PASS,245.0,110.0,,
3840,7808,2048,hk_128x128x64,392.9,0.0156,PASS,436.3,90.1,,
3840,8064,64,hk_128x128x64,93.6,0.0039,PASS,47.9,195.6,,
3840,8064,64,hk_192x192x64,109.6,0.0039,PASS,47.9,229.1,,
3840,8064,128,hk_128x128x64,152.7,0.0039,PASS,95.7,159.5,,
3840,8064,128,hk_192x192x64,177.3,0.0039,PASS,95.7,185.2,,
3840,8064,512,hk_128x128x64,283.4,0.0078,PASS,226.7,125.0,,
3840,8064,512,hk_192x192x64,343.7,0.0078,PASS,226.7,151.6,,
3840,8064,1024,hk_128x128x64,357.5,0.0078,PASS,387.1,92.4,,
3840,8064,1024,hk_192x192x64,450.4,0.0078,PASS,387.1,116.4,,
3840,8192,128,hk_128x128x64,138.3,0.0039,PASS,147.9,93.5,,
3840,8192,128,hk_256x256x64,164.2,0.0039,PASS,147.9,111.1,,
3840,8192,256,hk_128x128x64,230.3,0.0039,PASS,239.6,96.1,,
3840,8192,256,hk_256x256x64,270.9,0.0039,PASS,239.6,113.1,,
3968,3968,2048,hk_128x128x64,338.6,0.0156,PASS,399.3,84.8,,
3968,4096,64,hk_128x128x64,74.9,0.0020,PASS,62.5,119.8,,
3968,4352,512,hk_128x128x64,273.6,0.0078,PASS,292.0,93.7,,
3968,4608,256,hk_128x128x64,215.4,0.0039,PASS,216.6,99.4,,
3968,4608,1024,hk_128x128x64,318.2,0.0078,PASS,381.0,83.5,,
3968,4736,1024,hk_128x128x64,348.0,0.0078,PASS,314.1,110.8,,
3968,4736,2048,hk_128x128x64,405.1,0.0156,PASS,408.8,99.1,,
3968,4736,4096,hk_128x128x64,393.0,0.0156,PASS,509.8,77.1,,
3968,4864,128,hk_128x128x64,107.0,0.0039,PASS,126.8,84.4,,
3968,4864,512,hk_128x128x64,282.2,0.0078,PASS,299.3,94.3,,
3968,4864,8192,hk_128x128x64,394.2,0.0312,PASS,602.8,65.4,,
3968,4992,512,hk_128x128x64,278.7,0.0078,PASS,241.2,115.6,,
3968,4992,4096,hk_128x128x64,442.8,0.0156,PASS,506.5,87.4,,
3968,5120,4096,hk_128x128x64,381.1,0.0156,PASS,545.5,69.9,,
3968,5248,256,hk_128x128x64,186.4,0.0039,PASS,134.7,138.3,,
3968,5376,64,hk_128x128x64,81.8,0.0020,PASS,75.3,108.7,,
3968,5376,4096,hk_128x128x64,366.1,0.0156,PASS,448.6,81.6,,
3968,5504,4096,hk_128x128x64,384.3,0.0156,PASS,513.7,74.8,,
3968,5632,512,hk_128x128x64,245.1,0.0078,PASS,295.9,82.8,,
3968,5888,64,hk_128x128x64,80.2,0.0020,PASS,71.6,112.0,,
3968,5888,256,hk_128x128x64,218.3,0.0039,PASS,216.5,100.8,,
3968,5888,2048,hk_128x128x64,392.1,0.0156,PASS,476.3,82.3,,
3968,6144,512,hk_128x128x64,272.4,0.0078,PASS,333.3,81.7,,
3968,6272,64,hk_128x128x64,80.6,0.0020,PASS,41.4,194.6,,
3968,6272,512,hk_128x128x64,292.3,0.0078,PASS,233.5,125.2,,
3968,6272,2048,hk_128x128x64,411.3,0.0156,PASS,405.3,101.5,,
3968,6272,4096,hk_128x128x64,410.7,0.0156,PASS,506.0,81.2,,
3968,6528,128,hk_128x128x64,107.6,0.0039,PASS,105.7,101.7,,
3968,6656,64,hk_128x128x64,75.6,0.0020,PASS,72.6,104.1,,
3968,6784,256,hk_128x128x64,216.2,0.0039,PASS,199.6,108.3,,
3968,6912,128,hk_128x128x64,143.3,0.0039,PASS,147.8,96.9,,
3968,7040,512,hk_128x128x64,297.6,0.0078,PASS,284.4,104.7,,
3968,7168,2048,hk_128x128x64,378.7,0.0156,PASS,512.3,73.9,,
3968,7296,512,hk_128x128x64,276.0,0.0078,PASS,266.6,103.5,,
3968,7296,2048,hk_128x128x64,403.9,0.0156,PASS,472.8,85.4,,
3968,7296,8192,hk_128x128x64,412.6,0.0312,PASS,514.8,80.1,,
3968,7424,8192,hk_128x128x64,411.5,0.0312,PASS,557.0,73.9,,
3968,7552,128,hk_128x128x64,126.9,0.0039,PASS,76.9,165.1,,
3968,7680,64,hk_128x128x64,91.9,0.0020,PASS,79.4,115.6,,
3968,7680,1024,hk_128x128x64,353.4,0.0078,PASS,427.2,82.7,,
3968,7808,1024,hk_128x128x64,352.8,0.0078,PASS,345.1,102.2,,
3968,7808,8192,hk_128x128x64,383.9,0.0312,PASS,550.1,69.8,,
3968,8064,64,hk_128x128x64,81.1,0.0020,PASS,67.2,120.6,,
3968,8064,128,hk_128x128x64,153.9,0.0039,PASS,127.6,120.6,,
3968,8064,256,hk_128x128x64,234.0,0.0039,PASS,203.2,115.2,,
4032,4416,192,hk_192x192x64,217.0,0.0039,PASS,132.6,163.7,,
4032,4608,3072,hk_192x192x64,487.0,0.0156,PASS,465.8,104.5,,
4032,4800,768,hk_192x192x64,380.7,0.0078,PASS,286.4,132.9,,
4032,4992,64,hk_192x192x64,95.4,0.0020,PASS,53.9,177.0,,
4032,4992,384,hk_192x192x64,309.6,0.0078,PASS,223.4,138.6,,
4032,4992,768,hk_192x192x64,375.1,0.0078,PASS,283.0,132.5,,
4032,4992,3072,hk_192x192x64,519.7,0.0156,PASS,451.4,115.1,,
4032,5184,768,hk_192x192x64,404.2,0.0078,PASS,282.9,142.8,,
4032,5376,64,hk_192x192x64,100.5,0.0020,PASS,69.6,144.4,,
4032,5376,384,hk_192x192x64,312.9,0.0078,PASS,249.8,125.2,,
4032,5568,384,hk_192x192x64,264.5,0.0078,PASS,188.5,140.3,,
4032,5760,64,hk_192x192x64,95.9,0.0020,PASS,47.7,201.0,,
4032,6144,64,hk_192x192x64,104.0,0.0020,PASS,74.7,139.3,,
4032,6144,768,hk_192x192x64,343.9,0.0078,PASS,330.3,104.1,,
4032,6144,6144,hk_192x192x64,468.0,0.0312,PASS,569.3,82.2,,
4096,4096,8192,hk_128x128x64,370.7,0.0312,PASS,628.9,58.9,,
4096,4096,8192,hk_256x256x64,601.8,0.0312,PASS,628.9,95.7,,
4096,4224,4096,hk_128x128x64,401.4,0.0156,PASS,484.9,82.8,,
4096,4480,128,hk_128x128x64,123.2,0.0039,PASS,90.4,136.4,,
4096,4608,64,hk_128x128x64,80.8,0.0020,PASS,67.8,119.2,,
4096,4608,64,hk_256x256x64,102.7,0.0020,PASS,67.8,151.5,,
4096,4736,1024,hk_128x128x64,314.1,0.0078,PASS,285.8,109.9,,
4096,5120,128,hk_128x128x64,133.7,0.0039,PASS,131.0,102.1,,
4096,5120,128,hk_256x256x64,138.1,0.0039,PASS,131.0,105.4,,
4096,5120,256,hk_128x128x64,207.8,0.0039,PASS,211.8,98.1,,
4096,5120,256,hk_256x256x64,201.6,0.0039,PASS,211.8,95.2,,
4096,5248,512,hk_128x128x64,273.5,0.0078,PASS,214.2,127.7,,
4096,5376,8192,hk_128x128x64,396.2,0.0312,PASS,581.3,68.2,,
4096,5376,8192,hk_256x256x64,415.6,0.0312,PASS,581.3,71.5,,
4096,5504,4096,hk_128x128x64,414.3,0.0156,PASS,497.1,83.4,,
4096,5632,128,hk_128x128x64,121.0,0.0039,PASS,131.2,92.2,,
4096,5632,128,hk_256x256x64,132.9,0.0039,PASS,131.2,101.4,,
4096,5632,1024,hk_128x128x64,344.6,0.0078,PASS,422.3,81.6,,
4096,5632,1024,hk_256x256x64,359.3,0.0078,PASS,422.3,85.1,,
4096,5760,4096,hk_128x128x64,416.5,0.0156,PASS,494.9,84.1,,
4096,5888,128,hk_128x128x64,122.1,0.0039,PASS,123.7,98.7,,
4096,5888,128,hk_256x256x64,142.2,0.0039,PASS,123.7,115.0,,
4096,6016,8192,hk_128x128x64,402.0,0.0312,PASS,530.3,75.8,,
4096,6144,256,hk_128x128x64,183.5,0.0039,PASS,200.2,91.6,,
4096,6144,256,hk_256x256x64,221.1,0.0039,PASS,200.2,110.4,,
4096,6144,4096,hk_128x128x64,364.2,0.0156,PASS,547.0,66.6,,
4096,6144,4096,hk_256x256x64,442.8,0.0156,PASS,547.0,81.0,,
4096,6272,1024,hk_128x128x64,330.3,0.0078,PASS,335.9,98.3,,
4096,6400,256,hk_128x128x64,217.4,0.0039,PASS,234.8,92.6,,
4096,6400,256,hk_256x256x64,244.7,0.0039,PASS,234.8,104.2,,
4096,6400,2048,hk_128x128x64,384.7,0.0156,PASS,468.8,82.1,,
4096,6400,2048,hk_256x256x64,429.7,0.0156,PASS,468.8,91.7,,
4096,6528,64,hk_128x128x64,76.8,0.0020,PASS,62.0,123.8,,
4096,6528,2048,hk_128x128x64,361.3,0.0156,PASS,448.3,80.6,,
4096,6912,256,hk_128x128x64,190.1,0.0039,PASS,236.7,80.3,,
4096,6912,256,hk_256x256x64,240.7,0.0039,PASS,236.7,101.7,,
4096,6912,4096,hk_128x128x64,396.8,0.0156,PASS,580.2,68.4,,
4096,6912,4096,hk_256x256x64,474.8,0.0156,PASS,580.2,81.8,,
4096,7168,2048,hk_128x128x64,371.7,0.0156,PASS,495.0,75.1,,
4096,7168,2048,hk_256x256x64,454.8,0.0156,PASS,495.0,91.9,,
4096,7296,256,hk_128x128x64,213.1,0.0039,PASS,184.9,115.2,,
4096,7424,64,hk_128x128x64,80.9,0.0020,PASS,83.9,96.4,,
4096,7424,64,hk_256x256x64,105.5,0.0020,PASS,83.9,125.7,,
4096,7424,256,hk_128x128x64,222.1,0.0039,PASS,240.9,92.2,,
4096,7424,256,hk_256x256x64,272.8,0.0039,PASS,240.9,113.3,,
4096,7552,128,hk_128x128x64,149.4,0.0039,PASS,112.1,133.2,,
4096,7680,512,hk_128x128x64,287.4,0.0078,PASS,322.5,89.1,,
4096,7680,512,hk_256x256x64,369.7,0.0078,PASS,322.5,114.6,,
4096,7808,256,hk_128x128x64,227.2,0.0039,PASS,206.9,109.8,,
4096,7808,1024,hk_128x128x64,351.8,0.0078,PASS,331.2,106.2,,
4096,7936,128,hk_128x128x64,145.0,0.0039,PASS,156.1,92.9,,
4096,7936,128,hk_256x256x64,184.8,0.0039,PASS,156.1,118.4,,
4096,7936,2048,hk_128x128x64,397.5,0.0156,PASS,485.1,81.9,,
4096,7936,2048,hk_256x256x64,502.8,0.0156,PASS,485.1,103.7,,
4096,7936,4096,hk_128x128x64,409.6,0.0156,PASS,593.5,69.0,,
4096,7936,4096,hk_256x256x64,543.8,0.0156,PASS,593.5,91.6,,
4096,8064,1024,hk_128x128x64,338.8,0.0078,PASS,382.8,88.5,,
4224,4224,512,hk_128x128x64,287.0,0.0078,PASS,252.7,113.6,,
4224,4224,512,hk_192x192x64,328.3,0.0078,PASS,252.7,129.9,,
4224,4352,256,hk_128x128x64,218.9,0.0039,PASS,211.9,103.3,,
4224,4352,2048,hk_128x128x64,379.3,0.0156,PASS,412.3,92.0,,
4224,4416,1536,hk_192x192x64,449.6,0.0156,PASS,374.4,120.1,,
4224,4480,2048,hk_128x128x64,414.2,0.0156,PASS,417.8,99.1,,
4224,4608,192,hk_128x128x64,179.9,0.0039,PASS,162.8,110.5,,
4224,4608,192,hk_192x192x64,211.0,0.0039,PASS,162.8,129.6,,
4224,4608,2048,hk_128x128x64,399.0,0.0156,PASS,470.4,84.8,,
4224,4608,2048,hk_192x192x64,503.6,0.0156,PASS,470.4,107.1,,
4224,4608,8192,hk_128x128x64,399.4,0.0312,PASS,587.9,67.9,,
4224,4608,8192,hk_192x192x64,481.3,0.0312,PASS,587.9,81.9,,
4224,4736,128,hk_128x128x64,99.8,0.0039,PASS,65.8,151.7,,
4224,4800,768,hk_192x192x64,398.3,0.0078,PASS,288.5,138.1,,
4224,4800,6144,hk_192x192x64,500.4,0.0312,PASS,522.4,95.8,,
4224,4864,128,hk_128x128x64,98.8,0.0039,PASS,103.8,95.1,,
4224,4864,1024,hk_128x128x64,332.2,0.0078,PASS,424.7,78.2,,
4224,5120,64,hk_128x128x64,82.5,0.0020,PASS,72.7,113.5,,
4224,5120,128,hk_128x128x64,142.1,0.0039,PASS,131.2,108.3,,
4224,5120,4096,hk_128x128x64,383.4,0.0156,PASS,511.2,75.0,,
4224,5248,8192,hk_128x128x64,382.4,0.0312,PASS,531.3,72.0,,
4224,5376,1024,hk_128x128x64,340.6,0.0078,PASS,377.1,90.3,,
4224,5376,1024,hk_192x192x64,347.1,0.0078,PASS,377.1,92.0,,
4224,5376,1536,hk_128x128x64,353.7,0.0156,PASS,453.6,78.0,,
4224,5376,1536,hk_192x192x64,373.9,0.0156,PASS,453.6,82.4,,
4224,5568,192,hk_192x192x64,182.4,0.0039,PASS,109.6,166.4,,
4224,5632,64,hk_128x128x64,94.3,0.0020,PASS,79.6,118.4,,
4224,5632,2048,hk_128x128x64,408.3,0.0156,PASS,460.1,88.8,,
4224,5760,128,hk_128x128x64,127.8,0.0039,PASS,76.2,167.7,,
4224,5760,128,hk_192x192x64,140.1,0.0039,PASS,76.2,183.9,,
4224,5760,256,hk_128x128x64,227.1,0.0039,PASS,145.0,156.6,,
4224,5760,256,hk_192x192x64,233.1,0.0039,PASS,145.0,160.7,,
4224,5760,3072,hk_128x128x64,378.4,0.0156,PASS,452.4,83.6,,
4224,5760,3072,hk_192x192x64,444.8,0.0156,PASS,452.4,98.3,,
4224,5760,6144,hk_128x128x64,382.0,0.0312,PASS,521.5,73.3,,
4224,5760,6144,hk_192x192x64,453.7,0.0312,PASS,521.5,87.0,,
4224,5760,8192,hk_128x128x64,391.9,0.0312,PASS,526.7,74.4,,
4224,5760,8192,hk_192x192x64,451.1,0.0312,PASS,526.7,85.6,,
4224,5888,128,hk_128x128x64,122.6,0.0039,PASS,134.3,91.3,,
4224,5888,4096,hk_128x128x64,415.6,0.0156,PASS,535.2,77.7,,
4224,5952,768,hk_192x192x64,353.6,0.0078,PASS,267.6,132.1,,
4224,6144,192,hk_128x128x64,183.6,0.0039,PASS,199.7,92.0,,
4224,6144,192,hk_192x192x64,224.8,0.0039,PASS,199.7,112.6,,
4224,6400,128,hk_128x128x64,147.6,0.0039,PASS,146.5,100.7,,
4224,6400,2048,hk_128x128x64,398.2,0.0156,PASS,468.3,85.0,,
4224,6784,8192,hk_128x128x64,389.9,0.0312,PASS,537.2,72.6,,
4224,7040,8192,hk_128x128x64,414.0,0.0312,PASS,557.1,74.3,,
4224,7296,256,hk_128x128x64,193.7,0.0039,PASS,171.5,112.9,,
4224,7296,256,hk_192x192x64,260.0,0.0039,PASS,171.5,151.6,,
4224,7424,1024,hk_128x128x64,350.1,0.0078,PASS,442.1,79.2,,
4224,7552,2048,hk_128x128x64,393.6,0.0156,PASS,473.1,83.2,,
4224,7680,256,hk_128x128x64,208.0,0.0039,PASS,228.2,91.2,,
4224,7680,256,hk_192x192x64,268.2,0.0039,PASS,228.2,117.5,,
4224,7680,512,hk_128x128x64,305.7,0.0078,PASS,330.3,92.6,,
4224,7680,512,hk_192x192x64,362.6,0.0078,PASS,330.3,109.8,,
4224,7808,512,hk_128x128x64,298.6,0.0078,PASS,269.8,110.7,,
4224,7936,2048,hk_128x128x64,403.9,0.0156,PASS,481.8,83.8,,
4352,4352,512,hk_128x128x64,271.0,0.0078,PASS,311.2,87.1,,
4352,4352,512,hk_256x256x64,367.3,0.0078,PASS,311.2,118.0,,
4352,4352,1024,hk_128x128x64,354.7,0.0078,PASS,419.7,84.5,,
4352,4352,1024,hk_256x256x64,469.4,0.0078,PASS,419.7,111.8,,
4352,4352,2048,hk_128x128x64,403.5,0.0156,PASS,484.8,83.2,,
4352,4352,2048,hk_256x256x64,592.9,0.0156,PASS,484.8,122.3,,
4352,4480,64,hk_128x128x64,74.0,0.0039,PASS,39.8,185.6,,
4352,4608,128,hk_128x128x64,128.4,0.0039,PASS,136.1,94.3,,
4352,4608,128,hk_256x256x64,136.0,0.0039,PASS,136.1,99.9,,
4352,4608,2048,hk_128x128x64,337.5,0.0156,PASS,399.3,84.5,,
4352,4608,2048,hk_256x256x64,336.0,0.0156,PASS,399.3,84.2,,
4352,4992,128,hk_128x128x64,131.7,0.0039,PASS,72.2,182.5,,
4352,4992,1024,hk_128x128x64,328.2,0.0078,PASS,316.7,103.6,,
4352,5120,512,hk_128x128x64,284.0,0.0078,PASS,312.4,90.9,,
4352,5120,512,hk_256x256x64,277.9,0.0078,PASS,312.4,89.0,,
4352,5120,1024,hk_128x128x64,331.7,0.0078,PASS,414.8,80.0,,
4352,5120,1024,hk_256x256x64,334.0,0.0078,PASS,414.8,80.5,,
4352,5248,4096,hk_128x128x64,391.4,0.0156,PASS,505.8,77.4,,
4352,5504,64,hk_128x128x64,80.5,0.0020,PASS,37.5,214.7,,
4352,5632,512,hk_128x128x64,301.8,0.0078,PASS,335.3,90.0,,
4352,5632,512,hk_256x256x64,307.7,0.0078,PASS,335.3,91.8,,
4352,5632,2048,hk_128x128x64,413.6,0.0156,PASS,461.5,89.6,,
4352,5632,2048,hk_256x256x64,387.5,0.0156,PASS,461.5,84.0,,
4352,6144,256,hk_128x128x64,217.9,0.0039,PASS,204.2,106.7,,
4352,6144,256,hk_256x256x64,234.0,0.0039,PASS,204.2,114.6,,
4352,6272,1024,hk_128x128x64,341.2,0.0078,PASS,334.8,101.9,,
4352,6272,8192,hk_128x128x64,394.5,0.0312,PASS,534.8,73.8,,
4352,6400,256,hk_128x128x64,212.3,0.0039,PASS,214.5,99.0,,
4352,6400,256,hk_256x256x64,250.0,0.0039,PASS,214.5,116.6,,
4352,6528,64,hk_128x128x64,96.7,0.0020,PASS,72.3,133.8,,
4352,6528,512,hk_128x128x64,302.2,0.0078,PASS,281.2,107.5,,
4352,6656,256,hk_128x128x64,234.4,0.0039,PASS,245.5,95.5,,
4352,6656,256,hk_256x256x64,258.1,0.0039,PASS,245.5,105.1,,
4352,6656,512,hk_128x128x64,306.5,0.0078,PASS,321.6,95.3,,
4352,6656,512,hk_256x256x64,350.7,0.0078,PASS,321.6,109.1,,
4352,6656,1024,hk_128x128x64,368.6,0.0078,PASS,425.4,86.6,,
4352,6656,1024,hk_256x256x64,426.1,0.0078,PASS,425.4,100.2,,
4352,6656,2048,hk_128x128x64,394.8,0.0156,PASS,539.4,73.2,,
4352,6656,2048,hk_256x256x64,474.6,0.0156,PASS,539.4,88.0,,
4352,6656,8192,hk_128x128x64,407.3,0.0312,PASS,567.3,71.8,,
4352,6656,8192,hk_256x256x64,508.9,0.0312,PASS,567.3,89.7,,
4352,6784,512,hk_128x128x64,308.3,0.0078,PASS,245.4,125.6,,
4352,6912,128,hk_128x128x64,154.7,0.0039,PASS,143.3,107.9,,
4352,6912,128,hk_256x256x64,178.4,0.0039,PASS,143.3,124.5,,
4352,7040,1024,hk_128x128x64,342.9,0.0078,PASS,374.1,91.7,,
4352,7168,64,hk_128x128x64,88.3,0.0020,PASS,85.3,103.5,,
4352,7168,64,hk_256x256x64,105.4,0.0020,PASS,85.3,123.6,,
4352,7168,128,hk_128x128x64,155.6,0.0039,PASS,148.9,104.5,,
4352,7168,128,hk_256x256x64,186.2,0.0039,PASS,148.9,125.0,,
4352,7168,4096,hk_128x128x64,376.7,0.0156,PASS,528.2,71.3,,
4352,7168,4096,hk_256x256x64,507.5,0.0156,PASS,528.2,96.1,,
4352,7296,2048,hk_128x128x64,380.3,0.0156,PASS,469.8,80.9,,
4352,7552,64,hk_128x128x64,79.3,0.0020,PASS,47.4,167.4,,
4352,7552,512,hk_128x128x64,300.9,0.0078,PASS,243.8,123.5,,
4352,7680,2048,hk_128x128x64,381.9,0.0156,PASS,519.3,73.5,,
4352,7680,2048,hk_256x256x64,501.1,0.0156,PASS,519.3,96.5,,
4352,7680,4096,hk_128x128x64,402.0,0.0156,PASS,591.4,68.0,,
4352,7680,4096,hk_256x256x64,531.7,0.0156,PASS,591.4,89.9,,
4352,7808,2048,hk_128x128x64,408.2,0.0156,PASS,469.2,87.0,,
4352,7808,8192,hk_128x128x64,404.1,0.0312,PASS,543.5,74.3,,
4352,7936,512,hk_128x128x64,315.4,0.0078,PASS,326.3,96.6,,
4352,7936,512,hk_256x256x64,391.4,0.0078,PASS,326.3,119.9,,
4352,8064,128,hk_128x128x64,164.5,0.0039,PASS,93.2,176.5,,
4416,4416,384,hk_192x192x64,304.9,0.0078,PASS,178.9,170.4,,
4416,4416,768,hk_192x192x64,359.7,0.0078,PASS,242.0,148.7,,
4416,5184,1536,hk_192x192x64,367.7,0.0156,PASS,366.0,100.5,,
4416,5568,6144,hk_192x192x64,449.7,0.0312,PASS,523.1,86.0,,
4416,5952,3072,hk_192x192x64,472.4,0.0156,PASS,466.4,101.3,,
4480,4480,64,hk_128x128x64,66.6,0.0020,PASS,35.3,188.5,,
4480,4480,1024,hk_128x128x64,304.9,0.0078,PASS,327.8,93.0,,
4480,4608,64,hk_128x128x64,78.7,0.0020,PASS,71.4,110.3,,
4480,4608,512,hk_128x128x64,266.4,0.0078,PASS,301.7,88.3,,
4480,4736,128,hk_128x128x64,138.4,0.0039,PASS,107.8,128.4,,
4480,4736,512,hk_128x128x64,272.9,0.0078,PASS,249.5,109.4,,
4480,4864,4096,hk_128x128x64,351.1,0.0156,PASS,536.6,65.4,,
4480,4992,1024,hk_128x128x64,342.0,0.0078,PASS,292.2,117.1,,
4480,4992,8192,hk_128x128x64,380.3,0.0312,PASS,554.7,68.6,,
4480,5248,256,hk_128x128x64,188.8,0.0039,PASS,119.2,158.4,,
4480,5248,1024,hk_128x128x64,350.0,0.0078,PASS,323.3,108.3,,
4480,5248,8192,hk_128x128x64,390.3,0.0312,PASS,528.0,73.9,,
4480,5376,1024,hk_128x128x64,328.0,0.0078,PASS,377.0,87.0,,
4480,5504,256,hk_128x128x64,214.4,0.0039,PASS,144.6,148.3,,
4480,5632,8192,hk_128x128x64,375.9,0.0312,PASS,505.4,74.4,,
4480,6016,64,hk_128x128x64,85.3,0.0020,PASS,61.0,139.8,,
4480,6272,256,hk_128x128x64,230.6,0.0039,PASS,200.1,115.3,,
4480,6272,2048,hk_128x128x64,414.1,0.0156,PASS,424.4,97.6,,
4480,6272,4096,hk_128x128x64,412.9,0.0156,PASS,555.9,74.3,,
4480,6400,256,hk_128x128x64,185.3,0.0039,PASS,235.5,78.7,,
4480,6400,8192,hk_128x128x64,401.7,0.0312,PASS,567.4,70.8,,
4480,6656,512,hk_128x128x64,287.0,0.0078,PASS,322.0,89.1,,
4480,6784,512,hk_128x128x64,303.4,0.0078,PASS,304.7,99.6,,
4480,6784,4096,hk_128x128x64,406.9,0.0156,PASS,530.4,76.7,,
4480,6912,256,hk_128x128x64,213.1,0.0039,PASS,234.6,90.9,,
4480,7040,512,hk_128x128x64,299.7,0.0078,PASS,294.1,101.9,,
4480,7168,1024,hk_128x128x64,373.7,0.0078,PASS,443.3,84.3,,
4480,7296,256,hk_128x128x64,226.0,0.0039,PASS,175.3,129.0,,
4480,7296,2048,hk_128x128x64,403.4,0.0156,PASS,448.4,90.0,,
4480,7424,4096,hk_128x128x64,412.6,0.0156,PASS,559.9,73.7,,
4480,7552,4096,hk_128x128x64,400.2,0.0156,PASS,541.2,73.9,,
4480,7552,8192,hk_128x128x64,404.1,0.0312,PASS,527.5,76.6,,
4480,7680,4096,hk_128x128x64,422.8,0.0156,PASS,586.3,72.1,,
4480,7808,1024,hk_128x128x64,351.5,0.0078,PASS,352.6,99.7,,
4480,7936,512,hk_128x128x64,302.4,0.0078,PASS,348.6,86.8,,
4480,7936,8192,hk_128x128x64,383.8,0.0312,PASS,515.7,74.4,,
4480,8064,2048,hk_128x128x64,402.8,0.0156,PASS,518.9,77.6,,
4608,4608,1536,hk_128x128x64,295.7,0.0156,PASS,525.3,56.3,,
4608,4608,1536,hk_192x192x64,469.1,0.0156,PASS,525.3,89.3,,
4608,4608,1536,hk_256x256x64,345.8,0.0156,PASS,525.3,65.8,,
4608,4800,64,hk_192x192x64,101.4,0.0020,PASS,61.1,166.0,,
4608,4800,192,hk_192x192x64,221.4,0.0039,PASS,155.7,142.1,,
4608,4864,64,hk_128x128x64,90.8,0.0020,PASS,59.6,152.3,,
4608,4864,64,hk_256x256x64,89.9,0.0020,PASS,59.6,150.8,,
4608,4864,8192,hk_128x128x64,391.9,0.0312,PASS,590.8,66.3,,
4608,4864,8192,hk_256x256x64,420.5,0.0312,PASS,590.8,71.2,,
4608,4992,192,hk_128x128x64,179.9,0.0039,PASS,107.2,167.8,,
4608,4992,192,hk_192x192x64,194.9,0.0039,PASS,107.2,181.8,,
4608,4992,2048,hk_128x128x64,385.2,0.0156,PASS,384.0,100.3,,
4608,4992,2048,hk_192x192x64,402.7,0.0156,PASS,384.0,104.9,,
4608,4992,4096,hk_128x128x64,378.2,0.0156,PASS,556.0,68.0,,
4608,4992,4096,hk_192x192x64,428.1,0.0156,PASS,556.0,77.0,,
4608,5120,4096,hk_128x128x64,382.5,0.0156,PASS,582.4,65.7,,
4608,5120,4096,hk_256x256x64,411.6,0.0156,PASS,582.4,70.7,,
4608,5184,64,hk_192x192x64,83.2,0.0020,PASS,39.9,208.4,,
4608,5504,128,hk_128x128x64,140.1,0.0039,PASS,92.7,151.0,,
4608,5504,512,hk_128x128x64,270.9,0.0078,PASS,247.4,109.5,,
4608,5568,6144,hk_192x192x64,458.2,0.0312,PASS,533.1,86.0,,
4608,5632,64,hk_128x128x64,64.7,0.0020,PASS,67.5,95.9,,
4608,5632,64,hk_256x256x64,86.0,0.0020,PASS,67.5,127.6,,
4608,5760,192,hk_128x128x64,186.6,0.0039,PASS,156.0,119.6,,
4608,5760,192,hk_192x192x64,206.2,0.0039,PASS,156.0,132.2,,
4608,5760,2048,hk_128x128x64,392.3,0.0156,PASS,414.5,94.7,,
4608,5760,2048,hk_192x192x64,463.8,0.0156,PASS,414.5,111.9,,
4608,5952,6144,hk_192x192x64,494.5,0.0312,PASS,509.5,97.0,,
4608,6016,128,hk_128x128x64,114.9,0.0039,PASS,107.4,107.0,,
4608,6016,256,hk_128x128x64,220.6,0.0039,PASS,202.9,108.7,,
4608,6016,512,hk_128x128x64,287.1,0.0078,PASS,289.9,99.0,,
4608,6016,2048,hk_128x128x64,411.4,0.0156,PASS,432.3,95.2,,
4608,6144,256,hk_128x128x64,204.4,0.0039,PASS,240.3,85.1,,
4608,6144,256,hk_192x192x64,240.9,0.0039,PASS,240.3,100.2,,
4608,6144,256,hk_256x256x64,233.5,0.0039,PASS,240.3,97.2,,
4608,6144,1536,hk_128x128x64,362.5,0.0156,PASS,488.7,74.2,,
4608,6144,1536,hk_192x192x64,473.1,0.0156,PASS,488.7,96.8,,
4608,6144,1536,hk_256x256x64,435.0,0.0156,PASS,488.7,89.0,,
4608,6144,4096,hk_128x128x64,404.2,0.0156,PASS,608.1,66.5,,
4608,6144,4096,hk_192x192x64,534.2,0.0156,PASS,608.1,87.8,,
4608,6144,4096,hk_256x256x64,487.4,0.0156,PASS,608.1,80.1,,
4608,6528,256,hk_128x128x64,219.8,0.0039,PASS,190.5,115.4,,
4608,6528,256,hk_192x192x64,264.4,0.0039,PASS,190.5,138.8,,
4608,6784,128,hk_128x128x64,159.1,0.0039,PASS,130.5,121.9,,
4608,6784,512,hk_128x128x64,251.0,0.0078,PASS,283.3,88.6,,
4608,6912,128,hk_128x128x64,148.6,0.0039,PASS,147.1,101.0,,
4608,6912,128,hk_192x192x64,183.2,0.0039,PASS,147.1,124.5,,
4608,6912,128,hk_256x256x64,180.9,0.0039,PASS,147.1,123.0,,
4608,6912,256,hk_128x128x64,226.7,0.0039,PASS,248.3,91.3,,
4608,6912,256,hk_192x192x64,274.5,0.0039,PASS,248.3,110.5,,
4608,6912,256,hk_256x256x64,272.9,0.0039,PASS,248.3,109.9,,
4608,6912,1024,hk_128x128x64,358.6,0.0078,PASS,417.4,85.9,,
4608,6912,1024,hk_192x192x64,449.6,0.0078,PASS,417.4,107.7,,
4608,6912,1024,hk_256x256x64,442.8,0.0078,PASS,417.4,106.1,,
4608,7040,512,hk_128x128x64,282.0,0.0078,PASS,297.7,94.7,,
4608,7040,2048,hk_128x128x64,386.8,0.0156,PASS,465.6,83.1,,
4608,7040,8192,hk_128x128x64,393.6,0.0312,PASS,513.0,76.7,,
4608,7168,256,hk_128x128x64,201.0,0.0039,PASS,247.3,81.3,,
4608,7168,256,hk_256x256x64,276.0,0.0039,PASS,247.3,111.6,,
4608,7424,64,hk_128x128x64,99.1,0.0020,PASS,90.5,109.6,,
4608,7424,64,hk_256x256x64,120.4,0.0020,PASS,90.5,133.1,,
4608,7552,64,hk_128x128x64,99.9,0.0039,PASS,58.4,170.9,,
4608,7680,64,hk_128x128x64,98.8,0.0020,PASS,92.5,106.8,,
4608,7680,64,hk_192x192x64,105.2,0.0020,PASS,92.5,113.7,,
4608,7680,64,hk_256x256x64,122.1,0.0020,PASS,92.5,131.9,,
4608,7680,1024,hk_128x128x64,341.2,0.0078,PASS,392.9,86.9,,
4608,7680,1024,hk_192x192x64,398.9,0.0078,PASS,392.9,101.5,,
4608,7680,1024,hk_256x256x64,491.1,0.0078,PASS,392.9,125.0,,
4608,7808,1024,hk_128x128x64,357.8,0.0078,PASS,377.7,94.7,,
4608,7936,4096,hk_128x128x64,401.7,0.0156,PASS,534.5,75.2,,
4608,7936,4096,hk_256x256x64,583.8,0.0156,PASS,534.5,109.2,,
4608,8064,256,hk_128x128x64,198.7,0.0039,PASS,152.2,130.6,,
4608,8064,256,hk_192x192x64,257.8,0.0039,PASS,152.2,169.4,,
4608,8192,64,hk_128x128x64,103.5,0.0020,PASS,98.3,105.3,,
4608,8192,64,hk_256x256x64,122.9,0.0020,PASS,98.3,125.1,,
4736,4736,64,hk_128x128x64,90.0,0.0020,PASS,53.0,169.8,,
4736,4864,2048,hk_128x128x64,388.2,0.0156,PASS,409.8,94.7,,
4736,4992,128,hk_128x128x64,126.1,0.0039,PASS,74.6,169.0,,
4736,4992,8192,hk_128x128x64,399.8,0.0312,PASS,557.1,71.8,,
4736,5120,1024,hk_128x128x64,354.6,0.0078,PASS,403.5,87.9,,
4736,5376,64,hk_128x128x64,80.3,0.0020,PASS,75.6,106.2,,
4736,5504,64,hk_128x128x64,94.7,0.0020,PASS,67.4,140.5,,
4736,5888,4096,hk_128x128x64,370.0,0.0156,PASS,513.7,72.0,,
4736,6016,128,hk_128x128x64,122.1,0.0039,PASS,106.1,115.1,,
4736,6144,2048,hk_128x128x64,418.6,0.0156,PASS,494.7,84.6,,
4736,6272,4096,hk_128x128x64,425.6,0.0156,PASS,513.8,82.8,,
4736,6400,512,hk_128x128x64,268.1,0.0078,PASS,325.8,82.3,,
4736,6400,1024,hk_128x128x64,353.3,0.0078,PASS,448.0,78.9,,
4736,6400,8192,hk_128x128x64,366.8,0.0312,PASS,559.9,65.5,,
4736,6912,128,hk_128x128x64,121.2,0.0039,PASS,131.1,92.5,,
4736,7040,256,hk_128x128x64,233.7,0.0039,PASS,169.5,137.9,,
4736,7168,64,hk_128x128x64,99.8,0.0020,PASS,91.7,108.8,,
4736,7168,1024,hk_128x128x64,373.2,0.0078,PASS,413.1,90.3,,
4736,7296,1024,hk_128x128x64,363.2,0.0078,PASS,374.6,97.0,,
4736,7424,4096,hk_128x128x64,398.5,0.0156,PASS,552.7,72.1,,
4736,7552,128,hk_128x128x64,135.3,0.0039,PASS,132.8,101.9,,
4736,7552,256,hk_128x128x64,228.0,0.0039,PASS,216.1,105.5,,
4736,7552,1024,hk_128x128x64,347.1,0.0078,PASS,345.8,100.4,,
4736,7552,4096,hk_128x128x64,391.5,0.0156,PASS,541.7,72.3,,
4736,7680,128,hk_128x128x64,120.5,0.0039,PASS,153.0,78.8,,
4736,7808,512,hk_128x128x64,306.9,0.0078,PASS,324.4,94.6,,
4736,7808,4096,hk_128x128x64,407.8,0.0156,PASS,557.6,73.1,,
4736,8192,256,hk_128x128x64,228.6,0.0039,PASS,273.7,83.5,,
4800,5184,1536,hk_192x192x64,404.3,0.0156,PASS,422.7,95.6,,
4800,5376,1536,hk_192x192x64,393.4,0.0156,PASS,474.6,82.9,,
4800,5568,768,hk_192x192x64,369.0,0.0078,PASS,321.8,114.7,,
4800,5760,768,hk_192x192x64,376.9,0.0078,PASS,336.8,111.9,,
4800,5952,192,hk_192x192x64,230.4,0.0039,PASS,169.6,135.8,,
4800,6144,3072,hk_192x192x64,505.9,0.0156,PASS,510.4,99.1,,
4864,4864,4096,hk_128x128x64,419.9,0.0156,PASS,629.6,66.7,,
4864,4864,4096,hk_256x256x64,436.6,0.0156,PASS,629.6,69.3,,
4864,4992,128,hk_128x128x64,140.6,0.0039,PASS,78.4,179.5,,
4864,4992,2048,hk_128x128x64,406.8,0.0156,PASS,376.9,107.9,,
4864,4992,8192,hk_128x128x64,402.9,0.0312,PASS,521.7,77.2,,
4864,5248,128,hk_128x128x64,120.6,0.0039,PASS,73.3,164.6,,
4864,5248,512,hk_128x128x64,286.2,0.0078,PASS,229.3,124.8,,
4864,5248,8192,hk_128x128x64,387.2,0.0312,PASS,524.7,73.8,,
4864,5504,4096,hk_128x128x64,386.1,0.0156,PASS,548.2,70.4,,
4864,5760,1024,hk_128x128x64,358.2,0.0078,PASS,345.6,103.6,,
4864,6144,2048,hk_128x128x64,409.2,0.0156,PASS,532.0,76.9,,
4864,6144,2048,hk_256x256x64,488.1,0.0156,PASS,532.0,91.8,,
4864,6272,256,hk_128x128x64,216.0,0.0039,PASS,199.4,108.3,,
4864,6272,512,hk_128x128x64,293.6,0.0078,PASS,300.5,97.7,,
4864,6400,64,hk_128x128x64,94.1,0.0020,PASS,89.3,105.5,,
4864,6400,64,hk_256x256x64,106.8,0.0020,PASS,89.3,119.6,,
4864,6528,256,hk_128x128x64,228.7,0.0039,PASS,200.1,114.3,,
4864,6912,2048,hk_128x128x64,417.4,0.0156,PASS,469.3,88.9,,
4864,6912,2048,hk_256x256x64,542.8,0.0156,PASS,469.3,115.7,,
4864,7040,512,hk_128x128x64,307.4,0.0078,PASS,240.2,128.0,,
4864,7040,1024,hk_128x128x64,386.7,0.0078,PASS,382.7,101.0,,
4864,7424,512,hk_128x128x64,306.2,0.0078,PASS,346.9,88.3,,
4864,7424,512,hk_256x256x64,396.6,0.0078,PASS,346.9,114.3,,
4864,7680,256,hk_128x128x64,222.5,0.0039,PASS,259.6,85.7,,
4864,7680,256,hk_256x256x64,299.3,0.0039,PASS,259.6,115.3,,
4864,7680,512,hk_128x128x64,308.8,0.0078,PASS,344.6,89.6,,
4864,7680,512,hk_256x256x64,401.1,0.0078,PASS,344.6,116.4,,
4864,7680,4096,hk_128x128x64,411.1,0.0156,PASS,618.1,66.5,,
4864,7680,4096,hk_256x256x64,584.2,0.0156,PASS,618.1,94.5,,
4864,7808,1024,hk_128x128x64,374.6,0.0078,PASS,305.1,122.8,,
4864,7808,4096,hk_128x128x64,373.2,0.0156,PASS,561.5,66.5,,
4864,7936,128,hk_128x128x64,128.2,0.0039,PASS,163.2,78.6,,
4864,7936,128,hk_256x256x64,185.9,0.0039,PASS,163.2,113.9,,
4864,7936,512,hk_128x128x64,327.1,0.0078,PASS,369.5,88.5,,
4864,7936,512,hk_256x256x64,403.1,0.0078,PASS,369.5,109.1,,
4864,8064,128,hk_128x128x64,155.4,0.0039,PASS,132.7,117.1,,
4992,4992,6144,hk_128x128x64,348.9,0.0312,PASS,517.3,67.4,,
4992,4992,6144,hk_192x192x64,445.2,0.0312,PASS,517.3,86.1,,
4992,4992,8192,hk_128x128x64,378.3,0.0312,PASS,548.2,69.0,,
4992,4992,8192,hk_192x192x64,471.2,0.0312,PASS,548.2,85.9,,
4992,5120,2048,hk_128x128x64,365.4,0.0156,PASS,526.2,69.4,,
4992,5184,6144,hk_192x192x64,470.9,0.0312,PASS,536.7,87.7,,
4992,5248,256,hk_128x128x64,193.4,0.0039,PASS,174.5,110.8,,
4992,5248,512,hk_128x128x64,285.7,0.0078,PASS,281.8,101.4,,
4992,5376,512,hk_128x128x64,294.0,0.0078,PASS,329.3,89.3,,
4992,5376,512,hk_192x192x64,339.4,0.0078,PASS,329.3,103.1,,
4992,5376,1024,hk_128x128x64,357.4,0.0078,PASS,432.0,82.7,,
4992,5376,1024,hk_192x192x64,403.0,0.0078,PASS,432.0,93.3,,
4992,5376,3072,hk_128x128x64,343.5,0.0156,PASS,542.9,63.3,,
4992,5376,3072,hk_192x192x64,480.8,0.0156,PASS,542.9,88.5,,
4992,5568,192,hk_192x192x64,189.1,0.0039,PASS,156.7,120.6,,
4992,5760,256,hk_128x128x64,230.4,0.0039,PASS,184.4,125.0,,
4992,5760,256,hk_192x192x64,266.7,0.0039,PASS,184.4,144.7,,
4992,5760,3072,hk_128x128x64,369.6,0.0156,PASS,467.7,79.0,,
4992,5760,3072,hk_192x192x64,527.7,0.0156,PASS,467.7,112.8,,
4992,5760,6144,hk_128x128x64,385.9,0.0312,PASS,538.6,71.6,,
4992,5760,6144,hk_192x192x64,494.2,0.0312,PASS,538.6,91.7,,
4992,5888,64,hk_128x128x64,73.3,0.0020,PASS,73.0,100.3,,
4992,5952,1536,hk_192x192x64,471.2,0.0156,PASS,415.1,113.5,,
4992,5952,3072,hk_192x192x64,533.7,0.0156,PASS,495.7,107.6,,
4992,6016,128,hk_128x128x64,128.9,0.0039,PASS,76.8,167.9,,
4992,6144,6144,hk_128x128x64,358.7,0.0312,PASS,567.4,63.2,,
4992,6144,6144,hk_192x192x64,518.7,0.0312,PASS,567.4,91.4,,
4992,6272,128,hk_128x128x64,124.0,0.0039,PASS,98.5,126.0,,
4992,6272,8192,hk_128x128x64,393.7,0.0312,PASS,525.0,75.0,,
4992,6528,64,hk_128x128x64,84.0,0.0020,PASS,49.3,170.4,,
4992,6528,64,hk_192x192x64,107.7,0.0020,PASS,49.3,218.5,,
4992,6528,256,hk_128x128x64,230.9,0.0039,PASS,177.0,130.5,,
4992,6528,256,hk_192x192x64,270.1,0.0039,PASS,177.0,152.6,,
4992,6784,512,hk_128x128x64,306.9,0.0078,PASS,265.9,115.4,,
4992,6912,8192,hk_128x128x64,406.5,0.0312,PASS,532.7,76.3,,
4992,6912,8192,hk_192x192x64,502.7,0.0312,PASS,532.7,94.4,,
4992,7040,512,hk_128x128x64,298.9,0.0078,PASS,289.9,103.1,,
4992,7040,1024,hk_128x128x64,341.4,0.0078,PASS,392.9,86.9,,
4992,7040,4096,hk_128x128x64,395.0,0.0156,PASS,536.9,73.6,,
4992,7040,8192,hk_128x128x64,387.0,0.0312,PASS,527.8,73.3,,
4992,7168,8192,hk_128x128x64,384.2,0.0312,PASS,535.0,71.8,,
4992,7296,256,hk_128x128x64,225.0,0.0039,PASS,218.3,103.1,,
4992,7296,256,hk_192x192x64,250.6,0.0039,PASS,218.3,114.8,,
4992,7296,4096,hk_128x128x64,403.3,0.0156,PASS,526.1,76.7,,
4992,7296,4096,hk_192x192x64,506.5,0.0156,PASS,526.1,96.3,,
4992,7424,64,hk_128x128x64,79.4,0.0020,PASS,90.4,87.8,,
4992,7424,128,hk_128x128x64,150.5,0.0039,PASS,164.1,91.7,,
4992,7424,256,hk_128x128x64,234.2,0.0039,PASS,254.4,92.1,,
4992,7808,512,hk_128x128x64,319.8,0.0078,PASS,317.5,100.7,,
4992,7936,1024,hk_128x128x64,384.2,0.0078,PASS,449.8,85.4,,
4992,7936,4096,hk_128x128x64,410.8,0.0156,PASS,562.2,73.1,,
4992,8064,64,hk_128x128x64,87.1,0.0039,PASS,51.2,170.0,,
4992,8064,64,hk_192x192x64,115.8,0.0039,PASS,51.2,226.0,,
4992,8192,64,hk_128x128x64,109.8,0.0020,PASS,91.8,119.7,,
4992,8192,1024,hk_128x128x64,371.5,0.0078,PASS,374.9,99.1,,
4992,8192,2048,hk_128x128x64,365.9,0.0156,PASS,542.8,67.4,,
5120,5248,256,hk_128x128x64,188.7,0.0039,PASS,175.8,107.3,,
5120,5376,4096,hk_128x128x64,378.0,0.0156,PASS,550.1,68.7,,
5120,5376,4096,hk_256x256x64,444.3,0.0156,PASS,550.1,80.8,,
5120,5504,256,hk_128x128x64,206.7,0.0039,PASS,191.6,107.9,,
5120,5504,512,hk_128x128x64,298.5,0.0078,PASS,286.4,104.2,,
5120,5632,8192,hk_128x128x64,397.1,0.0312,PASS,554.9,71.6,,
5120,5632,8192,hk_256x256x64,520.2,0.0312,PASS,554.9,93.7,,
5120,5760,512,hk_128x128x64,311.6,0.0078,PASS,287.0,108.5,,
5120,5888,512,hk_128x128x64,303.6,0.0078,PASS,327.2,92.8,,
5120,5888,512,hk_256x256x64,359.1,0.0078,PASS,327.2,109.8,,
5120,5888,2048,hk_128x128x64,389.0,0.0156,PASS,485.8,80.1,,
5120,5888,2048,hk_256x256x64,495.8,0.0156,PASS,485.8,102.0,,
5120,6272,1024,hk_128x128x64,360.0,0.0078,PASS,362.4,99.3,,
5120,6528,1024,hk_128x128x64,381.0,0.0078,PASS,350.2,108.8,,
5120,6656,64,hk_128x128x64,91.8,0.0020,PASS,85.9,106.9,,
5120,6656,64,hk_256x256x64,108.2,0.0020,PASS,85.9,126.0,,
5120,6656,1024,hk_128x128x64,360.0,0.0078,PASS,426.8,84.4,,
5120,6656,1024,hk_256x256x64,477.7,0.0078,PASS,426.8,111.9,,
5120,6784,256,hk_128x128x64,222.7,0.0078,PASS,176.8,126.0,,
5120,6784,8192,hk_128x128x64,409.0,0.0312,PASS,525.5,77.8,,
5120,6912,64,hk_128x128x64,83.9,0.0020,PASS,80.3,104.4,,
5120,6912,64,hk_256x256x64,109.7,0.0020,PASS,80.3,136.6,,
5120,6912,256,hk_128x128x64,204.2,0.0039,PASS,249.7,81.8,,
5120,6912,256,hk_256x256x64,288.2,0.0039,PASS,249.7,115.4,,
5120,7040,512,hk_128x128x64,297.0,0.0078,PASS,286.8,103.6,,
5120,7040,4096,hk_128x128x64,399.6,0.0156,PASS,567.0,70.5,,
5120,7040,8192,hk_128x128x64,385.2,0.0312,PASS,532.6,72.3,,
5120,7168,2048,hk_128x128x64,374.4,0.0156,PASS,580.8,64.5,,
5120,7168,2048,hk_256x256x64,582.5,0.0156,PASS,580.8,100.3,,
5120,7168,4096,hk_128x128x64,403.3,0.0156,PASS,614.8,65.6,,
5120,7168,4096,hk_256x256x64,570.3,0.0156,PASS,614.8,92.8,,
5120,7296,64,hk_128x128x64,82.4,0.0039,PASS,69.9,117.9,,
5120,7424,128,hk_128x128x64,151.8,0.0039,PASS,169.4,89.6,,
5120,7424,128,hk_256x256x64,202.3,0.0039,PASS,169.4,119.5,,
5120,7424,2048,hk_128x128x64,401.3,0.0156,PASS,514.7,78.0,,
5120,7424,2048,hk_256x256x64,594.1,0.0156,PASS,514.7,115.4,,
5120,7552,256,hk_128x128x64,219.0,0.0039,PASS,228.4,95.9,,
5120,7552,512,hk_128x128x64,316.4,0.0078,PASS,333.7,94.8,,
5120,7552,2048,hk_128x128x64,398.3,0.0156,PASS,462.0,86.2,,
5120,7552,4096,hk_128x128x64,394.0,0.0156,PASS,562.9,70.0,,
5120,7680,8192,hk_128x128x64,404.7,0.0312,PASS,552.7,73.2,,
5120,7680,8192,hk_256x256x64,570.1,0.0312,PASS,552.7,103.2,,
5120,7808,8192,hk_128x128x64,390.1,0.0312,PASS,522.4,74.7,,
5120,7936,128,hk_128x128x64,140.4,0.0039,PASS,162.3,86.5,,
5120,7936,128,hk_256x256x64,167.7,0.0039,PASS,162.3,103.3,,
5120,8064,64,hk_128x128x64,105.1,0.0020,PASS,60.3,174.1,,
5120,8064,2048,hk_128x128x64,368.0,0.0156,PASS,432.4,85.1,,
5120,8192,512,hk_128x128x64,294.0,0.0078,PASS,352.5,83.4,,
5120,8192,512,hk_256x256x64,323.1,0.0078,PASS,352.5,91.7,,
5184,5184,384,hk_192x192x64,296.5,0.0078,PASS,250.5,118.3,,
5184,5376,768,hk_192x192x64,387.7,0.0078,PASS,399.3,97.1,,
5184,5376,3072,hk_192x192x64,477.2,0.0156,PASS,542.7,87.9,,
5184,5568,192,hk_192x192x64,176.7,0.0039,PASS,115.9,152.5,,
5184,5568,384,hk_192x192x64,325.0,0.0078,PASS,212.0,153.3,,
5184,5760,6144,hk_192x192x64,527.0,0.0312,PASS,529.7,99.5,,
5184,5952,64,hk_192x192x64,88.6,0.0020,PASS,59.4,149.1,,
5184,6144,64,hk_192x192x64,105.0,0.0020,PASS,84.8,123.9,,
5184,6144,3072,hk_192x192x64,513.2,0.0156,PASS,530.2,96.8,,
5248,5248,64,hk_128x128x64,70.3,0.0020,PASS,54.6,128.8,,
5248,5376,1024,hk_128x128x64,366.9,0.0078,PASS,435.6,84.2,,
5248,5632,512,hk_128x128x64,310.6,0.0078,PASS,332.0,93.5,,
5248,5632,8192,hk_128x128x64,405.4,0.0312,PASS,524.4,77.3,,
5248,6144,1024,hk_128x128x64,342.3,0.0078,PASS,437.5,78.2,,
5248,6144,8192,hk_128x128x64,385.2,0.0312,PASS,594.5,64.8,,
5248,6272,64,hk_128x128x64,92.3,0.0039,PASS,46.3,199.3,,
5248,6272,128,hk_128x128x64,156.0,0.0039,PASS,95.3,163.7,,
5248,6400,4096,hk_128x128x64,411.1,0.0156,PASS,546.6,75.2,,
5248,6400,8192,hk_128x128x64,402.3,0.0312,PASS,578.2,69.6,,
5248,6656,2048,hk_128x128x64,375.0,0.0156,PASS,539.6,69.5,,
5248,6656,8192,hk_128x128x64,372.8,0.0312,PASS,529.4,70.4,,
5248,6784,256,hk_128x128x64,237.5,0.0039,PASS,141.3,168.1,,
5248,6784,512,hk_128x128x64,282.1,0.0078,PASS,223.0,126.5,,
5248,6784,2048,hk_128x128x64,384.5,0.0156,PASS,432.0,89.0,,
5248,6912,256,hk_128x128x64,215.4,0.0039,PASS,234.6,91.8,,
5248,7040,128,hk_128x128x64,147.9,0.0039,PASS,127.5,115.9,,
5248,7168,8192,hk_128x128x64,402.7,0.0312,PASS,554.9,72.6,,
5248,7424,512,hk_128x128x64,292.8,0.0078,PASS,339.5,86.2,,
5248,7424,1024,hk_128x128x64,366.3,0.0078,PASS,449.9,81.4,,
5248,7424,8192,hk_128x128x64,396.6,0.0312,PASS,539.1,73.6,,
5248,7680,512,hk_128x128x64,308.1,0.0078,PASS,358.8,85.9,,
5248,7936,128,hk_128x128x64,155.4,0.0039,PASS,169.9,91.5,,
5248,7936,2048,hk_128x128x64,387.2,0.0156,PASS,451.8,85.7,,
5248,8064,64,hk_128x128x64,96.3,0.0020,PASS,57.0,169.0,,
5248,8064,256,hk_128x128x64,246.4,0.0039,PASS,189.6,130.0,,
5248,8192,4096,hk_128x128x64,418.8,0.0156,PASS,601.3,69.6,,
5376,5376,192,hk_128x128x64,171.7,0.0039,PASS,201.1,85.3,,
5376,5376,192,hk_192x192x64,205.0,0.0039,PASS,201.1,102.0,,
5376,5376,192,hk_256x256x64,220.1,0.0039,PASS,201.1,109.4,,
5376,5376,1024,hk_128x128x64,358.8,0.0078,PASS,438.6,81.8,,
5376,5376,1024,hk_192x192x64,436.1,0.0078,PASS,438.6,99.4,,
5376,5376,1024,hk_256x256x64,418.6,0.0078,PASS,438.6,95.4,,
5376,5376,2048,hk_128x128x64,400.1,0.0156,PASS,541.6,73.9,,
5376,5376,2048,hk_192x192x64,504.3,0.0156,PASS,541.6,93.1,,
5376,5376,2048,hk_256x256x64,466.6,0.0156,PASS,541.6,86.1,,
5376,5504,256,hk_128x128x64,235.1,0.0039,PASS,161.4,145.6,,
5376,5504,512,hk_128x128x64,304.9,0.0078,PASS,268.6,113.5,,
5376,5760,384,hk_128x128x64,265.1,0.0078,PASS,228.3,116.1,,
5376,5760,384,hk_192x192x64,332.9,0.0078,PASS,228.3,145.8,,
5376,5888,128,hk_128x128x64,146.6,0.0039,PASS,162.5,90.2,,
5376,5888,128,hk_256x256x64,187.3,0.0039,PASS,162.5,115.3,,
5376,5952,64,hk_192x192x64,113.0,0.0020,PASS,73.4,153.9,,
5376,5952,384,hk_192x192x64,328.7,0.0078,PASS,219.8,149.5,,
5376,6144,128,hk_128x128x64,157.6,0.0039,PASS,154.4,102.1,,
5376,6144,128,hk_192x192x64,194.6,0.0039,PASS,154.4,126.1,,
5376,6144,128,hk_256x256x64,189.5,0.0039,PASS,154.4,122.8,,
5376,6272,256,hk_128x128x64,235.7,0.0039,PASS,163.4,144.2,,
5376,6400,8192,hk_128x128x64,407.0,0.0312,PASS,560.0,72.7,,
5376,6400,8192,hk_256x256x64,528.9,0.0312,PASS,560.0,94.4,,
5376,6528,64,hk_128x128x64,89.8,0.0020,PASS,48.4,185.6,,
5376,6528,64,hk_192x192x64,105.3,0.0020,PASS,48.4,217.6,,
5376,6784,64,hk_128x128x64,98.9,0.0020,PASS,57.0,173.4,,
5376,6784,256,hk_128x128x64,215.4,0.0039,PASS,148.6,144.9,,
5376,6784,1024,hk_128x128x64,356.8,0.0078,PASS,341.5,104.5,,
5376,6912,128,hk_128x128x64,139.2,0.0039,PASS,161.4,86.3,,
5376,6912,128,hk_192x192x64,167.4,0.0039,PASS,161.4,103.7,,
5376,6912,128,hk_256x256x64,196.3,0.0039,PASS,161.4,121.6,,
5376,6912,1024,hk_128x128x64,357.0,0.0078,PASS,430.2,83.0,,
5376,6912,1024,hk_192x192x64,412.7,0.0078,PASS,430.2,95.9,,
5376,6912,1024,hk_256x256x64,493.9,0.0078,PASS,430.2,114.8,,
5376,7040,1024,hk_128x128x64,353.5,0.0078,PASS,317.8,111.2,,
5376,7040,4096,hk_128x128x64,406.9,0.0156,PASS,533.1,76.3,,
5376,7168,4096,hk_128x128x64,406.9,0.0156,PASS,623.8,65.2,,
5376,7168,4096,hk_256x256x64,592.7,0.0156,PASS,623.8,95.0,,
5376,7296,1024,hk_128x128x64,362.6,0.0078,PASS,357.0,101.6,,
5376,7296,1024,hk_192x192x64,442.3,0.0078,PASS,357.0,123.9,,
5376,7552,256,hk_128x128x64,224.8,0.0039,PASS,230.5,97.5,,
5376,7552,1024,hk_128x128x64,378.7,0.0078,PASS,404.5,93.6,,
5376,7552,2048,hk_128x128x64,371.4,0.0156,PASS,517.2,71.8,,
5376,7680,8192,hk_128x128x64,392.6,0.0312,PASS,529.8,74.1,,
5376,7680,8192,hk_192x192x64,526.7,0.0312,PASS,529.8,99.4,,
5376,7680,8192,hk_256x256x64,503.9,0.0312,PASS,529.8,95.1,,
5376,7808,64,hk_128x128x64,100.7,0.0020,PASS,75.1,134.1,,
5376,7808,8192,hk_128x128x64,404.2,0.0312,PASS,515.9,78.3,,
5376,7936,64,hk_128x128x64,87.2,0.0039,PASS,98.1,88.9,,
5376,7936,64,hk_256x256x64,109.5,0.0039,PASS,98.1,111.6,,
5376,7936,256,hk_128x128x64,240.8,0.0039,PASS,261.6,92.1,,
5376,7936,256,hk_256x256x64,262.4,0.0039,PASS,261.6,100.3,,
5376,7936,1024,hk_128x128x64,374.3,0.0078,PASS,424.9,88.1,,
5376,7936,1024,hk_256x256x64,420.5,0.0078,PASS,424.9,99.0,,
5376,7936,2048,hk_128x128x64,386.8,0.0156,PASS,566.1,68.3,,
5376,7936,2048,hk_256x256x64,472.3,0.0156,PASS,566.1,83.4,,
5376,8064,512,hk_128x128x64,329.6,0.0078,PASS,282.7,116.6,,
5376,8064,512,hk_192x192x64,379.7,0.0078,PASS,282.7,134.3,,
5376,8192,1024,hk_128x128x64,395.6,0.0078,PASS,485.2,81.5,,
5376,8192,1024,hk_256x256x64,423.9,0.0078,PASS,485.2,87.4,,
5504,5504,128,hk_128x128x64,142.9,0.0039,PASS,122.8,116.3,,
5504,5632,1024,hk_128x128x64,336.2,0.0078,PASS,422.2,79.6,,
5504,5760,512,hk_128x128x64,301.1,0.0078,PASS,233.2,129.1,,
5504,5760,2048,hk_128x128x64,392.6,0.0156,PASS,461.8,85.0,,
5504,5760,8192,hk_128x128x64,398.2,0.0312,PASS,534.0,74.6,,
5504,5888,64,hk_128x128x64,78.8,0.0020,PASS,77.8,101.2,,
5504,5888,512,hk_128x128x64,298.9,0.0078,PASS,338.5,88.3,,
5504,6144,128,hk_128x128x64,163.2,0.0039,PASS,164.2,99.4,,
5504,6144,2048,hk_128x128x64,399.0,0.0156,PASS,488.1,81.7,,
5504,6272,128,hk_128x128x64,150.0,0.0039,PASS,98.9,151.7,,
5504,6272,512,hk_128x128x64,300.8,0.0078,PASS,267.6,112.4,,
5504,6272,4096,hk_128x128x64,425.5,0.0156,PASS,529.3,80.4,,
5504,6400,128,hk_128x128x64,123.9,0.0039,PASS,144.1,86.0,,
5504,6400,4096,hk_128x128x64,401.3,0.0156,PASS,581.4,69.0,,
5504,6528,64,hk_128x128x64,76.3,0.0020,PASS,73.9,103.3,,
5504,6528,1024,hk_128x128x64,340.3,0.0078,PASS,347.3,98.0,,
5504,6656,256,hk_128x128x64,237.1,0.0039,PASS,263.1,90.1,,
5504,6784,512,hk_128x128x64,305.0,0.0078,PASS,284.2,107.3,,
5504,7040,4096,hk_128x128x64,400.6,0.0156,PASS,539.0,74.3,,
5504,7040,8192,hk_128x128x64,394.4,0.0312,PASS,522.9,75.4,,
5504,7168,128,hk_128x128x64,141.8,0.0039,PASS,157.2,90.2,,
5504,7296,4096,hk_128x128x64,401.6,0.0156,PASS,507.9,79.1,,
5504,7424,256,hk_128x128x64,214.3,0.0039,PASS,252.0,85.0,,
5504,7552,2048,hk_128x128x64,401.0,0.0156,PASS,472.5,84.9,,
5504,7552,4096,hk_128x128x64,400.7,0.0156,PASS,564.7,71.0,,
5504,7680,2048,hk_128x128x64,384.9,0.0156,PASS,574.4,67.0,,
5504,7680,4096,hk_128x128x64,403.5,0.0156,PASS,596.7,67.6,,
5504,7936,64,hk_128x128x64,87.2,0.0020,PASS,81.8,106.5,,
5504,7936,128,hk_128x128x64,166.3,0.0039,PASS,157.1,105.9,,
5504,7936,1024,hk_128x128x64,390.5,0.0078,PASS,421.0,92.7,,
5504,8192,256,hk_128x128x64,235.3,0.0039,PASS,269.1,87.4,,
5504,8192,4096,hk_128x128x64,399.0,0.0156,PASS,578.0,69.0,,
5504,8192,8192,hk_128x128x64,392.7,0.0312,PASS,554.5,70.8,,
5568,5568,192,hk_192x192x64,223.9,0.0039,PASS,161.9,138.3,,
5568,5568,384,hk_192x192x64,321.7,0.0078,PASS,259.6,123.9,,
5568,6144,384,hk_192x192x64,264.8,0.0078,PASS,298.0,88.9,,
5568,6144,1536,hk_192x192x64,417.0,0.0156,PASS,390.2,106.9,,
5568,6144,6144,hk_192x192x64,483.1,0.0312,PASS,555.0,87.0,,
5632,5632,128,hk_128x128x64,130.8,0.0039,PASS,145.7,89.8,,
5632,5632,128,hk_256x256x64,178.5,0.0039,PASS,145.7,122.5,,
5632,5888,2048,hk_128x128x64,394.7,0.0156,PASS,488.3,80.8,,
5632,5888,2048,hk_256x256x64,520.0,0.0156,PASS,488.3,106.5,,
5632,6144,64,hk_128x128x64,84.3,0.0020,PASS,82.5,102.1,,
5632,6144,64,hk_256x256x64,100.2,0.0020,PASS,82.5,121.4,,
5632,6144,128,hk_128x128x64,169.0,0.0039,PASS,163.9,103.1,,
5632,6144,128,hk_256x256x64,194.0,0.0039,PASS,163.9,118.4,,
5632,6400,2048,hk_128x128x64,361.3,0.0156,PASS,498.5,72.5,,
5632,6400,2048,hk_256x256x64,567.6,0.0156,PASS,498.5,113.9,,
5632,6656,256,hk_128x128x64,201.3,0.0039,PASS,273.8,73.5,,
5632,6656,256,hk_256x256x64,290.7,0.0039,PASS,273.8,106.2,,
5632,6656,1024,hk_128x128x64,374.6,0.0078,PASS,501.6,74.7,,
5632,6656,1024,hk_256x256x64,506.8,0.0078,PASS,501.6,101.0,,
5632,6784,2048,hk_128x128x64,402.1,0.0156,PASS,489.2,82.2,,
5632,6912,128,hk_128x128x64,133.2,0.0039,PASS,162.1,82.2,,
5632,6912,128,hk_256x256x64,196.8,0.0039,PASS,162.1,121.4,,
5632,6912,512,hk_128x128x64,310.9,0.0078,PASS,361.2,86.1,,
5632,6912,512,hk_256x256x64,403.1,0.0078,PASS,361.2,111.6,,
5632,7040,64,hk_128x128x64,102.0,0.0039,PASS,82.7,123.4,,
5632,7040,128,hk_128x128x64,168.1,0.0039,PASS,147.7,113.8,,
5632,7040,512,hk_128x128x64,313.3,0.0078,PASS,304.1,103.0,,
5632,7040,1024,hk_128x128x64,386.3,0.0078,PASS,412.2,93.7,,
5632,7168,64,hk_128x128x64,94.6,0.0020,PASS,96.6,97.9,,
5632,7168,64,hk_256x256x64,102.2,0.0020,PASS,96.6,105.8,,
5632,7168,8192,hk_128x128x64,387.1,0.0312,PASS,545.8,70.9,,
5632,7168,8192,hk_256x256x64,494.6,0.0312,PASS,545.8,90.6,,
5632,7424,512,hk_128x128x64,306.4,0.0078,PASS,375.6,81.6,,
5632,7424,512,hk_256x256x64,334.0,0.0078,PASS,375.6,88.9,,
5632,7424,8192,hk_128x128x64,401.3,0.0312,PASS,528.0,76.0,,
5632,7424,8192,hk_256x256x64,484.2,0.0312,PASS,528.0,91.7,,
5632,7680,256,hk_128x128x64,224.6,0.0039,PASS,259.1,86.7,,
5632,7680,256,hk_256x256x64,258.9,0.0039,PASS,259.1,99.9,,
5632,7680,1024,hk_128x128x64,379.9,0.0078,PASS,469.3,81.0,,
5632,7680,1024,hk_256x256x64,418.1,0.0078,PASS,469.3,89.1,,
5632,7680,8192,hk_128x128x64,401.5,0.0312,PASS,537.3,74.7,,
5632,7680,8192,hk_256x256x64,518.0,0.0312,PASS,537.3,96.4,,
5632,7808,4096,hk_128x128x64,410.6,0.0156,PASS,548.3,74.9,,
5632,7936,64,hk_128x128x64,88.1,0.0039,PASS,79.9,110.2,,
5632,7936,64,hk_256x256x64,108.4,0.0039,PASS,79.9,135.6,,
5632,8064,64,hk_128x128x64,109.4,0.0020,PASS,54.5,200.6,,
5632,8064,512,hk_128x128x64,301.9,0.0078,PASS,256.3,117.8,,
5632,8064,8192,hk_128x128x64,391.7,0.0312,PASS,521.4,75.1,,
5632,8192,512,hk_128x128x64,310.0,0.0078,PASS,370.7,83.6,,
5632,8192,512,hk_256x256x64,342.0,0.0078,PASS,370.7,92.3,,
5632,8192,2048,hk_128x128x64,403.7,0.0156,PASS,543.7,74.3,,
5632,8192,2048,hk_256x256x64,505.5,0.0156,PASS,543.7,93.0,,
5632,8192,4096,hk_128x128x64,413.8,0.0156,PASS,608.5,68.0,,
5632,8192,4096,hk_256x256x64,546.9,0.0156,PASS,608.5,89.9,,
5632,8192,8192,hk_128x128x64,397.1,0.0312,PASS,576.9,68.8,,
5632,8192,8192,hk_256x256x64,551.3,0.0312,PASS,576.9,95.6,,
5760,5760,512,hk_128x128x64,301.2,0.0078,PASS,231.3,130.2,,
5760,5760,512,hk_192x192x64,364.7,0.0078,PASS,231.3,157.6,,
5760,5760,6144,hk_128x128x64,383.2,0.0312,PASS,543.4,70.5,,
5760,5760,6144,hk_192x192x64,545.6,0.0312,PASS,543.4,100.4,,
5760,5888,256,hk_128x128x64,216.4,0.0039,PASS,200.9,107.7,,
5760,5888,2048,hk_128x128x64,411.3,0.0156,PASS,532.6,77.2,,
5760,6016,512,hk_128x128x64,314.9,0.0078,PASS,218.2,144.3,,
5760,6144,256,hk_128x128x64,230.1,0.0039,PASS,261.3,88.1,,
5760,6144,256,hk_192x192x64,258.1,0.0039,PASS,261.3,98.7,,
5760,6144,1536,hk_128x128x64,316.5,0.0156,PASS,484.5,65.3,,
5760,6144,1536,hk_192x192x64,422.3,0.0156,PASS,484.5,87.2,,
5760,6272,512,hk_128x128x64,307.6,0.0078,PASS,306.5,100.3,,
5760,6400,128,hk_128x128x64,151.2,0.0039,PASS,171.7,88.1,,
5760,6400,1024,hk_128x128x64,347.7,0.0078,PASS,422.7,82.3,,
5760,6528,512,hk_128x128x64,314.7,0.0078,PASS,309.8,101.6,,
5760,6528,512,hk_192x192x64,349.3,0.0078,PASS,309.8,112.7,,
5760,6656,128,hk_128x128x64,161.8,0.0039,PASS,166.8,97.0,,
5760,6784,2048,hk_128x128x64,427.0,0.0156,PASS,443.8,96.2,,
5760,6912,64,hk_128x128x64,89.8,0.0020,PASS,93.5,96.1,,
5760,6912,64,hk_192x192x64,107.7,0.0020,PASS,93.5,115.2,,
5760,7040,2048,hk_128x128x64,383.7,0.0156,PASS,448.9,85.5,,
5760,7040,8192,hk_128x128x64,393.5,0.0312,PASS,499.8,78.7,,
5760,7168,512,hk_128x128x64,291.9,0.0078,PASS,360.4,81.0,,
5760,7296,256,hk_128x128x64,236.0,0.0039,PASS,240.4,98.2,,
5760,7296,256,hk_192x192x64,280.6,0.0039,PASS,240.4,116.7,,
5760,7424,128,hk_128x128x64,163.3,0.0039,PASS,185.9,87.9,,
5760,7424,4096,hk_128x128x64,376.9,0.0156,PASS,562.4,67.0,,
5760,7808,1024,hk_128x128x64,358.9,0.0078,PASS,332.6,107.9,,
5760,8064,1024,hk_128x128x64,365.3,0.0078,PASS,365.0,100.1,,
5760,8064,1024,hk_192x192x64,422.0,0.0078,PASS,365.0,115.6,,
5760,8064,8192,hk_128x128x64,400.4,0.0312,PASS,536.0,74.7,,
5760,8064,8192,hk_192x192x64,512.2,0.0312,PASS,536.0,95.6,,
5888,5888,8192,hk_128x128x64,399.9,0.0312,PASS,567.1,70.5,,
5888,5888,8192,hk_256x256x64,567.1,0.0312,PASS,567.1,100.0,,
5888,6016,256,hk_128x128x64,225.0,0.0039,PASS,130.7,172.2,,
5888,6016,1024,hk_128x128x64,345.4,0.0078,PASS,350.7,98.5,,
5888,6144,1024,hk_128x128x64,373.1,0.0078,PASS,480.9,77.6,,
5888,6144,1024,hk_256x256x64,496.2,0.0078,PASS,480.9,103.2,,
5888,6272,256,hk_128x128x64,241.5,0.0039,PASS,230.3,104.9,,
5888,6272,8192,hk_128x128x64,393.9,0.0312,PASS,508.5,77.5,,
5888,6400,8192,hk_128x128x64,394.1,0.0312,PASS,527.0,74.8,,
5888,6400,8192,hk_256x256x64,551.9,0.0312,PASS,527.0,104.7,,
5888,6656,512,hk_128x128x64,268.9,0.0078,PASS,344.4,78.1,,
5888,6656,512,hk_256x256x64,397.4,0.0078,PASS,344.4,115.4,,
5888,7040,64,hk_128x128x64,102.5,0.0020,PASS,56.5,181.5,,
5888,7040,1024,hk_128x128x64,369.7,0.0078,PASS,336.5,109.9,,
5888,7168,64,hk_128x128x64,96.1,0.0020,PASS,101.3,94.9,,
5888,7168,64,hk_256x256x64,113.4,0.0020,PASS,101.3,111.9,,
5888,7168,128,hk_128x128x64,161.6,0.0039,PASS,174.7,92.5,,
5888,7168,128,hk_256x256x64,179.5,0.0039,PASS,174.7,102.8,,
5888,7168,8192,hk_128x128x64,400.0,0.0312,PASS,536.9,74.5,,
5888,7168,8192,hk_256x256x64,514.7,0.0312,PASS,536.9,95.9,,
5888,7296,1024,hk_128x128x64,389.8,0.0078,PASS,392.1,99.4,,
5888,7424,2048,hk_128x128x64,403.0,0.0156,PASS,585.2,68.9,,
5888,7424,2048,hk_256x256x64,490.5,0.0156,PASS,585.2,83.8,,
5888,7552,256,hk_128x128x64,243.6,0.0039,PASS,177.5,137.2,,
5888,7552,512,hk_128x128x64,319.8,0.0078,PASS,288.2,111.0,,
5888,7680,64,hk_128x128x64,109.2,0.0020,PASS,99.8,109.4,,
5888,7680,64,hk_256x256x64,116.5,0.0020,PASS,99.8,116.7,,
5888,7936,128,hk_128x128x64,154.4,0.0039,PASS,167.9,91.9,,
5888,7936,128,hk_256x256x64,193.5,0.0039,PASS,167.9,115.2,,
5888,7936,512,hk_128x128x64,303.6,0.0078,PASS,327.5,92.7,,
5888,7936,512,hk_256x256x64,356.4,0.0078,PASS,327.5,108.8,,
5888,8192,256,hk_128x128x64,248.7,0.0039,PASS,279.3,89.0,,
5888,8192,256,hk_256x256x64,277.9,0.0039,PASS,279.3,99.5,,
5888,8192,4096,hk_128x128x64,402.7,0.0156,PASS,582.6,69.1,,
5888,8192,4096,hk_256x256x64,508.3,0.0156,PASS,582.6,87.2,,
5952,5952,64,hk_192x192x64,88.3,0.0020,PASS,43.8,201.5,,
5952,5952,192,hk_192x192x64,227.9,0.0039,PASS,130.7,174.3,,
6016,6144,128,hk_128x128x64,160.0,0.0039,PASS,176.6,90.6,,
6016,6144,1024,hk_128x128x64,366.6,0.0078,PASS,438.5,83.6,,
6016,6272,128,hk_128x128x64,143.3,0.0039,PASS,143.3,100.0,,
6016,6272,4096,hk_128x128x64,400.1,0.0156,PASS,547.5,73.1,,
6016,6272,8192,hk_128x128x64,388.3,0.0312,PASS,510.6,76.0,,
6016,6528,2048,hk_128x128x64,420.6,0.0156,PASS,472.5,89.0,,
6016,6528,4096,hk_128x128x64,414.5,0.0156,PASS,537.6,77.1,,
6016,6656,64,hk_128x128x64,77.5,0.0039,PASS,89.8,86.3,,
6016,6656,128,hk_128x128x64,164.0,0.0039,PASS,172.7,95.0,,
6016,6656,1024,hk_128x128x64,366.2,0.0078,PASS,434.4,84.3,,
6016,6784,512,hk_128x128x64,300.0,0.0078,PASS,333.6,89.9,,
6016,6784,8192,hk_128x128x64,383.7,0.0312,PASS,502.5,76.4,,
6016,6912,64,hk_128x128x64,92.0,0.0020,PASS,93.5,98.4,,
6016,7040,512,hk_128x128x64,310.3,0.0078,PASS,269.6,115.1,,
6016,7168,128,hk_128x128x64,161.3,0.0039,PASS,177.0,91.1,,
6016,7296,128,hk_128x128x64,159.6,0.0039,PASS,112.7,141.6,,
6016,7424,1024,hk_128x128x64,381.8,0.0078,PASS,369.0,103.5,,
6016,7424,8192,hk_128x128x64,404.8,0.0312,PASS,536.2,75.5,,
6016,7552,64,hk_128x128x64,91.3,0.0020,PASS,55.2,165.2,,
6016,7552,2048,hk_128x128x64,384.7,0.0156,PASS,506.7,75.9,,
6016,7552,8192,hk_128x128x64,394.3,0.0312,PASS,534.0,73.8,,
6016,7680,8192,hk_128x128x64,392.5,0.0312,PASS,540.1,72.7,,
6016,7936,1024,hk_128x128x64,341.7,0.0078,PASS,449.8,76.0,,
6016,8064,128,hk_128x128x64,155.5,0.0039,PASS,105.9,146.8,,
6016,8192,64,hk_128x128x64,114.2,0.0020,PASS,99.5,114.8,,
6144,6144,64,hk_128x128x64,99.3,0.0020,PASS,97.9,101.5,,
6144,6144,64,hk_192x192x64,112.8,0.0020,PASS,97.9,115.3,,
6144,6144,64,hk_256x256x64,117.7,0.0020,PASS,97.9,120.3,,
6144,6144,1024,hk_128x128x64,353.8,0.0078,PASS,401.3,88.2,,
6144,6144,1024,hk_192x192x64,425.3,0.0078,PASS,401.3,106.0,,
6144,6144,1024,hk_256x256x64,498.1,0.0078,PASS,401.3,124.1,,
6144,6144,1536,hk_128x128x64,335.8,0.0156,PASS,547.7,61.3,,
6144,6144,1536,hk_192x192x64,463.9,0.0156,PASS,547.7,84.7,,
6144,6144,1536,hk_256x256x64,541.1,0.0156,PASS,547.7,98.8,,
6144,6272,1024,hk_128x128x64,362.2,0.0078,PASS,324.2,111.7,,
6144,6272,8192,hk_128x128x64,388.1,0.0312,PASS,510.4,76.0,,
6144,6528,256,hk_128x128x64,219.5,0.0039,PASS,217.0,101.2,,
6144,6528,256,hk_192x192x64,278.2,0.0039,PASS,217.0,128.2,,
6144,6528,1024,hk_128x128x64,349.1,0.0078,PASS,383.0,91.2,,
6144,6528,1024,hk_192x192x64,453.1,0.0078,PASS,383.0,118.3,,
6144,6784,64,hk_128x128x64,97.2,0.0020,PASS,75.4,128.9,,
6144,6784,4096,hk_128x128x64,410.0,0.0156,PASS,526.3,77.9,,
6144,6912,64,hk_128x128x64,78.6,0.0039,PASS,96.5,81.5,,
6144,6912,64,hk_192x192x64,106.6,0.0039,PASS,96.5,110.5,,
6144,6912,64,hk_256x256x64,111.1,0.0039,PASS,96.5,115.2,,
6144,6912,256,hk_128x128x64,235.6,0.0039,PASS,261.9,90.0,,
6144,6912,256,hk_192x192x64,283.8,0.0039,PASS,261.9,108.4,,
6144,6912,256,hk_256x256x64,257.4,0.0039,PASS,261.9,98.3,,
6144,7424,64,hk_128x128x64,105.6,0.0020,PASS,97.0,108.9,,
6144,7424,64,hk_256x256x64,120.4,0.0020,PASS,97.0,124.1,,
6144,7552,512,hk_128x128x64,301.4,0.0078,PASS,252.7,119.3,,
6144,7552,2048,hk_128x128x64,401.4,0.0156,PASS,489.5,82.0,,
6144,7680,4096,hk_128x128x64,412.0,0.0156,PASS,599.1,68.8,,
6144,7680,4096,hk_192x192x64,494.2,0.0156,PASS,599.1,82.5,,
6144,7680,4096,hk_256x256x64,506.8,0.0156,PASS,599.1,84.6,,
6144,7808,4096,hk_128x128x64,401.8,0.0156,PASS,530.5,75.8,,
6144,7808,8192,hk_128x128x64,401.9,0.0312,PASS,512.5,78.4,,
6144,7936,8192,hk_128x128x64,400.2,0.0312,PASS,526.5,76.0,,
6144,7936,8192,hk_256x256x64,550.6,0.0312,PASS,526.5,104.6,,
6144,8192,1024,hk_128x128x64,393.3,0.0078,PASS,454.6,86.5,,
6144,8192,1024,hk_256x256x64,469.8,0.0078,PASS,454.6,103.3,,
6272,6272,512,hk_128x128x64,318.1,0.0078,PASS,245.2,129.8,,
6272,6400,64,hk_128x128x64,106.4,0.0039,PASS,93.7,113.6,,
6272,6400,128,hk_128x128x64,155.9,0.0039,PASS,159.0,98.1,,
6272,6400,2048,hk_128x128x64,373.0,0.0156,PASS,450.1,82.9,,
6272,6400,4096,hk_128x128x64,361.9,0.0156,PASS,527.8,68.6,,
6272,6656,128,hk_128x128x64,130.8,0.0039,PASS,137.2,95.4,,
6272,6656,512,hk_128x128x64,312.6,0.0078,PASS,350.8,89.1,,
6272,6656,4096,hk_128x128x64,377.9,0.0156,PASS,559.0,67.6,,
6272,6912,256,hk_128x128x64,215.9,0.0039,PASS,218.8,98.7,,
6272,6912,512,hk_128x128x64,315.4,0.0078,PASS,343.4,91.9,,
6272,7296,1024,hk_128x128x64,353.1,0.0078,PASS,414.8,85.1,,
6272,7296,2048,hk_128x128x64,350.8,0.0156,PASS,488.7,71.8,,
6272,7552,2048,hk_128x128x64,378.0,0.0156,PASS,452.9,83.5,,
6272,7808,4096,hk_128x128x64,409.6,0.0156,PASS,507.7,80.7,,
6272,7936,128,hk_128x128x64,145.7,0.0039,PASS,152.2,95.8,,
6272,8064,2048,hk_128x128x64,388.7,0.0156,PASS,502.3,77.4,,
6272,8192,64,hk_128x128x64,97.0,0.0039,PASS,93.8,103.5,,
6272,8192,256,hk_128x128x64,249.6,0.0039,PASS,277.6,89.9,,
6272,8192,512,hk_128x128x64,327.1,0.0078,PASS,372.0,87.9,,
6272,8192,4096,hk_128x128x64,402.9,0.0156,PASS,555.2,72.6,,
6400,6400,2048,hk_128x128x64,362.2,0.0156,PASS,563.1,64.3,,
6400,6400,2048,hk_256x256x64,456.1,0.0156,PASS,563.1,81.0,,
6400,6528,2048,hk_128x128x64,417.3,0.0156,PASS,472.3,88.4,,
6400,6656,1024,hk_128x128x64,369.1,0.0078,PASS,507.9,72.7,,
6400,6656,1024,hk_256x256x64,414.7,0.0078,PASS,507.9,81.6,,
6400,6784,128,hk_128x128x64,166.3,0.0039,PASS,110.7,150.2,,
6400,6912,2048,hk_128x128x64,392.9,0.0156,PASS,471.8,83.3,,
6400,6912,2048,hk_256x256x64,472.0,0.0156,PASS,471.8,100.0,,
6400,7040,256,hk_128x128x64,249.3,0.0039,PASS,182.7,136.5,,
6400,7040,1024,hk_128x128x64,373.2,0.0078,PASS,418.4,89.2,,
6400,7040,4096,hk_128x128x64,383.7,0.0156,PASS,536.2,71.5,,
6400,7168,8192,hk_128x128x64,387.5,0.0312,PASS,550.4,70.4,,
6400,7168,8192,hk_256x256x64,529.4,0.0312,PASS,550.4,96.2,,
6400,7296,64,hk_128x128x64,96.6,0.0020,PASS,57.8,167.0,,
6400,7424,2048,hk_128x128x64,380.9,0.0156,PASS,463.7,82.1,,
6400,7424,2048,hk_256x256x64,500.5,0.0156,PASS,463.7,107.9,,
6400,7552,8192,hk_128x128x64,400.2,0.0312,PASS,535.3,74.8,,
6400,7680,4096,hk_128x128x64,409.9,0.0156,PASS,634.8,64.6,,
6400,7680,4096,hk_256x256x64,503.6,0.0156,PASS,634.8,79.3,,
6400,7936,256,hk_128x128x64,236.1,0.0039,PASS,242.0,97.6,,
6400,7936,256,hk_256x256x64,295.9,0.0039,PASS,242.0,122.2,,
6400,7936,512,hk_128x128x64,313.7,0.0078,PASS,366.5,85.6,,
6400,7936,512,hk_256x256x64,392.9,0.0078,PASS,366.5,107.2,,
6400,8064,2048,hk_128x128x64,389.2,0.0156,PASS,516.4,75.4,,
6528,6784,512,hk_128x128x64,310.2,0.0078,PASS,274.3,113.1,,
6528,6912,512,hk_128x128x64,320.0,0.0078,PASS,369.1,86.7,,
6528,6912,512,hk_192x192x64,341.2,0.0078,PASS,369.1,92.4,,
6528,7040,64,hk_128x128x64,107.0,0.0020,PASS,57.3,186.6,,
6528,7040,512,hk_128x128x64,306.5,0.0078,PASS,251.6,121.8,,
6528,7168,128,hk_128x128x64,158.4,0.0039,PASS,179.4,88.3,,
6528,7168,2048,hk_128x128x64,381.4,0.0156,PASS,537.1,71.0,,
6528,7168,4096,hk_128x128x64,403.6,0.0312,PASS,582.1,69.3,,
6528,7296,4096,hk_128x128x64,374.2,0.0156,PASS,525.1,71.3,,
6528,7296,4096,hk_192x192x64,507.1,0.0156,PASS,525.1,96.6,,
6528,7680,512,hk_128x128x64,296.7,0.0078,PASS,310.7,95.5,,
6528,7680,512,hk_192x192x64,367.2,0.0078,PASS,310.7,118.2,,
6528,7936,2048,hk_128x128x64,397.9,0.0156,PASS,543.0,73.3,,
6528,7936,8192,hk_128x128x64,398.0,0.0312,PASS,516.8,77.0,,
6528,8064,128,hk_128x128x64,156.8,0.0039,PASS,111.3,140.9,,
6528,8064,128,hk_192x192x64,196.0,0.0039,PASS,111.3,176.1,,
6528,8064,256,hk_128x128x64,242.1,0.0039,PASS,203.6,119.0,,
6528,8064,256,hk_192x192x64,280.6,0.0039,PASS,203.6,137.8,,
6528,8064,2048,hk_128x128x64,379.9,0.0156,PASS,512.6,74.1,,
6528,8064,2048,hk_192x192x64,478.5,0.0156,PASS,512.6,93.3,,
6528,8064,4096,hk_128x128x64,405.3,0.0156,PASS,537.9,75.3,,
6528,8064,4096,hk_192x192x64,507.4,0.0156,PASS,537.9,94.3,,
6528,8192,256,hk_128x128x64,207.5,0.0039,PASS,231.9,89.5,,
6656,6656,2048,hk_128x128x64,388.7,0.0156,PASS,568.7,68.3,,
6656,6656,2048,hk_256x256x64,481.5,0.0156,PASS,568.7,84.7,,
6656,6784,128,hk_128x128x64,149.0,0.0039,PASS,110.1,135.3,,
6656,7040,256,hk_128x128x64,239.1,0.0039,PASS,170.6,140.2,,
6656,7168,8192,hk_128x128x64,390.5,0.0312,PASS,561.7,69.5,,
6656,7168,8192,hk_256x256x64,539.5,0.0312,PASS,561.7,96.0,,
6656,7296,1024,hk_128x128x64,385.6,0.0078,PASS,379.7,101.5,,
6656,7424,512,hk_128x128x64,306.6,0.0078,PASS,392.1,78.2,,
6656,7424,512,hk_256x256x64,379.3,0.0078,PASS,392.1,96.7,,
6656,7424,4096,hk_128x128x64,408.9,0.0156,PASS,582.8,70.2,,
6656,7424,4096,hk_256x256x64,519.3,0.0156,PASS,582.8,89.1,,
6656,7552,128,hk_128x128x64,162.3,0.0039,PASS,106.0,153.2,,
6656,7552,2048,hk_128x128x64,373.7,0.0156,PASS,478.9,78.0,,
6656,7552,4096,hk_128x128x64,385.9,0.0156,PASS,549.0,70.3,,
6656,7680,128,hk_128x128x64,137.8,0.0039,PASS,132.6,103.9,,
6656,7680,128,hk_256x256x64,192.2,0.0039,PASS,132.6,144.9,,
6656,7680,8192,hk_128x128x64,396.4,0.0312,PASS,551.5,71.9,,
6656,7680,8192,hk_256x256x64,553.7,0.0312,PASS,551.5,100.4,,
6656,7808,1024,hk_128x128x64,386.6,0.0078,PASS,395.2,97.8,,
6656,7936,128,hk_128x128x64,157.4,0.0039,PASS,174.6,90.1,,
6656,7936,128,hk_256x256x64,197.7,0.0039,PASS,174.6,113.2,,
6656,7936,512,hk_128x128x64,331.0,0.0078,PASS,359.4,92.1,,
6656,7936,512,hk_256x256x64,401.8,0.0078,PASS,359.4,111.8,,
6656,7936,2048,hk_128x128x64,406.4,0.0156,PASS,537.8,75.6,,
6656,7936,2048,hk_256x256x64,566.6,0.0156,PASS,537.8,105.4,,
6656,7936,8192,hk_128x128x64,408.2,0.0312,PASS,537.8,75.9,,
6656,7936,8192,hk_256x256x64,564.9,0.0312,PASS,537.8,105.1,,
6656,8064,64,hk_128x128x64,96.6,0.0039,PASS,58.3,165.8,,
6656,8064,128,hk_128x128x64,171.7,0.0039,PASS,127.8,134.4,,
6656,8064,8192,hk_128x128x64,410.3,0.0312,PASS,527.7,77.8,,
6656,8192,256,hk_128x128x64,243.2,0.0039,PASS,263.8,92.2,,
6656,8192,256,hk_256x256x64,268.5,0.0039,PASS,263.8,101.8,,
6656,8192,8192,hk_128x128x64,417.7,0.0312,PASS,557.2,75.0,,
6656,8192,8192,hk_256x256x64,565.3,0.0312,PASS,557.2,101.4,,
6784,6784,512,hk_128x128x64,304.8,0.0078,PASS,246.8,123.5,,
6784,6912,1024,hk_128x128x64,372.7,0.0078,PASS,455.8,81.8,,
6784,6912,8192,hk_128x128x64,395.6,0.0312,PASS,536.7,73.7,,
6784,7040,64,hk_128x128x64,88.8,0.0039,PASS,78.3,113.4,,
6784,7040,128,hk_128x128x64,162.2,0.0039,PASS,152.6,106.3,,
6784,7040,1024,hk_128x128x64,387.5,0.0078,PASS,372.6,104.0,,
6784,7552,256,hk_128x128x64,246.4,0.0039,PASS,206.1,119.5,,
6784,7680,4096,hk_128x128x64,414.5,0.0156,PASS,563.4,73.6,,
6784,7808,64,hk_128x128x64,88.6,0.0020,PASS,85.3,103.9,,
6784,8064,2048,hk_128x128x64,416.9,0.0156,PASS,494.5,84.3,,
6912,6912,256,hk_128x128x64,207.2,0.0039,PASS,243.2,85.2,,
6912,6912,256,hk_192x192x64,265.7,0.0039,PASS,243.2,109.2,,
6912,6912,256,hk_256x256x64,282.2,0.0039,PASS,243.2,116.0,,
6912,7168,2048,hk_128x128x64,394.8,0.0156,PASS,522.7,75.5,,
6912,7168,2048,hk_256x256x64,531.8,0.0156,PASS,522.7,101.8,,
6912,7680,4096,hk_128x128x64,397.8,0.0156,PASS,584.2,68.1,,
6912,7680,4096,hk_192x192x64,503.2,0.0156,PASS,584.2,86.1,,
6912,7680,4096,hk_256x256x64,526.6,0.0156,PASS,584.2,90.1,,
6912,7936,512,hk_128x128x64,294.8,0.0078,PASS,387.3,76.1,,
6912,7936,512,hk_256x256x64,411.7,0.0078,PASS,387.3,106.3,,
6912,7936,2048,hk_128x128x64,375.1,0.0156,PASS,560.4,66.9,,
6912,7936,2048,hk_256x256x64,565.6,0.0156,PASS,560.4,100.9,,
6912,8064,256,hk_128x128x64,235.6,0.0039,PASS,160.8,146.6,,
6912,8064,256,hk_192x192x64,291.3,0.0039,PASS,160.8,181.2,,
6912,8064,2048,hk_128x128x64,379.3,0.0156,PASS,491.5,77.2,,
6912,8064,2048,hk_192x192x64,557.6,0.0156,PASS,491.5,113.4,,
6912,8064,8192,hk_128x128x64,397.6,0.0312,PASS,533.6,74.5,,
6912,8064,8192,hk_192x192x64,525.3,0.0312,PASS,533.6,98.5,,
6912,8192,1024,hk_128x128x64,378.1,0.0078,PASS,434.0,87.1,,
6912,8192,1024,hk_256x256x64,513.1,0.0078,PASS,434.0,118.2,,
7040,7040,4096,hk_128x128x64,405.9,0.0156,PASS,561.9,72.2,,
7040,7040,8192,hk_128x128x64,405.0,0.0312,PASS,525.5,77.1,,
7040,7296,4096,hk_128x128x64,401.8,0.0156,PASS,543.0,74.0,,
7040,7680,2048,hk_128x128x64,415.8,0.0156,PASS,549.3,75.7,,
7040,7808,2048,hk_128x128x64,396.6,0.0156,PASS,522.6,75.9,,
7040,7936,512,hk_128x128x64,332.1,0.0078,PASS,365.2,90.9,,
7040,7936,8192,hk_128x128x64,401.7,0.0312,PASS,542.0,74.1,,
7040,8064,64,hk_128x128x64,92.1,0.0039,PASS,59.0,156.1,,
7040,8064,512,hk_128x128x64,327.6,0.0078,PASS,292.8,111.9,,
7040,8064,2048,hk_128x128x64,399.2,0.0156,PASS,501.1,79.7,,
7040,8064,4096,hk_128x128x64,404.3,0.0156,PASS,553.3,73.1,,
7040,8192,4096,hk_128x128x64,411.4,0.0156,PASS,590.9,69.6,,
7168,7296,64,hk_128x128x64,91.2,0.0020,PASS,81.3,112.2,,
7168,7296,2048,hk_128x128x64,398.6,0.0156,PASS,480.2,83.0,,
7168,7552,64,hk_128x128x64,91.2,0.0020,PASS,81.6,111.7,,
7168,7552,128,hk_128x128x64,175.9,0.0039,PASS,160.0,109.9,,
7168,7552,512,hk_128x128x64,328.8,0.0078,PASS,298.4,110.2,,
7168,7552,4096,hk_128x128x64,410.9,0.0156,PASS,573.8,71.6,,
7168,7680,1024,hk_128x128x64,351.6,0.0078,PASS,466.4,75.4,,
7168,7680,1024,hk_256x256x64,511.5,0.0078,PASS,466.4,109.7,,
7168,7680,8192,hk_128x128x64,391.1,0.0312,PASS,551.4,70.9,,
7168,7680,8192,hk_256x256x64,567.4,0.0312,PASS,551.4,102.9,,
7168,7808,8192,hk_128x128x64,399.0,0.0312,PASS,519.6,76.8,,
7168,7936,1024,hk_128x128x64,351.5,0.0078,PASS,496.8,70.7,,
7168,7936,1024,hk_256x256x64,513.0,0.0078,PASS,496.8,103.3,,
7168,8064,256,hk_128x128x64,245.1,0.0039,PASS,189.1,129.6,,
7168,8192,1024,hk_128x128x64,419.2,0.0078,PASS,497.0,84.3,,
7168,8192,1024,hk_256x256x64,521.9,0.0078,PASS,497.0,105.0,,
7168,8192,2048,hk_128x128x64,392.8,0.0156,PASS,599.5,65.5,,
7168,8192,2048,hk_256x256x64,573.4,0.0156,PASS,599.5,95.6,,
7296,7552,1024,hk_128x128x64,368.6,0.0078,PASS,372.0,99.1,,
7296,7808,8192,hk_128x128x64,398.4,0.0312,PASS,509.3,78.2,,
7296,7936,256,hk_128x128x64,238.6,0.0039,PASS,221.9,107.5,,
7296,7936,512,hk_128x128x64,339.9,0.0078,PASS,375.2,90.6,,
7296,8064,64,hk_128x128x64,110.5,0.0020,PASS,66.8,165.3,,
7296,8064,64,hk_192x192x64,104.1,0.0020,PASS,66.8,155.8,,
7296,8192,512,hk_128x128x64,308.9,0.0078,PASS,326.4,94.6,,
7424,7424,64,hk_128x128x64,98.7,0.0020,PASS,109.8,89.9,,
7424,7424,64,hk_256x256x64,124.5,0.0020,PASS,109.8,113.4,,
7424,7424,4096,hk_128x128x64,403.5,0.0156,PASS,572.0,70.5,,
7424,7424,4096,hk_256x256x64,554.1,0.0156,PASS,572.0,96.9,,
7424,7552,4096,hk_128x128x64,399.9,0.0312,PASS,537.8,74.4,,
7424,7552,8192,hk_128x128x64,394.4,0.0312,PASS,535.9,73.6,,
7424,7680,2048,hk_128x128x64,392.9,0.0156,PASS,609.7,64.4,,
7424,7680,2048,hk_256x256x64,565.2,0.0156,PASS,609.7,92.7,,
7424,7680,4096,hk_128x128x64,398.4,0.0156,PASS,577.8,68.9,,
7424,7680,4096,hk_256x256x64,554.6,0.0156,PASS,577.8,96.0,,
7424,7680,8192,hk_128x128x64,394.7,0.0312,PASS,548.3,72.0,,
7424,7680,8192,hk_256x256x64,576.6,0.0312,PASS,548.3,105.2,,
7424,7808,8192,hk_128x128x64,400.6,0.0312,PASS,518.7,77.2,,
7424,8064,512,hk_128x128x64,339.1,0.0078,PASS,238.8,142.0,,
7424,8064,4096,hk_128x128x64,405.1,0.0156,PASS,538.2,75.3,,
7424,8192,4096,hk_128x128x64,411.1,0.0156,PASS,545.1,75.4,,
7424,8192,4096,hk_256x256x64,513.8,0.0156,PASS,545.1,94.3,,
7424,8192,8192,hk_128x128x64,402.9,0.0312,PASS,532.8,75.6,,
7424,8192,8192,hk_256x256x64,534.6,0.0312,PASS,532.8,100.3,,
7552,7552,1024,hk_128x128x64,388.6,0.0078,PASS,424.6,91.5,,
7552,7680,512,hk_128x128x64,306.9,0.0078,PASS,373.4,82.2,,
7552,7808,128,hk_128x128x64,172.2,0.0039,PASS,129.2,133.3,,
7552,7808,1024,hk_128x128x64,385.0,0.0078,PASS,426.5,90.3,,
7552,8192,512,hk_128x128x64,322.3,0.0078,PASS,398.6,80.9,,
7552,8192,1024,hk_128x128x64,364.4,0.0078,PASS,511.5,71.2,,
7680,7808,128,hk_128x128x64,168.7,0.0039,PASS,143.7,117.3,,
7680,8064,128,hk_128x128x64,177.0,0.0039,PASS,124.5,142.2,,
7680,8064,128,hk_192x192x64,200.3,0.0039,PASS,124.5,160.9,,
7680,8192,512,hk_128x128x64,341.3,0.0078,PASS,384.9,88.7,,
7680,8192,512,hk_256x256x64,361.4,0.0078,PASS,384.9,93.9,,
7808,7808,512,hk_128x128x64,335.6,0.0078,PASS,328.0,102.3,,
7808,7936,2048,hk_128x128x64,387.3,0.0156,PASS,566.4,68.4,,
7808,7936,8192,hk_128x128x64,401.2,0.0312,PASS,549.2,73.1,,
7808,8064,1024,hk_128x128x64,373.3,0.0156,PASS,434.2,86.0,,
7808,8192,256,hk_128x128x64,247.4,0.0078,PASS,290.7,85.1,,
7808,8192,512,hk_128x128x64,335.5,0.0078,PASS,396.1,84.7,,
7808,8192,2048,hk_128x128x64,401.6,0.0156,PASS,586.3,68.5,,
7936,7936,64,hk_128x128x64,95.0,0.0020,PASS,98.8,96.2,,
7936,7936,64,hk_256x256x64,120.4,0.0020,PASS,98.8,121.9,,
7936,7936,512,hk_128x128x64,327.9,0.0078,PASS,376.0,87.2,,
7936,7936,512,hk_256x256x64,363.7,0.0078,PASS,376.0,96.7,,
7936,8064,512,hk_128x128x64,343.0,0.0078,PASS,298.3,115.0,,
7936,8064,1024,hk_128x128x64,374.2,0.0078,PASS,449.8,83.2,,
7936,8192,128,hk_128x128x64,171.3,0.0039,PASS,182.4,94.0,,
7936,8192,128,hk_256x256x64,189.2,0.0039,PASS,182.4,103.8,,
7936,8192,2048,hk_128x128x64,379.2,0.0156,PASS,569.6,66.6,,
7936,8192,2048,hk_256x256x64,518.3,0.0156,PASS,569.6,91.0,,
7936,8192,4096,hk_128x128x64,404.0,0.0156,PASS,564.4,71.6,,
7936,8192,4096,hk_256x256x64,522.1,0.0156,PASS,564.4,92.5,,
8064,8064,4096,hk_128x128x64,394.6,0.0156,PASS,547.3,72.1,,
8064,8064,4096,hk_192x192x64,507.8,0.0156,PASS,547.3,92.8,,
8064,8192,512,hk_128x128x64,316.3,0.0078,PASS,317.3,99.7,,
8064,8192,4096,hk_128x128x64,397.8,0.0156,PASS,558.2,71.3,,
