M,N,K,tile,tflops,median_ms,avg_ms,min_ms,std_ms,max_err,status,iters,hipblaslt_tflops,ratio_pct
128,256,2048,hk_128x128x64,3.4,0.0393,0.0400,0.0386,0.0018,0.0078,PASS,10,5.3,64.9
128,384,256,hk_128x128x64,2.0,0.0124,0.0133,0.0116,0.0018,0.0039,PASS,10,1.1,181.2
128,384,4096,hk_128x128x64,5.7,0.0704,0.0707,0.0687,0.0022,0.0156,PASS,10,15.7,36.5
128,640,512,hk_128x128x64,5.2,0.0161,0.0158,0.0148,0.0004,0.0078,PASS,10,3.9,133.9
128,640,2048,hk_128x128x64,8.3,0.0403,0.0407,0.0394,0.0019,0.0156,PASS,10,13.3,62.9
128,896,512,hk_128x128x64,7.2,0.0164,0.0163,0.0156,0.0004,0.0039,PASS,10,5.3,135.0
128,896,8192,hk_128x128x64,9.8,0.1920,0.1911,0.1878,0.0015,0.0312,PASS,10,53.7,18.2
128,1152,4096,hk_128x128x64,16.7,0.0723,0.0735,0.0708,0.0032,0.0156,PASS,10,37.9,44.0
128,1408,128,hk_128x128x64,4.9,0.0094,0.0094,0.0089,0.0002,0.0039,PASS,10,2.1,229.8
128,1408,1024,hk_128x128x64,15.3,0.0241,0.0246,0.0233,0.0016,0.0078,PASS,10,15.4,99.7
128,1408,8192,hk_128x128x64,15.3,0.1927,0.1926,0.1896,0.0025,0.0156,PASS,10,71.3,21.5
128,1536,1024,hk_128x128x64,16.4,0.0246,0.0251,0.0239,0.0013,0.0078,PASS,10,16.4,99.7
128,1664,256,hk_128x128x64,9.2,0.0118,0.0121,0.0113,0.0010,0.0039,PASS,10,5.0,184.1
128,1792,256,hk_128x128x64,9.9,0.0119,0.0125,0.0113,0.0014,0.0039,PASS,10,5.3,185.8
128,1920,128,hk_128x128x64,6.7,0.0094,0.0098,0.0084,0.0017,0.0039,PASS,10,2.8,234.9
128,1920,1024,hk_128x128x64,20.1,0.0250,0.0255,0.0238,0.0019,0.0078,PASS,10,21.0,95.8
128,2432,128,hk_128x128x64,8.2,0.0097,0.0099,0.0092,0.0009,0.0039,PASS,10,3.6,228.1
128,2816,128,hk_128x128x64,9.8,0.0094,0.0099,0.0085,0.0016,0.0039,PASS,10,4.2,234.6
128,2816,256,hk_128x128x64,15.4,0.0120,0.0126,0.0114,0.0021,0.0039,PASS,10,8.6,179.9
128,2816,1024,hk_128x128x64,29.5,0.0250,0.0249,0.0244,0.0003,0.0078,PASS,10,27.8,106.2
128,2944,2048,hk_128x128x64,35.3,0.0437,0.0437,0.0419,0.0015,0.0156,PASS,10,49.0,72.0
128,3200,128,hk_128x128x64,10.3,0.0102,0.0103,0.0092,0.0012,0.0039,PASS,10,4.7,218.9
128,3328,64,hk_128x128x64,6.6,0.0083,0.0085,0.0073,0.0008,0.0020,PASS,10,2.5,266.7
128,3456,128,hk_128x128x64,11.8,0.0096,0.0099,0.0089,0.0013,0.0039,PASS,10,5.1,233.1
128,3456,1024,hk_128x128x64,35.6,0.0254,0.0263,0.0249,0.0020,0.0078,PASS,10,34.7,102.8
128,3584,64,hk_128x128x64,6.9,0.0085,0.0096,0.0077,0.0022,0.0020,PASS,10,2.6,265.1
128,3584,2048,hk_128x128x64,40.9,0.0459,0.0464,0.0451,0.0017,0.0156,PASS,10,52.1,78.4
128,3584,8192,hk_128x128x64,38.1,0.1972,0.1974,0.1959,0.0012,0.0312,PASS,10,117.7,32.4
128,3840,512,hk_128x128x64,30.0,0.0168,0.0167,0.0156,0.0008,0.0078,PASS,10,22.5,133.7
128,4096,512,hk_128x128x64,31.4,0.0171,0.0173,0.0163,0.0010,0.0078,PASS,10,22.5,139.7
128,4096,2048,hk_128x128x64,46.9,0.0458,0.0467,0.0442,0.0027,0.0078,PASS,10,59.1,79.3
128,4224,64,hk_128x128x64,8.1,0.0085,0.0085,0.0075,0.0007,0.0020,PASS,10,3.1,262.3
128,4352,64,hk_128x128x64,8.4,0.0085,0.0090,0.0075,0.0018,0.0020,PASS,10,3.2,266.4
128,4352,128,hk_128x128x64,14.1,0.0101,0.0105,0.0088,0.0015,0.0039,PASS,10,6.5,216.7
128,4352,512,hk_128x128x64,33.9,0.0168,0.0172,0.0160,0.0013,0.0078,PASS,10,24.2,140.0
128,4480,2048,hk_128x128x64,51.1,0.0460,0.0467,0.0444,0.0026,0.0156,PASS,10,67.7,75.4
128,4864,512,hk_128x128x64,37.8,0.0169,0.0173,0.0160,0.0017,0.0078,PASS,10,27.4,138.0
128,4864,8192,hk_128x128x64,47.3,0.2158,0.2154,0.2110,0.0018,0.0312,PASS,10,142.9,33.1
128,4992,64,hk_128x128x64,9.5,0.0086,0.0086,0.0080,0.0007,0.0020,PASS,10,3.7,258.9
128,4992,128,hk_128x128x64,16.7,0.0098,0.0104,0.0093,0.0013,0.0039,PASS,10,7.3,229.0
128,4992,512,hk_128x128x64,38.1,0.0172,0.0177,0.0162,0.0019,0.0078,PASS,10,26.2,145.6
128,4992,2048,hk_128x128x64,56.8,0.0461,0.0466,0.0454,0.0016,0.0156,PASS,10,72.6,78.2
128,5120,256,hk_128x128x64,25.9,0.0130,0.0131,0.0118,0.0014,0.0039,PASS,10,15.0,173.1
128,5120,1024,hk_128x128x64,49.5,0.0271,0.0283,0.0265,0.0021,0.0078,PASS,10,45.0,109.9
128,5376,1024,hk_128x128x64,51.6,0.0273,0.0283,0.0268,0.0018,0.0078,PASS,10,47.9,107.8
128,5632,128,hk_128x128x64,18.8,0.0098,0.0098,0.0092,0.0004,0.0039,PASS,10,8.5,220.0
128,6016,4096,hk_128x128x64,77.4,0.0815,0.0817,0.0801,0.0012,0.0156,PASS,10,118.4,65.4
128,6144,64,hk_128x128x64,11.7,0.0086,0.0090,0.0085,0.0012,0.0020,PASS,10,4.6,254.4
128,6272,1024,hk_128x128x64,58.5,0.0281,0.0290,0.0273,0.0024,0.0078,PASS,10,55.3,105.8
128,6400,512,hk_128x128x64,47.9,0.0175,0.0176,0.0165,0.0013,0.0078,PASS,10,33.6,142.6
128,6528,128,hk_128x128x64,21.3,0.0100,0.0107,0.0090,0.0018,0.0039,PASS,10,9.6,223.2
128,6528,1024,hk_128x128x64,61.4,0.0279,0.0284,0.0269,0.0020,0.0078,PASS,10,56.5,108.8
128,6656,4096,hk_128x128x64,83.8,0.0833,0.0833,0.0810,0.0014,0.0156,PASS,10,122.1,68.6
128,7296,64,hk_128x128x64,14.1,0.0085,0.0088,0.0076,0.0015,0.0020,PASS,10,5.5,257.3
128,7424,64,hk_128x128x64,14.0,0.0087,0.0096,0.0084,0.0021,0.0020,PASS,10,5.5,255.6
128,7424,2048,hk_128x128x64,78.7,0.0495,0.0498,0.0477,0.0019,0.0156,PASS,10,89.7,87.7
128,7424,8192,hk_128x128x64,71.6,0.2174,0.2174,0.2153,0.0016,0.0312,PASS,10,163.9,43.7
128,7808,512,hk_128x128x64,56.8,0.0180,0.0182,0.0174,0.0008,0.0078,PASS,10,40.2,141.4
128,7808,4096,hk_128x128x64,90.1,0.0909,0.0911,0.0896,0.0013,0.0156,PASS,10,135.4,66.5
128,8064,4096,hk_128x128x64,95.8,0.0882,0.0879,0.0852,0.0018,0.0156,PASS,10,135.6,70.6
192,192,64,hk_192x192x64,0.5,0.0099,0.0103,0.0090,0.0016,0.0020,PASS,10,0.2,222.6
192,192,192,hk_192x192x64,1.1,0.0126,0.0131,0.0120,0.0014,0.0039,PASS,10,0.6,174.6
192,192,768,hk_192x192x64,1.6,0.0364,0.0369,0.0354,0.0018,0.0078,PASS,10,2.5,62.6
192,192,3072,hk_192x192x64,1.9,0.1222,0.1218,0.1192,0.0023,0.0156,PASS,10,9.4,19.8
192,576,3072,hk_192x192x64,5.8,0.1163,0.1178,0.1145,0.0031,0.0156,PASS,10,24.9,23.5
192,576,6144,hk_192x192x64,5.9,0.2297,0.2314,0.2253,0.0049,0.0156,PASS,10,43.0,13.8
192,768,64,hk_192x192x64,1.8,0.0103,0.0104,0.0099,0.0005,0.0020,PASS,10,0.9,214.0
192,768,3072,hk_192x192x64,7.6,0.1192,0.1184,0.1141,0.0032,0.0156,PASS,10,29.2,26.0
192,960,3072,hk_192x192x64,9.8,0.1160,0.1165,0.1139,0.0023,0.0156,PASS,10,39.3,24.8
192,1152,192,hk_192x192x64,6.3,0.0135,0.0133,0.0129,0.0003,0.0039,PASS,10,3.9,160.8
192,1536,64,hk_192x192x64,3.6,0.0105,0.0107,0.0099,0.0008,0.0020,PASS,10,1.7,206.1
192,1536,1536,hk_192x192x64,14.4,0.0628,0.0631,0.0612,0.0022,0.0078,PASS,10,31.3,46.1
192,2496,192,hk_192x192x64,13.2,0.0139,0.0143,0.0133,0.0016,0.0039,PASS,10,8.4,157.4
192,2880,1536,hk_192x192x64,27.0,0.0630,0.0634,0.0619,0.0018,0.0078,PASS,10,59.6,45.2
192,3072,768,hk_192x192x64,25.6,0.0353,0.0354,0.0339,0.0008,0.0078,PASS,10,35.6,72.1
192,3072,3072,hk_192x192x64,31.4,0.1155,0.1157,0.1133,0.0022,0.0156,PASS,10,83.4,37.6
192,3456,1536,hk_192x192x64,32.6,0.0626,0.0635,0.0623,0.0019,0.0078,PASS,10,65.6,49.6
192,3648,64,hk_192x192x64,8.7,0.0103,0.0112,0.0093,0.0021,0.0020,PASS,10,3.9,222.1
192,3648,384,hk_192x192x64,28.0,0.0192,0.0197,0.0186,0.0015,0.0039,PASS,10,23.5,118.7
192,4416,64,hk_192x192x64,10.6,0.0102,0.0108,0.0099,0.0016,0.0020,PASS,10,5.0,213.3
192,4416,192,hk_192x192x64,22.9,0.0142,0.0153,0.0134,0.0021,0.0039,PASS,10,15.0,153.1
192,4608,6144,hk_192x192x64,47.5,0.2291,0.2302,0.2268,0.0031,0.0156,PASS,10,161.5,29.4
192,4800,768,hk_192x192x64,38.6,0.0366,0.0365,0.0352,0.0011,0.0078,PASS,10,52.2,74.0
192,4992,384,hk_192x192x64,37.4,0.0197,0.0199,0.0187,0.0007,0.0039,PASS,10,32.7,114.5
192,5184,3072,hk_192x192x64,50.2,0.1218,0.1222,0.1203,0.0017,0.0156,PASS,10,124.5,40.3
192,5568,3072,hk_192x192x64,53.1,0.1236,0.1239,0.1211,0.0021,0.0156,PASS,10,132.3,40.1
192,5760,768,hk_192x192x64,46.4,0.0366,0.0366,0.0358,0.0005,0.0078,PASS,10,61.3,75.7
256,256,1024,hk_128x128x64,5.7,0.0235,0.0234,0.0227,0.0004,0.0078,PASS,10,5.8,99.5
256,256,1024,hk_256x256x64,3.0,0.0452,0.0456,0.0439,0.0017,0.0078,PASS,10,5.8,51.6
256,384,64,hk_128x128x64,1.5,0.0085,0.0089,0.0074,0.0013,0.0020,PASS,10,0.6,264.1
256,512,8192,hk_128x128x64,11.6,0.1853,0.1853,0.1830,0.0020,0.0312,PASS,10,55.6,20.9
256,512,8192,hk_256x256x64,5.6,0.3845,0.3756,0.3614,0.0116,0.0312,PASS,10,55.6,10.1
256,768,8192,hk_128x128x64,17.4,0.1853,0.1850,0.1823,0.0013,0.0312,PASS,10,73.3,23.7
256,768,8192,hk_256x256x64,8.8,0.3643,0.3710,0.3605,0.0100,0.0312,PASS,10,73.3,12.1
256,1280,64,hk_128x128x64,5.0,0.0083,0.0081,0.0074,0.0005,0.0020,PASS,10,1.9,262.0
256,1280,64,hk_256x256x64,2.9,0.0142,0.0141,0.0132,0.0005,0.0020,PASS,10,1.9,153.5
256,1280,1024,hk_128x128x64,27.8,0.0242,0.0250,0.0233,0.0018,0.0078,PASS,10,25.8,107.5
256,1280,1024,hk_256x256x64,14.5,0.0463,0.0469,0.0451,0.0022,0.0078,PASS,10,25.8,56.1
256,1408,1024,hk_128x128x64,30.2,0.0244,0.0254,0.0235,0.0023,0.0078,PASS,10,29.7,102.0
256,1536,512,hk_128x128x64,24.9,0.0162,0.0167,0.0151,0.0017,0.0078,PASS,10,17.8,139.6
256,1536,512,hk_256x256x64,13.7,0.0293,0.0298,0.0285,0.0018,0.0078,PASS,10,17.8,77.2
256,1536,1024,hk_128x128x64,32.5,0.0248,0.0252,0.0238,0.0017,0.0078,PASS,10,31.1,104.4
256,1536,1024,hk_256x256x64,17.7,0.0454,0.0456,0.0442,0.0013,0.0078,PASS,10,31.1,56.9
256,1920,128,hk_128x128x64,13.4,0.0094,0.0098,0.0086,0.0012,0.0039,PASS,10,5.7,235.7
256,1920,1024,hk_128x128x64,40.0,0.0251,0.0254,0.0240,0.0017,0.0078,PASS,10,40.3,99.4
256,1920,8192,hk_128x128x64,42.0,0.1917,0.1920,0.1897,0.0017,0.0312,PASS,10,142.7,29.4
256,2048,128,hk_128x128x64,13.6,0.0099,0.0097,0.0089,0.0004,0.0039,PASS,10,6.1,223.5
256,2048,128,hk_256x256x64,7.8,0.0171,0.0172,0.0164,0.0008,0.0039,PASS,10,6.1,129.3
256,2176,1024,hk_128x128x64,45.0,0.0253,0.0261,0.0245,0.0021,0.0078,PASS,10,44.1,102.1
256,2176,2048,hk_128x128x64,52.5,0.0434,0.0438,0.0420,0.0019,0.0156,PASS,10,71.1,74.0
256,2304,2048,hk_128x128x64,56.5,0.0427,0.0432,0.0419,0.0013,0.0156,PASS,10,69.2,81.7
256,2304,2048,hk_256x256x64,31.2,0.0775,0.0776,0.0769,0.0007,0.0156,PASS,10,69.2,45.0
256,2432,128,hk_128x128x64,16.9,0.0094,0.0097,0.0088,0.0010,0.0039,PASS,10,7.3,230.7
256,2432,4096,hk_128x128x64,66.1,0.0771,0.0779,0.0753,0.0025,0.0156,PASS,10,110.3,59.9
256,2560,128,hk_128x128x64,17.4,0.0097,0.0100,0.0089,0.0015,0.0039,PASS,10,7.7,224.1
256,2560,128,hk_256x256x64,10.0,0.0167,0.0172,0.0155,0.0016,0.0039,PASS,10,7.7,129.5
256,2560,512,hk_128x128x64,41.1,0.0163,0.0167,0.0156,0.0017,0.0078,PASS,10,27.9,147.7
256,2560,512,hk_256x256x64,22.7,0.0296,0.0300,0.0289,0.0016,0.0078,PASS,10,27.9,81.4
256,2688,64,hk_128x128x64,10.4,0.0085,0.0090,0.0072,0.0016,0.0020,PASS,10,3.9,266.8
256,2944,64,hk_128x128x64,11.2,0.0086,0.0084,0.0078,0.0004,0.0020,PASS,10,4.2,267.3
256,3200,512,hk_128x128x64,49.8,0.0168,0.0172,0.0160,0.0010,0.0078,PASS,10,36.0,138.3
256,3328,128,hk_128x128x64,22.1,0.0099,0.0101,0.0091,0.0012,0.0039,PASS,10,9.9,223.6
256,3328,128,hk_256x256x64,13.3,0.0164,0.0165,0.0155,0.0010,0.0039,PASS,10,9.9,134.1
256,3456,1024,hk_128x128x64,68.5,0.0265,0.0272,0.0253,0.0021,0.0078,PASS,10,63.4,108.0
256,3584,128,hk_128x128x64,24.2,0.0097,0.0098,0.0092,0.0003,0.0039,PASS,10,10.5,230.6
256,3584,128,hk_256x256x64,14.3,0.0165,0.0171,0.0157,0.0017,0.0039,PASS,10,10.5,135.8
256,3584,1024,hk_128x128x64,69.8,0.0269,0.0283,0.0256,0.0029,0.0078,PASS,10,63.2,110.6
256,3584,1024,hk_256x256x64,41.0,0.0459,0.0471,0.0448,0.0030,0.0078,PASS,10,63.2,64.9
256,3584,8192,hk_128x128x64,76.8,0.1959,0.1955,0.1922,0.0015,0.0312,PASS,10,191.2,40.1
256,3584,8192,hk_256x256x64,41.8,0.3593,0.3595,0.3557,0.0030,0.0312,PASS,10,191.2,21.9
256,3712,1024,hk_128x128x64,71.0,0.0274,0.0274,0.0263,0.0011,0.0078,PASS,10,66.2,107.2
256,3968,256,hk_128x128x64,41.3,0.0126,0.0124,0.0118,0.0004,0.0039,PASS,10,23.2,178.0
256,4096,64,hk_128x128x64,15.4,0.0087,0.0092,0.0079,0.0017,0.0020,PASS,10,5.8,265.6
256,4096,64,hk_256x256x64,9.8,0.0137,0.0142,0.0128,0.0017,0.0020,PASS,10,5.8,169.8
256,4352,64,hk_128x128x64,16.3,0.0087,0.0086,0.0075,0.0004,0.0020,PASS,10,6.5,251.4
256,4352,64,hk_256x256x64,10.8,0.0132,0.0137,0.0123,0.0017,0.0020,PASS,10,6.5,166.6
256,4480,1024,hk_128x128x64,87.2,0.0269,0.0271,0.0267,0.0004,0.0078,PASS,10,78.6,110.9
256,4608,512,hk_128x128x64,69.1,0.0175,0.0177,0.0162,0.0014,0.0078,PASS,10,47.6,145.2
256,4608,512,hk_256x256x64,40.3,0.0300,0.0303,0.0290,0.0018,0.0078,PASS,10,47.6,84.6
256,4736,64,hk_128x128x64,18.0,0.0086,0.0091,0.0080,0.0012,0.0020,PASS,10,7.0,256.7
256,4736,1024,hk_128x128x64,89.1,0.0279,0.0276,0.0271,0.0004,0.0078,PASS,10,81.0,110.1
256,4864,2048,hk_128x128x64,107.0,0.0477,0.0478,0.0461,0.0013,0.0156,PASS,10,119.0,89.9
256,4864,2048,hk_256x256x64,65.0,0.0785,0.0794,0.0771,0.0026,0.0156,PASS,10,119.0,54.6
256,4992,256,hk_128x128x64,52.0,0.0126,0.0131,0.0114,0.0018,0.0039,PASS,10,28.8,180.6
256,4992,4096,hk_128x128x64,126.9,0.0825,0.0829,0.0817,0.0012,0.0156,PASS,10,169.3,75.0
256,4992,8192,hk_128x128x64,103.8,0.2017,0.2021,0.1971,0.0035,0.0312,PASS,10,210.8,49.3
256,5120,128,hk_128x128x64,32.7,0.0103,0.0101,0.0095,0.0004,0.0039,PASS,10,15.5,210.9
256,5120,128,hk_256x256x64,19.8,0.0169,0.0174,0.0158,0.0016,0.0039,PASS,10,15.5,128.0
256,5248,512,hk_128x128x64,79.8,0.0172,0.0180,0.0165,0.0026,0.0078,PASS,10,53.4,149.5
256,5248,8192,hk_128x128x64,108.3,0.2033,0.2025,0.1981,0.0026,0.0312,PASS,10,213.8,50.7
256,5376,64,hk_128x128x64,20.2,0.0087,0.0087,0.0077,0.0008,0.0020,PASS,10,7.9,254.1
256,5376,64,hk_256x256x64,12.8,0.0137,0.0136,0.0128,0.0003,0.0020,PASS,10,7.9,162.0
256,5376,2048,hk_128x128x64,118.5,0.0476,0.0472,0.0455,0.0013,0.0156,PASS,10,125.5,94.4
256,5376,2048,hk_256x256x64,71.7,0.0786,0.0795,0.0777,0.0021,0.0156,PASS,10,125.5,57.1
256,5504,2048,hk_128x128x64,122.4,0.0471,0.0468,0.0461,0.0005,0.0156,PASS,10,129.0,94.9
256,5504,8192,hk_128x128x64,110.9,0.2082,0.2078,0.2044,0.0024,0.0312,PASS,10,224.1,49.5
256,5632,64,hk_128x128x64,21.0,0.0088,0.0089,0.0087,0.0002,0.0020,PASS,10,8.4,251.1
256,5632,64,hk_256x256x64,13.5,0.0137,0.0140,0.0127,0.0016,0.0020,PASS,10,8.4,161.3
256,5632,4096,hk_128x128x64,139.1,0.0849,0.0847,0.0817,0.0026,0.0156,PASS,10,171.6,81.1
256,5632,4096,hk_256x256x64,82.3,0.1436,0.1439,0.1427,0.0012,0.0156,PASS,10,171.6,47.9
256,5888,2048,hk_128x128x64,128.2,0.0482,0.0479,0.0462,0.0010,0.0156,PASS,10,133.4,96.1
256,5888,2048,hk_256x256x64,77.8,0.0793,0.0802,0.0782,0.0020,0.0156,PASS,10,133.4,58.3
256,6016,1024,hk_128x128x64,112.5,0.0280,0.0278,0.0268,0.0004,0.0078,PASS,10,94.9,118.6
256,6144,1024,hk_128x128x64,113.3,0.0284,0.0286,0.0275,0.0013,0.0078,PASS,10,95.5,118.6
256,6144,1024,hk_256x256x64,67.9,0.0474,0.0473,0.0456,0.0010,0.0078,PASS,10,95.5,71.1
256,6656,1024,hk_128x128x64,122.1,0.0286,0.0285,0.0278,0.0005,0.0078,PASS,10,102.0,119.6
256,6656,1024,hk_256x256x64,72.6,0.0481,0.0489,0.0466,0.0023,0.0078,PASS,10,102.0,71.1
256,7296,64,hk_128x128x64,25.9,0.0092,0.0100,0.0083,0.0020,0.0020,PASS,10,10.9,238.7
256,7296,1024,hk_128x128x64,125.7,0.0304,0.0308,0.0298,0.0015,0.0078,PASS,10,113.3,110.9
256,7424,4096,hk_128x128x64,170.2,0.0915,0.0916,0.0905,0.0009,0.0156,PASS,10,202.8,84.0
256,7424,4096,hk_256x256x64,106.3,0.1464,0.1463,0.1439,0.0013,0.0156,PASS,10,202.8,52.4
256,7552,8192,hk_128x128x64,141.8,0.2233,0.2224,0.2171,0.0025,0.0312,PASS,10,252.3,56.2
256,7680,256,hk_128x128x64,74.9,0.0134,0.0133,0.0126,0.0004,0.0039,PASS,10,41.4,180.9
256,7680,256,hk_256x256x64,44.5,0.0226,0.0226,0.0219,0.0005,0.0039,PASS,10,41.4,107.4
256,7680,1024,hk_128x128x64,139.3,0.0289,0.0289,0.0282,0.0003,0.0078,PASS,10,111.6,124.8
256,7680,1024,hk_256x256x64,80.7,0.0499,0.0487,0.0470,0.0013,0.0078,PASS,10,111.6,72.3
256,7808,512,hk_128x128x64,111.7,0.0183,0.0186,0.0175,0.0010,0.0078,PASS,10,73.6,151.9
256,7808,2048,hk_128x128x64,159.3,0.0514,0.0515,0.0505,0.0012,0.0156,PASS,10,166.8,95.5
256,7936,512,hk_128x128x64,112.1,0.0186,0.0184,0.0177,0.0004,0.0078,PASS,10,74.4,150.5
256,7936,512,hk_256x256x64,67.9,0.0306,0.0307,0.0303,0.0003,0.0078,PASS,10,74.4,91.2
256,7936,4096,hk_128x128x64,181.7,0.0916,0.0917,0.0890,0.0017,0.0156,PASS,10,209.1,86.9
256,7936,4096,hk_256x256x64,112.8,0.1476,0.1484,0.1453,0.0030,0.0156,PASS,10,209.1,53.9
256,8064,512,hk_128x128x64,115.6,0.0183,0.0186,0.0178,0.0008,0.0078,PASS,10,77.1,150.0
256,8192,64,hk_128x128x64,28.4,0.0095,0.0094,0.0087,0.0003,0.0020,PASS,10,11.9,239.0
256,8192,64,hk_256x256x64,19.1,0.0140,0.0141,0.0135,0.0004,0.0020,PASS,10,11.9,161.1
256,8192,1024,hk_128x128x64,145.8,0.0295,0.0293,0.0279,0.0011,0.0078,PASS,10,114.8,126.9
256,8192,1024,hk_256x256x64,88.8,0.0484,0.0493,0.0475,0.0025,0.0078,PASS,10,114.8,77.4
384,384,8192,hk_128x128x64,12.9,0.1877,0.1882,0.1845,0.0033,0.0312,PASS,10,63.5,20.3
384,384,8192,hk_192x192x64,8.6,0.2803,0.2780,0.2703,0.0044,0.0312,PASS,10,63.5,13.6
384,512,128,hk_128x128x64,5.3,0.0096,0.0097,0.0088,0.0007,0.0039,PASS,10,2.3,223.8
384,576,6144,hk_192x192x64,12.5,0.2181,0.2182,0.2088,0.0064,0.0156,PASS,10,72.3,17.2
384,640,4096,hk_128x128x64,28.5,0.0707,0.0708,0.0689,0.0017,0.0156,PASS,10,57.3,49.7
384,768,512,hk_128x128x64,20.0,0.0151,0.0154,0.0147,0.0006,0.0078,PASS,10,13.7,145.6
384,768,512,hk_192x192x64,14.4,0.0210,0.0208,0.0202,0.0003,0.0078,PASS,10,13.7,105.0
384,896,64,hk_128x128x64,5.2,0.0084,0.0089,0.0075,0.0018,0.0020,PASS,10,2.0,257.6
384,896,1024,hk_128x128x64,29.1,0.0242,0.0246,0.0235,0.0015,0.0078,PASS,10,28.8,101.0
384,960,768,hk_192x192x64,16.5,0.0344,0.0345,0.0328,0.0015,0.0078,PASS,10,25.2,65.3
384,1024,64,hk_128x128x64,6.0,0.0085,0.0086,0.0073,0.0011,0.0020,PASS,10,2.3,257.4
384,1024,128,hk_128x128x64,10.7,0.0094,0.0092,0.0083,0.0005,0.0039,PASS,10,4.6,230.6
384,1152,384,hk_128x128x64,24.5,0.0139,0.0142,0.0130,0.0013,0.0039,PASS,10,15.4,159.5
384,1152,384,hk_192x192x64,18.3,0.0186,0.0186,0.0175,0.0010,0.0039,PASS,10,15.4,119.0
384,1152,512,hk_128x128x64,28.9,0.0157,0.0167,0.0149,0.0021,0.0078,PASS,10,20.3,142.2
384,1152,512,hk_192x192x64,21.7,0.0209,0.0208,0.0202,0.0004,0.0078,PASS,10,20.3,106.7
384,1408,128,hk_128x128x64,14.6,0.0095,0.0092,0.0085,0.0004,0.0039,PASS,10,6.5,224.9
384,1408,256,hk_128x128x64,23.6,0.0117,0.0126,0.0107,0.0023,0.0039,PASS,10,12.5,189.7
384,1408,4096,hk_128x128x64,61.7,0.0718,0.0722,0.0694,0.0024,0.0156,PASS,10,103.7,59.5
384,1536,6144,hk_128x128x64,42.3,0.1712,0.1707,0.1683,0.0021,0.0156,PASS,10,132.2,32.0
384,1536,6144,hk_192x192x64,33.3,0.2174,0.2187,0.2160,0.0024,0.0156,PASS,10,132.2,25.2
384,1664,2048,hk_128x128x64,60.2,0.0435,0.0435,0.0429,0.0005,0.0156,PASS,10,80.0,75.3
384,1728,64,hk_192x192x64,8.2,0.0104,0.0107,0.0100,0.0008,0.0020,PASS,10,3.9,209.6
384,1728,3072,hk_192x192x64,37.3,0.1093,0.1105,0.1076,0.0028,0.0156,PASS,10,110.2,33.9
384,1792,4096,hk_128x128x64,75.7,0.0745,0.0751,0.0732,0.0021,0.0156,PASS,10,116.7,64.9
384,1792,8192,hk_128x128x64,60.5,0.1862,0.1869,0.1834,0.0036,0.0312,PASS,10,172.5,35.1
384,1920,768,hk_128x128x64,41.8,0.0271,0.0268,0.0260,0.0006,0.0078,PASS,10,45.6,91.7
384,1920,768,hk_192x192x64,32.9,0.0344,0.0342,0.0330,0.0006,0.0078,PASS,10,45.6,72.1
384,2176,512,hk_128x128x64,52.6,0.0163,0.0168,0.0155,0.0017,0.0078,PASS,10,37.4,140.6
384,2176,4096,hk_128x128x64,90.3,0.0758,0.0760,0.0729,0.0027,0.0156,PASS,10,142.5,63.4
384,2304,128,hk_128x128x64,23.2,0.0098,0.0097,0.0088,0.0005,0.0039,PASS,10,10.3,224.6
384,2304,128,hk_192x192x64,18.3,0.0124,0.0125,0.0120,0.0005,0.0039,PASS,10,10.3,177.3
384,2304,512,hk_128x128x64,55.7,0.0163,0.0172,0.0155,0.0021,0.0078,PASS,10,38.7,143.8
384,2304,512,hk_192x192x64,42.5,0.0213,0.0218,0.0207,0.0016,0.0078,PASS,10,38.7,109.8
384,2304,768,hk_128x128x64,51.3,0.0265,0.0266,0.0254,0.0017,0.0078,PASS,10,51.0,100.5
384,2304,768,hk_192x192x64,39.6,0.0344,0.0346,0.0330,0.0015,0.0078,PASS,10,51.0,77.5
384,2304,3072,hk_128x128x64,62.1,0.0875,0.0881,0.0854,0.0027,0.0156,PASS,10,121.3,51.2
384,2304,3072,hk_192x192x64,49.8,0.1092,0.1093,0.1076,0.0019,0.0156,PASS,10,121.3,41.1
384,2432,2048,hk_128x128x64,87.4,0.0438,0.0440,0.0436,0.0005,0.0156,PASS,10,104.6,83.5
384,2496,384,hk_192x192x64,37.4,0.0197,0.0206,0.0191,0.0027,0.0078,PASS,10,32.0,116.7
384,2496,1536,hk_192x192x64,50.0,0.0589,0.0594,0.0581,0.0017,0.0078,PASS,10,93.0,53.8
384,2496,3072,hk_192x192x64,54.2,0.1086,0.1105,0.1068,0.0036,0.0156,PASS,10,124.1,43.7
384,2560,64,hk_128x128x64,15.1,0.0083,0.0088,0.0079,0.0016,0.0020,PASS,10,5.6,267.3
384,2688,192,hk_128x128x64,38.6,0.0103,0.0115,0.0099,0.0023,0.0039,PASS,10,16.6,232.4
384,2688,192,hk_192x192x64,28.2,0.0141,0.0142,0.0132,0.0009,0.0039,PASS,10,16.6,169.5
384,2816,4096,hk_128x128x64,112.2,0.0790,0.0793,0.0773,0.0021,0.0156,PASS,10,163.2,68.7
384,2880,64,hk_192x192x64,13.2,0.0107,0.0110,0.0097,0.0013,0.0020,PASS,10,6.0,221.3
384,2880,192,hk_192x192x64,31.1,0.0137,0.0135,0.0130,0.0003,0.0039,PASS,10,17.1,181.2
384,2880,1536,hk_192x192x64,57.9,0.0587,0.0589,0.0571,0.0015,0.0078,PASS,10,102.6,56.5
384,2880,3072,hk_192x192x64,60.4,0.1125,0.1122,0.1078,0.0029,0.0156,PASS,10,141.5,42.7
384,2944,64,hk_128x128x64,16.9,0.0086,0.0104,0.0080,0.0031,0.0020,PASS,10,6.2,270.1
384,2944,8192,hk_128x128x64,94.1,0.1968,0.1976,0.1920,0.0046,0.0312,PASS,10,222.5,42.3
384,3072,192,hk_128x128x64,41.7,0.0109,0.0109,0.0099,0.0008,0.0039,PASS,10,20.5,203.7
384,3072,192,hk_192x192x64,31.7,0.0143,0.0140,0.0128,0.0006,0.0039,PASS,10,20.5,155.1
384,3072,768,hk_128x128x64,67.1,0.0270,0.0273,0.0264,0.0010,0.0078,PASS,10,64.9,103.3
384,3072,768,hk_192x192x64,52.9,0.0343,0.0346,0.0327,0.0024,0.0078,PASS,10,64.9,81.4
384,3072,1536,hk_128x128x64,77.2,0.0469,0.0474,0.0455,0.0020,0.0078,PASS,10,101.6,76.0
384,3072,1536,hk_192x192x64,61.7,0.0588,0.0586,0.0578,0.0005,0.0078,PASS,10,101.6,60.7
384,3200,128,hk_128x128x64,31.8,0.0099,0.0103,0.0095,0.0013,0.0039,PASS,10,14.0,226.7
384,3264,1536,hk_192x192x64,63.6,0.0605,0.0601,0.0578,0.0019,0.0078,PASS,10,108.0,58.9
384,3456,64,hk_128x128x64,19.5,0.0087,0.0091,0.0078,0.0019,0.0020,PASS,10,7.2,272.3
384,3456,64,hk_192x192x64,15.9,0.0107,0.0109,0.0097,0.0016,0.0020,PASS,10,7.2,222.2
384,3456,1024,hk_128x128x64,104.8,0.0259,0.0261,0.0254,0.0005,0.0078,PASS,10,90.4,115.9
384,3456,1024,hk_192x192x64,76.9,0.0353,0.0350,0.0334,0.0014,0.0078,PASS,10,90.4,85.1
384,3648,6144,hk_192x192x64,80.1,0.2149,0.2159,0.2142,0.0017,0.0156,PASS,10,205.2,39.0
384,3712,128,hk_128x128x64,35.8,0.0102,0.0100,0.0089,0.0005,0.0039,PASS,10,16.4,218.5
384,3840,8192,hk_128x128x64,116.3,0.2077,0.2080,0.2041,0.0028,0.0312,PASS,10,244.5,47.6
384,3840,8192,hk_192x192x64,86.8,0.2784,0.2774,0.2722,0.0035,0.0312,PASS,10,244.5,35.5
384,3968,256,hk_128x128x64,62.4,0.0125,0.0125,0.0118,0.0005,0.0039,PASS,10,35.3,176.9
384,3968,8192,hk_128x128x64,119.2,0.2094,0.2100,0.2060,0.0035,0.0312,PASS,10,240.1,49.6
384,4032,64,hk_192x192x64,18.3,0.0108,0.0110,0.0106,0.0007,0.0020,PASS,10,9.1,201.1
384,4096,2048,hk_128x128x64,138.4,0.0465,0.0462,0.0441,0.0011,0.0156,PASS,10,140.7,98.4
384,4352,4096,hk_128x128x64,166.5,0.0822,0.0822,0.0802,0.0013,0.0156,PASS,10,202.2,82.4
384,4480,1024,hk_128x128x64,126.8,0.0278,0.0279,0.0273,0.0004,0.0078,PASS,10,109.8,115.4
384,4480,4096,hk_128x128x64,169.9,0.0830,0.0839,0.0821,0.0026,0.0156,PASS,10,215.3,78.9
384,4608,64,hk_128x128x64,24.8,0.0091,0.0095,0.0087,0.0013,0.0020,PASS,10,10.3,240.4
384,4608,64,hk_192x192x64,20.9,0.0108,0.0110,0.0100,0.0012,0.0020,PASS,10,10.3,203.0
384,4608,2048,hk_128x128x64,153.7,0.0471,0.0467,0.0452,0.0009,0.0156,PASS,10,151.8,101.3
384,4608,2048,hk_192x192x64,119.3,0.0607,0.0618,0.0595,0.0023,0.0156,PASS,10,151.8,78.6
384,4608,3072,hk_128x128x64,118.6,0.0917,0.0919,0.0892,0.0024,0.0156,PASS,10,185.1,64.1
384,4608,3072,hk_192x192x64,98.3,0.1106,0.1114,0.1097,0.0023,0.0156,PASS,10,185.1,53.1
384,4608,4096,hk_128x128x64,177.1,0.0818,0.0824,0.0801,0.0027,0.0156,PASS,10,199.8,88.7
384,4608,4096,hk_192x192x64,134.8,0.1075,0.1071,0.1035,0.0029,0.0156,PASS,10,199.8,67.5
384,4736,256,hk_128x128x64,71.5,0.0130,0.0129,0.0122,0.0004,0.0039,PASS,10,40.8,175.1
384,4736,512,hk_128x128x64,106.8,0.0174,0.0175,0.0168,0.0004,0.0078,PASS,10,71.4,149.7
384,4864,64,hk_128x128x64,26.7,0.0089,0.0092,0.0078,0.0017,0.0020,PASS,10,10.7,250.2
384,4864,4096,hk_128x128x64,174.3,0.0878,0.0887,0.0849,0.0035,0.0156,PASS,10,214.4,81.3
384,4864,8192,hk_128x128x64,141.4,0.2164,0.2155,0.2118,0.0024,0.0312,PASS,10,271.8,52.0
384,4992,128,hk_128x128x64,48.0,0.0102,0.0102,0.0095,0.0004,0.0039,PASS,10,22.6,212.1
384,4992,128,hk_192x192x64,37.5,0.0131,0.0128,0.0121,0.0004,0.0039,PASS,10,22.6,166.0
384,4992,384,hk_128x128x64,96.6,0.0152,0.0153,0.0145,0.0008,0.0039,PASS,10,59.7,161.8
384,4992,384,hk_192x192x64,72.7,0.0202,0.0202,0.0193,0.0005,0.0039,PASS,10,59.7,121.8
384,4992,1024,hk_128x128x64,141.5,0.0277,0.0287,0.0273,0.0022,0.0078,PASS,10,120.1,117.8
384,4992,1024,hk_192x192x64,109.9,0.0357,0.0360,0.0343,0.0020,0.0078,PASS,10,120.1,91.5
384,4992,6144,hk_128x128x64,122.9,0.1916,0.1906,0.1870,0.0023,0.0156,PASS,10,251.7,48.8
384,4992,6144,hk_192x192x64,100.4,0.2346,0.2340,0.2300,0.0023,0.0156,PASS,10,251.7,39.9
384,5184,64,hk_192x192x64,23.2,0.0110,0.0111,0.0099,0.0010,0.0020,PASS,10,10.5,220.8
384,5184,768,hk_192x192x64,83.4,0.0366,0.0366,0.0357,0.0005,0.0078,PASS,10,95.2,87.6
384,5248,256,hk_128x128x64,78.0,0.0132,0.0135,0.0125,0.0014,0.0039,PASS,10,44.8,173.9
384,5248,1024,hk_128x128x64,151.2,0.0273,0.0280,0.0267,0.0020,0.0078,PASS,10,126.3,119.7
384,5248,8192,hk_128x128x64,159.1,0.2075,0.2082,0.2050,0.0023,0.0312,PASS,10,278.6,57.1
384,5376,192,hk_128x128x64,67.0,0.0118,0.0118,0.0109,0.0006,0.0039,PASS,10,31.7,211.5
384,5376,192,hk_192x192x64,53.3,0.0149,0.0149,0.0138,0.0011,0.0039,PASS,10,31.7,168.2
384,5568,384,hk_192x192x64,79.1,0.0208,0.0210,0.0195,0.0015,0.0078,PASS,10,60.8,130.1
384,5632,4096,hk_128x128x64,203.2,0.0872,0.0879,0.0853,0.0020,0.0156,PASS,10,227.2,89.4
384,5760,128,hk_128x128x64,51.7,0.0109,0.0107,0.0099,0.0004,0.0039,PASS,10,25.4,203.7
384,5760,128,hk_192x192x64,42.3,0.0134,0.0135,0.0123,0.0009,0.0039,PASS,10,25.4,166.5
384,5888,512,hk_128x128x64,124.5,0.0186,0.0193,0.0177,0.0020,0.0078,PASS,10,83.6,148.9
384,5888,1024,hk_128x128x64,162.9,0.0284,0.0288,0.0274,0.0018,0.0078,PASS,10,128.6,126.7
384,5952,6144,hk_192x192x64,120.7,0.2327,0.2327,0.2288,0.0032,0.0156,PASS,10,264.9,45.5
384,6016,128,hk_128x128x64,54.0,0.0109,0.0109,0.0102,0.0002,0.0039,PASS,10,26.4,204.4
384,6144,64,hk_128x128x64,31.8,0.0095,0.0094,0.0083,0.0005,0.0020,PASS,10,13.4,237.1
384,6144,64,hk_192x192x64,26.3,0.0115,0.0116,0.0105,0.0010,0.0020,PASS,10,13.4,196.5
384,6272,4096,hk_128x128x64,212.0,0.0931,0.0930,0.0905,0.0013,0.0156,PASS,10,253.8,83.5
384,6400,4096,hk_128x128x64,211.0,0.0954,0.0950,0.0927,0.0012,0.0156,PASS,10,253.7,83.2
384,6528,8192,hk_128x128x64,187.0,0.2196,0.2191,0.2145,0.0022,0.0312,PASS,10,317.5,58.9
384,6528,8192,hk_192x192x64,147.2,0.2790,0.2782,0.2756,0.0020,0.0312,PASS,10,317.5,46.4
384,6656,2048,hk_128x128x64,212.8,0.0492,0.0495,0.0481,0.0011,0.0156,PASS,10,194.0,109.7
384,6656,8192,hk_128x128x64,191.1,0.2192,0.2185,0.2160,0.0017,0.0312,PASS,10,298.3,64.0
384,6912,64,hk_128x128x64,35.6,0.0095,0.0094,0.0087,0.0004,0.0020,PASS,10,15.4,231.5
384,6912,64,hk_192x192x64,29.3,0.0116,0.0113,0.0104,0.0004,0.0020,PASS,10,15.4,190.7
384,7040,4096,hk_128x128x64,239.6,0.0924,0.0921,0.0881,0.0019,0.0156,PASS,10,253.4,94.6
384,7040,8192,hk_128x128x64,198.4,0.2232,0.2234,0.2200,0.0019,0.0312,PASS,10,327.5,60.6
384,7296,64,hk_128x128x64,35.6,0.0101,0.0100,0.0089,0.0011,0.0020,PASS,10,14.2,251.4
384,7296,64,hk_192x192x64,32.5,0.0110,0.0110,0.0103,0.0005,0.0020,PASS,10,14.2,229.5
384,7296,4096,hk_128x128x64,237.0,0.0968,0.0963,0.0939,0.0012,0.0156,PASS,10,264.1,89.8
384,7296,4096,hk_192x192x64,190.6,0.1204,0.1215,0.1189,0.0022,0.0156,PASS,10,264.1,72.2
384,7424,8192,hk_128x128x64,203.7,0.2293,0.2288,0.2207,0.0030,0.0312,PASS,10,320.1,63.6
384,7552,256,hk_128x128x64,101.7,0.0146,0.0147,0.0138,0.0012,0.0039,PASS,10,58.0,175.3
384,7680,128,hk_128x128x64,65.2,0.0116,0.0113,0.0105,0.0005,0.0039,PASS,10,31.3,208.3
384,7680,128,hk_192x192x64,53.8,0.0140,0.0142,0.0134,0.0008,0.0039,PASS,10,31.3,172.0
384,7936,512,hk_128x128x64,157.2,0.0198,0.0199,0.0191,0.0005,0.0078,PASS,10,103.2,152.3
384,8064,64,hk_128x128x64,39.9,0.0099,0.0109,0.0089,0.0028,0.0020,PASS,10,17.4,228.6
384,8064,64,hk_192x192x64,35.3,0.0112,0.0115,0.0103,0.0011,0.0020,PASS,10,17.4,202.5
384,8064,512,hk_128x128x64,161.1,0.0197,0.0200,0.0185,0.0017,0.0078,PASS,10,94.7,170.1
384,8064,512,hk_192x192x64,131.8,0.0241,0.0240,0.0235,0.0004,0.0078,PASS,10,94.7,139.2
384,8192,64,hk_128x128x64,41.0,0.0098,0.0100,0.0092,0.0008,0.0020,PASS,10,15.9,258.0
512,512,128,hk_128x128x64,7.2,0.0093,0.0097,0.0083,0.0016,0.0039,PASS,10,3.1,230.5
512,512,128,hk_256x256x64,4.0,0.0168,0.0175,0.0166,0.0018,0.0039,PASS,10,3.1,127.9
512,512,2048,hk_128x128x64,26.5,0.0405,0.0412,0.0400,0.0019,0.0156,PASS,10,38.5,68.9
512,512,2048,hk_256x256x64,14.1,0.0764,0.0762,0.0754,0.0007,0.0156,PASS,10,38.5,36.5
512,640,64,hk_128x128x64,5.0,0.0085,0.0093,0.0077,0.0022,0.0020,PASS,10,1.9,265.9
512,768,128,hk_128x128x64,10.9,0.0093,0.0097,0.0084,0.0013,0.0039,PASS,10,4.6,233.8
512,768,128,hk_256x256x64,6.3,0.0159,0.0159,0.0152,0.0004,0.0039,PASS,10,4.6,136.4
512,896,256,hk_128x128x64,20.2,0.0116,0.0119,0.0105,0.0018,0.0039,PASS,10,10.6,191.0
512,896,1024,hk_128x128x64,38.5,0.0244,0.0245,0.0232,0.0013,0.0078,PASS,10,38.4,100.3
512,1024,1024,hk_128x128x64,44.5,0.0241,0.0248,0.0235,0.0016,0.0078,PASS,10,43.1,103.3
512,1024,1024,hk_256x256x64,23.7,0.0454,0.0461,0.0444,0.0020,0.0078,PASS,10,43.1,54.9
512,1024,2048,hk_128x128x64,52.5,0.0409,0.0418,0.0404,0.0021,0.0156,PASS,10,64.5,81.3
512,1024,2048,hk_256x256x64,27.9,0.0769,0.0768,0.0759,0.0006,0.0156,PASS,10,64.5,43.3
512,1152,512,hk_128x128x64,36.7,0.0165,0.0168,0.0151,0.0016,0.0078,PASS,10,27.4,133.8
512,1152,8192,hk_128x128x64,51.5,0.1875,0.1880,0.1841,0.0033,0.0312,PASS,10,160.2,32.2
512,1280,128,hk_128x128x64,17.7,0.0095,0.0097,0.0086,0.0011,0.0039,PASS,10,7.5,234.6
512,1280,128,hk_256x256x64,9.9,0.0169,0.0172,0.0158,0.0017,0.0039,PASS,10,7.5,132.1
512,1408,64,hk_128x128x64,10.7,0.0086,0.0091,0.0073,0.0018,0.0020,PASS,10,4.1,262.8
512,1408,1024,hk_128x128x64,57.5,0.0257,0.0260,0.0252,0.0010,0.0078,PASS,10,56.7,101.4
512,1792,4096,hk_128x128x64,100.6,0.0747,0.0755,0.0728,0.0026,0.0156,PASS,10,149.3,67.4
512,1792,4096,hk_256x256x64,53.5,0.1404,0.1423,0.1399,0.0044,0.0156,PASS,10,149.3,35.9
512,1920,256,hk_128x128x64,41.3,0.0122,0.0127,0.0116,0.0016,0.0039,PASS,10,23.0,179.3
512,2048,256,hk_128x128x64,43.3,0.0124,0.0122,0.0115,0.0004,0.0039,PASS,10,24.8,174.4
512,2048,256,hk_256x256x64,24.3,0.0221,0.0228,0.0206,0.0024,0.0039,PASS,10,24.8,97.8
512,2048,8192,hk_128x128x64,86.3,0.1991,0.1991,0.1956,0.0023,0.0312,PASS,10,211.3,40.8
512,2048,8192,hk_256x256x64,49.4,0.3481,0.3478,0.3442,0.0024,0.0312,PASS,10,211.3,23.4
512,2304,128,hk_128x128x64,30.4,0.0099,0.0100,0.0094,0.0005,0.0039,PASS,10,13.9,218.5
512,2304,128,hk_256x256x64,17.4,0.0173,0.0173,0.0166,0.0007,0.0039,PASS,10,13.9,125.5
512,2432,128,hk_128x128x64,31.7,0.0101,0.0106,0.0093,0.0015,0.0039,PASS,10,14.4,219.9
512,2560,256,hk_128x128x64,51.7,0.0130,0.0132,0.0117,0.0018,0.0039,PASS,10,29.1,177.5
512,2560,256,hk_256x256x64,31.1,0.0216,0.0219,0.0211,0.0012,0.0039,PASS,10,29.1,106.9
512,2560,4096,hk_128x128x64,140.8,0.0763,0.0765,0.0739,0.0019,0.0156,PASS,10,172.9,81.4
512,2560,4096,hk_256x256x64,76.3,0.1407,0.1428,0.1402,0.0047,0.0156,PASS,10,172.9,44.1
512,2688,64,hk_128x128x64,20.5,0.0086,0.0087,0.0077,0.0008,0.0020,PASS,10,7.9,258.4
512,2688,256,hk_128x128x64,56.5,0.0125,0.0124,0.0119,0.0004,0.0039,PASS,10,31.4,180.1
512,2816,64,hk_128x128x64,20.5,0.0090,0.0096,0.0086,0.0018,0.0020,PASS,10,8.3,247.6
512,2816,64,hk_256x256x64,13.7,0.0134,0.0138,0.0125,0.0016,0.0020,PASS,10,8.3,166.3
512,2816,128,hk_128x128x64,36.7,0.0101,0.0104,0.0091,0.0017,0.0039,PASS,10,16.4,223.1
512,2816,128,hk_256x256x64,21.8,0.0170,0.0174,0.0158,0.0018,0.0039,PASS,10,16.4,132.4
512,2944,64,hk_128x128x64,22.2,0.0087,0.0091,0.0075,0.0019,0.0020,PASS,10,8.7,254.4
512,3072,128,hk_128x128x64,39.7,0.0101,0.0105,0.0093,0.0017,0.0039,PASS,10,18.1,219.4
512,3072,128,hk_256x256x64,24.3,0.0166,0.0169,0.0157,0.0013,0.0039,PASS,10,18.1,134.1
512,3072,8192,hk_128x128x64,129.7,0.1986,0.1984,0.1940,0.0033,0.0312,PASS,10,249.2,52.1
512,3072,8192,hk_256x256x64,73.7,0.3496,0.3499,0.3471,0.0017,0.0312,PASS,10,249.2,29.6
512,3456,4096,hk_128x128x64,181.0,0.0801,0.0802,0.0786,0.0013,0.0156,PASS,10,209.6,86.4
512,3712,1024,hk_128x128x64,136.5,0.0285,0.0285,0.0277,0.0005,0.0078,PASS,10,123.2,110.8
512,3840,8192,hk_128x128x64,146.7,0.2196,0.2194,0.2162,0.0024,0.0312,PASS,10,288.4,50.9
512,3840,8192,hk_256x256x64,89.9,0.3582,0.3584,0.3545,0.0030,0.0312,PASS,10,288.4,31.2
512,3968,128,hk_128x128x64,48.9,0.0106,0.0109,0.0100,0.0010,0.0039,PASS,10,23.1,212.1
512,3968,4096,hk_128x128x64,193.5,0.0860,0.0862,0.0831,0.0025,0.0156,PASS,10,237.8,81.4
512,4096,8192,hk_128x128x64,163.3,0.2104,0.2106,0.2079,0.0025,0.0312,PASS,10,301.6,54.2
512,4096,8192,hk_256x256x64,95.9,0.3585,0.3597,0.3546,0.0043,0.0312,PASS,10,301.6,31.8
512,4608,4096,hk_128x128x64,219.5,0.0880,0.0880,0.0844,0.0017,0.0156,PASS,10,247.3,88.8
512,4608,4096,hk_256x256x64,133.1,0.1452,0.1483,0.1419,0.0065,0.0156,PASS,10,247.3,53.8
512,4736,64,hk_128x128x64,34.1,0.0091,0.0094,0.0083,0.0012,0.0020,PASS,10,12.9,264.8
512,4736,256,hk_128x128x64,92.2,0.0135,0.0134,0.0129,0.0003,0.0039,PASS,10,52.8,174.7
512,4736,512,hk_128x128x64,130.1,0.0191,0.0190,0.0187,0.0002,0.0078,PASS,10,90.4,143.9
512,4736,8192,hk_128x128x64,184.5,0.2154,0.2153,0.2103,0.0020,0.0312,PASS,10,312.7,59.0
512,4864,1024,hk_128x128x64,177.7,0.0287,0.0287,0.0281,0.0005,0.0078,PASS,10,138.4,128.4
512,4864,1024,hk_256x256x64,99.3,0.0514,0.0509,0.0488,0.0018,0.0078,PASS,10,138.4,71.7
512,4992,64,hk_128x128x64,35.0,0.0093,0.0096,0.0088,0.0010,0.0020,PASS,10,13.6,257.1
512,5120,128,hk_128x128x64,60.2,0.0111,0.0118,0.0102,0.0020,0.0039,PASS,10,29.1,207.2
512,5120,128,hk_256x256x64,38.2,0.0176,0.0175,0.0169,0.0005,0.0039,PASS,10,29.1,131.5
512,5120,256,hk_128x128x64,98.7,0.0136,0.0143,0.0128,0.0024,0.0039,PASS,10,54.7,180.5
512,5120,256,hk_256x256x64,59.7,0.0225,0.0226,0.0215,0.0012,0.0039,PASS,10,54.7,109.1
512,5248,1024,hk_128x128x64,188.0,0.0293,0.0297,0.0283,0.0018,0.0078,PASS,10,138.2,136.0
512,5376,64,hk_128x128x64,36.6,0.0096,0.0099,0.0085,0.0012,0.0020,PASS,10,14.9,245.8
512,5376,64,hk_256x256x64,24.3,0.0145,0.0151,0.0133,0.0021,0.0020,PASS,10,14.9,163.4
512,5376,128,hk_128x128x64,65.1,0.0108,0.0111,0.0100,0.0013,0.0039,PASS,10,29.1,223.3
512,5376,128,hk_256x256x64,41.5,0.0170,0.0175,0.0164,0.0016,0.0039,PASS,10,29.1,142.2
512,5376,1024,hk_128x128x64,192.3,0.0293,0.0299,0.0291,0.0018,0.0078,PASS,10,140.7,136.7
512,5376,1024,hk_256x256x64,119.0,0.0474,0.0489,0.0461,0.0034,0.0078,PASS,10,140.7,84.5
512,5376,8192,hk_128x128x64,203.7,0.2214,0.2209,0.2135,0.0027,0.0312,PASS,10,311.0,65.5
512,5376,8192,hk_256x256x64,124.6,0.3619,0.3618,0.3565,0.0032,0.0312,PASS,10,311.0,40.1
512,5504,2048,hk_128x128x64,224.8,0.0514,0.0515,0.0497,0.0012,0.0156,PASS,10,201.2,111.7
512,5632,256,hk_128x128x64,103.2,0.0143,0.0142,0.0136,0.0004,0.0039,PASS,10,51.4,200.6
512,5632,256,hk_256x256x64,62.9,0.0235,0.0236,0.0232,0.0004,0.0039,PASS,10,51.4,122.4
512,5632,1024,hk_128x128x64,192.3,0.0307,0.0308,0.0287,0.0018,0.0078,PASS,10,146.7,131.1
512,5632,1024,hk_256x256x64,117.9,0.0501,0.0508,0.0483,0.0025,0.0078,PASS,10,146.7,80.4
512,5760,128,hk_128x128x64,66.3,0.0114,0.0120,0.0108,0.0017,0.0039,PASS,10,32.5,203.9
512,5760,256,hk_128x128x64,109.8,0.0138,0.0141,0.0130,0.0018,0.0039,PASS,10,59.4,184.8
512,5888,128,hk_128x128x64,68.7,0.0112,0.0119,0.0106,0.0024,0.0039,PASS,10,32.7,210.0
512,5888,128,hk_256x256x64,44.5,0.0174,0.0179,0.0171,0.0015,0.0039,PASS,10,32.7,135.8
512,5888,4096,hk_128x128x64,263.2,0.0938,0.0934,0.0905,0.0016,0.0156,PASS,10,263.8,99.8
512,5888,4096,hk_256x256x64,168.1,0.1469,0.1500,0.1454,0.0051,0.0156,PASS,10,263.8,63.7
512,5888,8192,hk_128x128x64,220.6,0.2239,0.2234,0.2207,0.0018,0.0312,PASS,10,309.1,71.4
512,5888,8192,hk_256x256x64,136.0,0.3632,0.3635,0.3586,0.0040,0.0312,PASS,10,309.1,44.0
512,6016,4096,hk_128x128x64,275.6,0.0916,0.0917,0.0899,0.0015,0.0156,PASS,10,261.9,105.2
512,6144,512,hk_128x128x64,161.7,0.0199,0.0205,0.0194,0.0019,0.0078,PASS,10,101.3,159.6
512,6144,512,hk_256x256x64,99.9,0.0322,0.0327,0.0311,0.0018,0.0078,PASS,10,101.3,98.6
512,6528,8192,hk_128x128x64,240.6,0.2276,0.2281,0.2248,0.0023,0.0312,PASS,10,340.6,70.6
512,6656,64,hk_128x128x64,42.5,0.0103,0.0104,0.0096,0.0006,0.0020,PASS,10,18.0,236.7
512,6656,64,hk_256x256x64,29.6,0.0147,0.0146,0.0137,0.0004,0.0020,PASS,10,18.0,165.1
512,6656,2048,hk_128x128x64,252.5,0.0553,0.0555,0.0544,0.0013,0.0156,PASS,10,231.0,109.3
512,6656,2048,hk_256x256x64,154.7,0.0902,0.0873,0.0822,0.0038,0.0156,PASS,10,231.0,67.0
512,6784,512,hk_128x128x64,178.9,0.0199,0.0204,0.0190,0.0018,0.0078,PASS,10,116.0,154.2
512,6912,256,hk_128x128x64,123.5,0.0147,0.0149,0.0142,0.0012,0.0039,PASS,10,66.9,184.7
512,6912,256,hk_256x256x64,78.3,0.0231,0.0230,0.0218,0.0006,0.0039,PASS,10,66.9,117.2
512,7296,64,hk_128x128x64,45.9,0.0104,0.0109,0.0092,0.0015,0.0020,PASS,10,21.0,218.1
512,7552,64,hk_128x128x64,48.8,0.0101,0.0105,0.0095,0.0016,0.0020,PASS,10,22.2,219.4
512,7552,8192,hk_128x128x64,274.7,0.2307,0.2300,0.2220,0.0030,0.0312,PASS,10,357.3,76.9
512,7680,128,hk_128x128x64,78.7,0.0128,0.0131,0.0127,0.0007,0.0039,PASS,10,37.9,207.8
512,7680,128,hk_256x256x64,53.2,0.0189,0.0189,0.0186,0.0002,0.0039,PASS,10,37.9,140.5
512,7680,4096,hk_128x128x64,310.3,0.1038,0.1033,0.0999,0.0017,0.0156,PASS,10,309.9,100.2
512,7680,4096,hk_256x256x64,202.6,0.1590,0.1617,0.1575,0.0050,0.0156,PASS,10,309.9,65.4
512,7808,64,hk_128x128x64,49.1,0.0104,0.0104,0.0098,0.0003,0.0020,PASS,10,18.4,266.1
512,7808,8192,hk_128x128x64,282.9,0.2315,0.2289,0.2144,0.0054,0.0312,PASS,10,358.6,78.9
512,7936,8192,hk_128x128x64,283.2,0.2351,0.2337,0.2234,0.0045,0.0312,PASS,10,380.0,74.5
512,7936,8192,hk_256x256x64,176.8,0.3765,0.3777,0.3685,0.0064,0.0312,PASS,10,380.0,46.5
512,8064,64,hk_128x128x64,50.5,0.0105,0.0105,0.0098,0.0008,0.0020,PASS,10,17.8,283.9
512,8064,8192,hk_128x128x64,283.5,0.2386,0.2363,0.2240,0.0052,0.0312,PASS,10,359.7,78.8
512,8192,512,hk_128x128x64,193.7,0.0222,0.0221,0.0216,0.0003,0.0078,PASS,10,122.0,158.8
512,8192,512,hk_256x256x64,126.2,0.0340,0.0337,0.0324,0.0009,0.0078,PASS,10,122.0,103.4
512,8192,4096,hk_128x128x64,325.6,0.1055,0.1060,0.1031,0.0023,0.0156,PASS,10,320.9,101.5
512,8192,4096,hk_256x256x64,213.6,0.1609,0.1624,0.1591,0.0045,0.0156,PASS,10,320.9,66.6
576,576,192,hk_192x192x64,9.8,0.0130,0.0133,0.0128,0.0006,0.0039,PASS,10,5.7,170.5
576,576,384,hk_192x192x64,14.3,0.0178,0.0177,0.0172,0.0004,0.0039,PASS,10,11.7,122.5
576,576,3072,hk_192x192x64,18.1,0.1125,0.1119,0.1082,0.0022,0.0156,PASS,10,67.1,27.0
576,576,6144,hk_192x192x64,19.0,0.2151,0.2153,0.2106,0.0029,0.0156,PASS,10,101.3,18.7
576,768,768,hk_192x192x64,20.2,0.0337,0.0337,0.0325,0.0008,0.0078,PASS,10,29.5,68.4
576,768,1536,hk_192x192x64,22.2,0.0611,0.0610,0.0590,0.0010,0.0078,PASS,10,48.0,46.3
576,1152,3072,hk_192x192x64,36.5,0.1118,0.1123,0.1094,0.0032,0.0156,PASS,10,104.9,34.7
576,1344,3072,hk_192x192x64,42.4,0.1122,0.1118,0.1099,0.0016,0.0156,PASS,10,123.1,34.4
576,1344,6144,hk_192x192x64,43.3,0.2195,0.2203,0.2166,0.0030,0.0156,PASS,10,164.7,26.3
576,1536,3072,hk_192x192x64,48.3,0.1125,0.1122,0.1105,0.0010,0.0156,PASS,10,126.8,38.1
576,1728,64,hk_192x192x64,12.6,0.0101,0.0101,0.0092,0.0004,0.0020,PASS,10,5.7,218.6
576,1728,384,hk_192x192x64,41.0,0.0186,0.0191,0.0180,0.0013,0.0039,PASS,10,33.6,121.9
576,1728,768,hk_192x192x64,44.7,0.0342,0.0341,0.0333,0.0004,0.0078,PASS,10,58.8,75.9
576,1920,64,hk_192x192x64,14.0,0.0101,0.0106,0.0096,0.0014,0.0020,PASS,10,6.1,230.4
576,2304,384,hk_192x192x64,55.0,0.0185,0.0190,0.0178,0.0018,0.0039,PASS,10,43.8,125.8
576,2688,64,hk_192x192x64,18.8,0.0105,0.0112,0.0099,0.0019,0.0020,PASS,10,8.4,224.3
576,2880,3072,hk_192x192x64,88.6,0.1151,0.1138,0.1107,0.0021,0.0156,PASS,10,181.6,48.8
576,3072,768,hk_192x192x64,77.9,0.0349,0.0351,0.0337,0.0010,0.0078,PASS,10,92.1,84.6
576,3072,1536,hk_192x192x64,91.5,0.0594,0.0596,0.0587,0.0006,0.0156,PASS,10,137.6,66.5
576,3072,3072,hk_192x192x64,95.5,0.1138,0.1147,0.1127,0.0024,0.0156,PASS,10,187.3,51.0
576,3264,3072,hk_192x192x64,101.8,0.1135,0.1144,0.1115,0.0030,0.0156,PASS,10,183.0,55.6
576,3648,192,hk_192x192x64,57.7,0.0140,0.0139,0.0135,0.0003,0.0039,PASS,10,30.1,191.7
576,4032,64,hk_192x192x64,27.4,0.0109,0.0109,0.0099,0.0010,0.0020,PASS,10,12.0,228.0
576,4032,384,hk_192x192x64,93.1,0.0192,0.0197,0.0186,0.0018,0.0078,PASS,10,62.7,148.5
576,4224,192,hk_192x192x64,66.6,0.0140,0.0146,0.0135,0.0017,0.0039,PASS,10,40.3,165.2
576,4416,1536,hk_192x192x64,123.8,0.0631,0.0635,0.0613,0.0021,0.0156,PASS,10,151.7,81.6
576,4608,3072,hk_192x192x64,142.9,0.1141,0.1146,0.1122,0.0027,0.0156,PASS,10,235.8,60.6
576,4800,192,hk_192x192x64,73.8,0.0144,0.0143,0.0135,0.0004,0.0039,PASS,10,38.5,191.4
576,4800,768,hk_192x192x64,115.3,0.0368,0.0370,0.0358,0.0013,0.0078,PASS,10,111.4,103.5
576,4800,3072,hk_192x192x64,145.1,0.1171,0.1173,0.1148,0.0020,0.0156,PASS,10,226.6,64.0
576,4992,64,hk_192x192x64,32.4,0.0113,0.0114,0.0111,0.0004,0.0020,PASS,10,16.7,194.0
576,4992,192,hk_192x192x64,73.6,0.0150,0.0157,0.0139,0.0018,0.0039,PASS,10,48.5,151.9
576,4992,768,hk_192x192x64,124.1,0.0356,0.0360,0.0350,0.0017,0.0078,PASS,10,132.7,93.5
576,4992,1536,hk_192x192x64,138.5,0.0638,0.0646,0.0629,0.0024,0.0156,PASS,10,190.3,72.8
576,5184,768,hk_192x192x64,125.6,0.0365,0.0369,0.0356,0.0019,0.0078,PASS,10,117.8,106.6
576,5760,64,hk_192x192x64,34.8,0.0122,0.0126,0.0107,0.0024,0.0020,PASS,10,19.0,183.6
576,5952,384,hk_192x192x64,121.4,0.0217,0.0227,0.0213,0.0019,0.0039,PASS,10,80.3,151.2
576,5952,1536,hk_192x192x64,162.0,0.0650,0.0654,0.0635,0.0018,0.0078,PASS,10,187.6,86.3
576,6144,192,hk_192x192x64,87.8,0.0155,0.0158,0.0148,0.0013,0.0039,PASS,10,51.0,172.0
576,6144,768,hk_192x192x64,147.2,0.0369,0.0372,0.0357,0.0011,0.0078,PASS,10,149.7,98.4
640,640,64,hk_128x128x64,6.2,0.0085,0.0089,0.0076,0.0019,0.0020,PASS,10,2.4,258.8
640,640,2048,hk_128x128x64,40.4,0.0415,0.0420,0.0406,0.0018,0.0156,PASS,10,57.6,70.1
640,640,4096,hk_128x128x64,47.5,0.0707,0.0720,0.0688,0.0031,0.0156,PASS,10,85.5,55.5
640,768,1024,hk_128x128x64,42.3,0.0238,0.0249,0.0233,0.0018,0.0078,PASS,10,41.2,102.7
640,1024,128,hk_128x128x64,17.0,0.0099,0.0097,0.0088,0.0004,0.0039,PASS,10,7.7,221.1
640,1024,256,hk_128x128x64,28.8,0.0117,0.0123,0.0108,0.0017,0.0039,PASS,10,15.4,187.3
640,1152,512,hk_128x128x64,46.4,0.0163,0.0165,0.0155,0.0015,0.0078,PASS,10,33.5,138.4
640,1152,4096,hk_128x128x64,83.0,0.0728,0.0737,0.0712,0.0025,0.0156,PASS,10,127.7,65.0
640,1152,8192,hk_128x128x64,62.2,0.1942,0.1937,0.1902,0.0027,0.0312,PASS,10,185.1,33.6
640,1280,8192,hk_128x128x64,71.9,0.1868,0.1863,0.1841,0.0018,0.0312,PASS,10,201.1,35.7
640,1408,64,hk_128x128x64,13.9,0.0083,0.0082,0.0077,0.0005,0.0020,PASS,10,5.0,277.8
640,1408,512,hk_128x128x64,54.5,0.0169,0.0170,0.0161,0.0006,0.0078,PASS,10,39.7,137.4
640,1408,2048,hk_128x128x64,85.3,0.0433,0.0442,0.0429,0.0023,0.0156,PASS,10,104.0,82.0
640,1664,128,hk_128x128x64,28.0,0.0097,0.0101,0.0090,0.0016,0.0039,PASS,10,12.4,225.5
640,1792,64,hk_128x128x64,16.8,0.0087,0.0095,0.0082,0.0020,0.0020,PASS,10,6.6,252.8
640,1792,128,hk_128x128x64,30.1,0.0097,0.0101,0.0093,0.0014,0.0039,PASS,10,13.2,228.8
640,1792,256,hk_128x128x64,48.5,0.0121,0.0134,0.0115,0.0020,0.0039,PASS,10,26.2,184.8
640,2432,128,hk_128x128x64,39.1,0.0102,0.0104,0.0090,0.0015,0.0039,PASS,10,17.4,224.4
640,2432,512,hk_128x128x64,93.1,0.0171,0.0168,0.0159,0.0005,0.0078,PASS,10,61.3,152.0
640,2560,2048,hk_128x128x64,151.3,0.0443,0.0446,0.0425,0.0017,0.0156,PASS,10,153.0,98.9
640,2688,64,hk_128x128x64,25.2,0.0087,0.0091,0.0076,0.0019,0.0020,PASS,10,9.9,254.1
640,2816,1024,hk_128x128x64,141.6,0.0261,0.0265,0.0249,0.0018,0.0078,PASS,10,105.5,134.3
640,2816,2048,hk_128x128x64,161.7,0.0457,0.0464,0.0445,0.0024,0.0156,PASS,10,161.1,100.4
640,2816,4096,hk_128x128x64,186.1,0.0793,0.0799,0.0771,0.0025,0.0156,PASS,10,215.6,86.3
640,2816,8192,hk_128x128x64,150.6,0.1961,0.1971,0.1930,0.0030,0.0312,PASS,10,277.7,54.2
640,2944,1024,hk_128x128x64,144.1,0.0268,0.0269,0.0267,0.0003,0.0078,PASS,10,121.5,118.6
640,2944,2048,hk_128x128x64,168.1,0.0459,0.0465,0.0451,0.0022,0.0156,PASS,10,174.7,96.2
640,3072,1024,hk_128x128x64,144.5,0.0279,0.0277,0.0268,0.0004,0.0078,PASS,10,120.0,120.4
640,3200,256,hk_128x128x64,82.5,0.0127,0.0130,0.0117,0.0012,0.0039,PASS,10,45.0,183.3
640,3328,256,hk_128x128x64,81.0,0.0135,0.0139,0.0124,0.0013,0.0039,PASS,10,46.5,174.1
640,3328,512,hk_128x128x64,122.0,0.0179,0.0181,0.0170,0.0009,0.0078,PASS,10,81.4,149.8
640,3328,2048,hk_128x128x64,187.4,0.0465,0.0467,0.0449,0.0016,0.0156,PASS,10,179.5,104.4
640,3456,256,hk_128x128x64,86.6,0.0131,0.0133,0.0123,0.0011,0.0039,PASS,10,48.9,177.3
640,3584,4096,hk_128x128x64,229.0,0.0821,0.0817,0.0801,0.0007,0.0156,PASS,10,248.1,92.3
640,3840,1024,hk_128x128x64,178.8,0.0281,0.0283,0.0271,0.0011,0.0078,PASS,10,143.1,124.9
640,3840,2048,hk_128x128x64,207.8,0.0484,0.0489,0.0476,0.0020,0.0156,PASS,10,199.3,104.3
640,3840,8192,hk_128x128x64,191.6,0.2102,0.2104,0.2084,0.0015,0.0312,PASS,10,329.6,58.1
640,3968,2048,hk_128x128x64,215.1,0.0484,0.0482,0.0471,0.0008,0.0156,PASS,10,209.4,102.7
640,3968,8192,hk_128x128x64,199.4,0.2087,0.2078,0.2060,0.0013,0.0312,PASS,10,332.5,60.0
640,4224,128,hk_128x128x64,63.9,0.0108,0.0107,0.0101,0.0003,0.0039,PASS,10,22.6,283.3
640,4480,128,hk_128x128x64,65.4,0.0112,0.0112,0.0101,0.0008,0.0039,PASS,10,31.1,210.0
640,4608,256,hk_128x128x64,111.8,0.0135,0.0136,0.0130,0.0003,0.0039,PASS,10,58.8,190.2
640,4608,1024,hk_128x128x64,200.9,0.0301,0.0301,0.0291,0.0011,0.0078,PASS,10,149.6,134.3
640,5248,1024,hk_128x128x64,217.2,0.0317,0.0316,0.0305,0.0006,0.0078,PASS,10,166.9,130.1
640,5376,64,hk_128x128x64,44.1,0.0100,0.0103,0.0093,0.0013,0.0020,PASS,10,19.3,228.9
640,5376,2048,hk_128x128x64,262.7,0.0536,0.0537,0.0531,0.0005,0.0156,PASS,10,234.5,112.0
640,5632,512,hk_128x128x64,182.3,0.0202,0.0202,0.0191,0.0011,0.0078,PASS,10,121.1,150.5
640,5632,4096,hk_128x128x64,310.6,0.0951,0.0959,0.0939,0.0024,0.0156,PASS,10,305.1,101.8
640,5760,512,hk_128x128x64,185.7,0.0203,0.0204,0.0199,0.0004,0.0078,PASS,10,113.8,163.1
640,5760,1024,hk_128x128x64,229.7,0.0329,0.0327,0.0316,0.0004,0.0078,PASS,10,184.3,124.6
640,5760,4096,hk_128x128x64,312.9,0.0965,0.0967,0.0951,0.0011,0.0156,PASS,10,317.4,98.6
640,6016,8192,hk_128x128x64,275.2,0.2292,0.2286,0.2245,0.0019,0.0312,PASS,10,375.2,73.3
640,6144,64,hk_128x128x64,44.1,0.0114,0.0122,0.0108,0.0022,0.0020,PASS,10,19.6,225.3
640,6272,128,hk_128x128x64,85.7,0.0120,0.0123,0.0110,0.0016,0.0039,PASS,10,41.5,206.7
640,6272,256,hk_128x128x64,141.6,0.0145,0.0144,0.0136,0.0003,0.0039,PASS,10,76.1,186.2
640,6272,2048,hk_128x128x64,282.8,0.0581,0.0588,0.0571,0.0022,0.0156,PASS,10,258.4,109.4
640,6400,512,hk_128x128x64,199.3,0.0210,0.0209,0.0199,0.0005,0.0078,PASS,10,124.5,160.0
640,6528,64,hk_128x128x64,50.0,0.0107,0.0114,0.0105,0.0016,0.0020,PASS,10,22.2,225.5
640,6528,256,hk_128x128x64,141.9,0.0151,0.0156,0.0142,0.0015,0.0039,PASS,10,78.9,179.8
640,6528,512,hk_128x128x64,198.7,0.0215,0.0214,0.0208,0.0005,0.0078,PASS,10,128.4,154.8
640,6784,2048,hk_128x128x64,294.1,0.0605,0.0612,0.0581,0.0027,0.0156,PASS,10,263.6,111.6
640,6912,256,hk_128x128x64,145.6,0.0156,0.0155,0.0147,0.0006,0.0039,PASS,10,78.5,185.6
640,7040,1024,hk_128x128x64,249.6,0.0370,0.0367,0.0354,0.0006,0.0078,PASS,10,204.4,122.1
640,7168,4096,hk_128x128x64,347.6,0.1081,0.1085,0.1068,0.0012,0.0156,PASS,10,353.7,98.3
640,7168,8192,hk_128x128x64,316.0,0.2379,0.2370,0.2259,0.0049,0.0312,PASS,10,419.0,75.4
640,7296,128,hk_128x128x64,90.1,0.0133,0.0137,0.0126,0.0014,0.0039,PASS,10,44.2,203.6
640,7296,512,hk_128x128x64,209.2,0.0229,0.0225,0.0212,0.0008,0.0078,PASS,10,146.0,143.3
640,7296,2048,hk_128x128x64,309.4,0.0618,0.0620,0.0609,0.0006,0.0156,PASS,10,246.3,125.6
640,7296,8192,hk_128x128x64,319.7,0.2393,0.2391,0.2320,0.0028,0.0312,PASS,10,410.0,78.0
640,7424,128,hk_128x128x64,89.0,0.0137,0.0136,0.0126,0.0006,0.0039,PASS,10,46.7,190.3
640,7424,256,hk_128x128x64,154.0,0.0158,0.0163,0.0155,0.0014,0.0039,PASS,10,87.7,175.6
640,7424,512,hk_128x128x64,212.9,0.0229,0.0228,0.0223,0.0003,0.0078,PASS,10,145.3,146.5
640,7424,1024,hk_128x128x64,258.7,0.0376,0.0380,0.0368,0.0016,0.0078,PASS,10,218.5,118.4
640,7552,512,hk_128x128x64,212.5,0.0233,0.0237,0.0225,0.0019,0.0078,PASS,10,125.5,169.4
640,7808,8192,hk_128x128x64,216.3,0.3786,0.3775,0.3726,0.0024,0.0312,PASS,10,368.5,58.7
640,7936,2048,hk_128x128x64,210.9,0.0986,0.0986,0.0981,0.0003,0.0156,PASS,10,285.4,73.9
768,768,64,hk_128x128x64,8.9,0.0085,0.0087,0.0080,0.0009,0.0020,PASS,10,3.5,257.8
768,768,64,hk_192x192x64,7.2,0.0105,0.0108,0.0100,0.0008,0.0020,PASS,10,3.5,206.8
768,768,64,hk_256x256x64,5.6,0.0136,0.0136,0.0130,0.0003,0.0020,PASS,10,3.5,160.5
768,768,256,hk_128x128x64,25.4,0.0119,0.0127,0.0110,0.0021,0.0039,PASS,10,13.7,186.2
768,768,256,hk_192x192x64,19.3,0.0156,0.0166,0.0152,0.0021,0.0039,PASS,10,13.7,141.3
768,768,256,hk_256x256x64,14.2,0.0213,0.0221,0.0206,0.0020,0.0039,PASS,10,13.7,103.8
768,768,512,hk_128x128x64,37.5,0.0161,0.0165,0.0154,0.0019,0.0078,PASS,10,27.1,138.3
768,768,512,hk_192x192x64,28.5,0.0212,0.0215,0.0198,0.0015,0.0078,PASS,10,27.1,105.3
768,768,512,hk_256x256x64,20.6,0.0293,0.0292,0.0281,0.0006,0.0078,PASS,10,27.1,76.1
768,768,2048,hk_128x128x64,59.7,0.0405,0.0408,0.0393,0.0018,0.0156,PASS,10,73.8,81.0
768,768,2048,hk_192x192x64,45.7,0.0528,0.0535,0.0517,0.0022,0.0156,PASS,10,73.8,62.0
768,768,2048,hk_256x256x64,31.7,0.0763,0.0766,0.0756,0.0014,0.0156,PASS,10,73.8,43.0
768,768,3072,hk_128x128x64,43.6,0.0830,0.0830,0.0818,0.0010,0.0156,PASS,10,91.0,47.9
768,768,3072,hk_192x192x64,33.9,0.1068,0.1077,0.1050,0.0035,0.0156,PASS,10,91.0,37.3
768,768,3072,hk_256x256x64,26.0,0.1396,0.1418,0.1373,0.0039,0.0156,PASS,10,91.0,28.5
768,1152,384,hk_128x128x64,49.8,0.0136,0.0137,0.0134,0.0002,0.0039,PASS,10,31.0,160.6
768,1152,384,hk_192x192x64,36.2,0.0188,0.0187,0.0181,0.0003,0.0039,PASS,10,31.0,116.7
768,1152,6144,hk_128x128x64,63.7,0.1708,0.1706,0.1657,0.0035,0.0156,PASS,10,180.5,35.3
768,1152,6144,hk_192x192x64,51.0,0.2132,0.2134,0.2118,0.0011,0.0156,PASS,10,180.5,28.2
768,1280,256,hk_128x128x64,42.4,0.0119,0.0119,0.0113,0.0004,0.0039,PASS,10,22.9,185.5
768,1280,256,hk_256x256x64,23.7,0.0212,0.0213,0.0206,0.0006,0.0039,PASS,10,22.9,103.8
768,1280,512,hk_128x128x64,61.5,0.0164,0.0165,0.0158,0.0010,0.0078,PASS,10,42.4,145.1
768,1280,512,hk_256x256x64,33.0,0.0305,0.0300,0.0284,0.0015,0.0078,PASS,10,42.4,77.8
768,1280,4096,hk_128x128x64,110.1,0.0731,0.0739,0.0723,0.0017,0.0156,PASS,10,158.0,69.7
768,1280,4096,hk_256x256x64,57.5,0.1400,0.1412,0.1391,0.0036,0.0156,PASS,10,158.0,36.4
768,1344,384,hk_192x192x64,43.3,0.0183,0.0184,0.0173,0.0006,0.0039,PASS,10,35.4,122.1
768,1408,256,hk_128x128x64,46.2,0.0120,0.0127,0.0113,0.0016,0.0039,PASS,10,24.9,185.3
768,1408,512,hk_128x128x64,66.9,0.0166,0.0170,0.0157,0.0017,0.0078,PASS,10,48.3,138.5
768,1536,2048,hk_128x128x64,112.8,0.0428,0.0428,0.0414,0.0006,0.0156,PASS,10,124.4,90.7
768,1536,2048,hk_192x192x64,88.0,0.0549,0.0553,0.0532,0.0023,0.0156,PASS,10,124.4,70.8
768,1536,2048,hk_256x256x64,62.9,0.0769,0.0776,0.0763,0.0017,0.0156,PASS,10,124.4,50.5
768,1536,4096,hk_128x128x64,127.7,0.0757,0.0763,0.0751,0.0018,0.0156,PASS,10,177.1,72.1
768,1536,4096,hk_192x192x64,99.4,0.0972,0.0992,0.0959,0.0037,0.0156,PASS,10,177.1,56.1
768,1536,4096,hk_256x256x64,68.9,0.1402,0.1402,0.1390,0.0008,0.0156,PASS,10,177.1,38.9
768,1664,2048,hk_128x128x64,123.6,0.0423,0.0423,0.0415,0.0005,0.0156,PASS,10,134.0,92.2
768,1792,4096,hk_128x128x64,140.3,0.0803,0.0801,0.0771,0.0016,0.0156,PASS,10,181.8,77.2
768,1792,4096,hk_256x256x64,80.0,0.1408,0.1433,0.1398,0.0055,0.0156,PASS,10,181.8,44.0
768,1792,8192,hk_128x128x64,118.4,0.1904,0.1909,0.1876,0.0031,0.0312,PASS,10,250.3,47.3
768,1792,8192,hk_256x256x64,65.6,0.3437,0.3430,0.3372,0.0027,0.0312,PASS,10,250.3,26.2
768,1920,512,hk_128x128x64,90.5,0.0167,0.0170,0.0159,0.0015,0.0078,PASS,10,60.4,150.0
768,1920,512,hk_192x192x64,67.5,0.0224,0.0223,0.0216,0.0004,0.0078,PASS,10,60.4,111.8
768,2048,1024,hk_128x128x64,123.8,0.0260,0.0260,0.0253,0.0004,0.0078,PASS,10,101.8,121.6
768,2048,1024,hk_256x256x64,67.7,0.0476,0.0467,0.0452,0.0011,0.0078,PASS,10,101.8,66.5
768,2048,4096,hk_128x128x64,163.6,0.0788,0.0787,0.0764,0.0023,0.0156,PASS,10,196.4,83.3
768,2048,4096,hk_256x256x64,91.1,0.1414,0.1416,0.1404,0.0011,0.0156,PASS,10,196.4,46.4
768,2112,192,hk_192x192x64,44.0,0.0142,0.0140,0.0134,0.0003,0.0039,PASS,10,23.9,183.8
768,2112,768,hk_192x192x64,74.0,0.0337,0.0336,0.0326,0.0006,0.0078,PASS,10,87.0,85.0
768,2176,64,hk_128x128x64,24.6,0.0087,0.0086,0.0077,0.0005,0.0020,PASS,10,9.1,271.4
768,2176,8192,hk_128x128x64,138.0,0.1984,0.1972,0.1935,0.0031,0.0312,PASS,10,267.9,51.5
768,2304,384,hk_128x128x64,94.4,0.0144,0.0145,0.0137,0.0004,0.0039,PASS,10,57.5,164.3
768,2304,384,hk_192x192x64,71.8,0.0189,0.0189,0.0179,0.0007,0.0039,PASS,10,57.5,125.0
768,2304,384,hk_256x256x64,53.5,0.0254,0.0254,0.0245,0.0005,0.0039,PASS,10,57.5,93.1
768,2304,8192,hk_128x128x64,148.8,0.1948,0.1950,0.1934,0.0017,0.0312,PASS,10,286.6,51.9
768,2304,8192,hk_192x192x64,113.6,0.2551,0.2541,0.2513,0.0017,0.0312,PASS,10,286.6,39.7
768,2304,8192,hk_256x256x64,84.0,0.3451,0.3449,0.3398,0.0032,0.0312,PASS,10,286.6,29.3
768,2432,4096,hk_128x128x64,181.6,0.0842,0.0843,0.0822,0.0014,0.0156,PASS,10,227.3,79.9
768,2496,768,hk_192x192x64,86.2,0.0342,0.0341,0.0326,0.0009,0.0078,PASS,10,91.9,93.8
768,2560,64,hk_128x128x64,27.8,0.0091,0.0089,0.0080,0.0004,0.0020,PASS,10,11.4,243.8
768,2560,64,hk_256x256x64,17.9,0.0140,0.0144,0.0129,0.0016,0.0020,PASS,10,11.4,157.4
768,2560,128,hk_128x128x64,47.9,0.0105,0.0108,0.0097,0.0014,0.0039,PASS,10,22.6,211.8
768,2560,128,hk_256x256x64,28.8,0.0175,0.0177,0.0164,0.0023,0.0039,PASS,10,22.6,127.3
768,2560,256,hk_128x128x64,80.0,0.0126,0.0128,0.0117,0.0015,0.0039,PASS,10,43.7,182.8
768,2560,256,hk_256x256x64,46.8,0.0215,0.0216,0.0203,0.0015,0.0039,PASS,10,43.7,106.9
768,2688,768,hk_128x128x64,116.3,0.0273,0.0280,0.0258,0.0023,0.0078,PASS,10,109.1,106.6
768,2688,768,hk_192x192x64,92.0,0.0345,0.0347,0.0336,0.0011,0.0078,PASS,10,109.1,84.3
768,2688,2048,hk_128x128x64,182.4,0.0463,0.0467,0.0455,0.0011,0.0156,PASS,10,179.8,101.5
768,2688,2048,hk_192x192x64,145.5,0.0581,0.0590,0.0567,0.0023,0.0156,PASS,10,179.8,80.9
768,2816,64,hk_128x128x64,30.0,0.0092,0.0096,0.0080,0.0016,0.0020,PASS,10,12.4,243.1
768,2816,64,hk_256x256x64,19.4,0.0143,0.0141,0.0133,0.0003,0.0020,PASS,10,12.4,157.0
768,2944,2048,hk_128x128x64,204.4,0.0453,0.0452,0.0445,0.0006,0.0156,PASS,10,193.5,105.7
768,3072,192,hk_128x128x64,74.8,0.0121,0.0127,0.0119,0.0016,0.0039,PASS,10,35.6,209.9
768,3072,192,hk_192x192x64,62.2,0.0146,0.0151,0.0136,0.0017,0.0039,PASS,10,35.6,174.7
768,3072,192,hk_256x256x64,48.3,0.0188,0.0190,0.0180,0.0013,0.0039,PASS,10,35.6,135.5
768,3072,6144,hk_128x128x64,161.2,0.1798,0.1796,0.1762,0.0021,0.0156,PASS,10,289.0,55.8
768,3072,6144,hk_192x192x64,132.0,0.2196,0.2192,0.2165,0.0021,0.0156,PASS,10,289.0,45.7
768,3072,6144,hk_256x256x64,104.9,0.2763,0.2760,0.2713,0.0030,0.0156,PASS,10,289.0,36.3
768,3200,1024,hk_128x128x64,180.6,0.0279,0.0279,0.0275,0.0003,0.0078,PASS,10,144.6,124.9
768,3200,2048,hk_128x128x64,214.0,0.0470,0.0467,0.0454,0.0006,0.0156,PASS,10,208.4,102.7
768,3200,8192,hk_128x128x64,196.3,0.2052,0.2051,0.2011,0.0026,0.0312,PASS,10,331.5,59.2
768,3264,384,hk_192x192x64,94.0,0.0205,0.0203,0.0188,0.0006,0.0078,PASS,10,64.7,145.2
768,3328,256,hk_128x128x64,98.0,0.0134,0.0134,0.0130,0.0003,0.0039,PASS,10,54.0,181.4
768,3328,256,hk_256x256x64,59.0,0.0222,0.0221,0.0217,0.0002,0.0039,PASS,10,54.0,109.2
768,3456,1024,hk_128x128x64,195.6,0.0278,0.0281,0.0268,0.0013,0.0078,PASS,10,151.8,128.9
768,3456,1024,hk_192x192x64,151.7,0.0358,0.0367,0.0351,0.0021,0.0078,PASS,10,151.8,99.9
768,3456,3072,hk_128x128x64,171.1,0.0953,0.0949,0.0931,0.0014,0.0156,PASS,10,247.6,69.1
768,3456,3072,hk_192x192x64,142.0,0.1148,0.1163,0.1133,0.0036,0.0156,PASS,10,247.6,57.4
768,3584,512,hk_128x128x64,157.3,0.0179,0.0181,0.0172,0.0006,0.0078,PASS,10,98.2,160.2
768,3584,512,hk_256x256x64,89.3,0.0316,0.0317,0.0300,0.0018,0.0078,PASS,10,98.2,91.0
768,3584,4096,hk_128x128x64,248.2,0.0909,0.0910,0.0895,0.0009,0.0156,PASS,10,266.8,93.0
768,3584,4096,hk_256x256x64,155.0,0.1455,0.1484,0.1412,0.0072,0.0156,PASS,10,266.8,58.1
768,3648,64,hk_192x192x64,32.3,0.0111,0.0111,0.0101,0.0007,0.0020,PASS,10,14.8,218.8
768,3968,64,hk_128x128x64,40.4,0.0097,0.0095,0.0086,0.0004,0.0020,PASS,10,16.4,246.9
768,3968,256,hk_128x128x64,116.5,0.0134,0.0133,0.0125,0.0003,0.0039,PASS,10,63.9,182.3
768,4224,3072,hk_128x128x64,208.4,0.0957,0.0962,0.0943,0.0023,0.0156,PASS,10,265.4,78.5
768,4224,3072,hk_192x192x64,173.8,0.1147,0.1151,0.1134,0.0015,0.0156,PASS,10,265.4,65.5
768,4352,4096,hk_128x128x64,285.6,0.0959,0.0954,0.0935,0.0016,0.0156,PASS,10,298.4,95.7
768,4352,4096,hk_256x256x64,177.2,0.1545,0.1575,0.1500,0.0092,0.0156,PASS,10,298.4,59.4
768,4416,192,hk_192x192x64,86.6,0.0150,0.0153,0.0142,0.0011,0.0039,PASS,10,44.2,196.0
768,4480,256,hk_128x128x64,127.4,0.0138,0.0139,0.0135,0.0002,0.0039,PASS,10,68.3,186.4
768,4608,128,hk_128x128x64,80.7,0.0112,0.0113,0.0110,0.0002,0.0039,PASS,10,37.9,212.9
768,4608,128,hk_192x192x64,62.8,0.0144,0.0153,0.0136,0.0021,0.0039,PASS,10,37.9,165.5
768,4608,128,hk_256x256x64,49.6,0.0183,0.0185,0.0165,0.0017,0.0039,PASS,10,37.9,130.7
768,4608,768,hk_128x128x64,184.2,0.0295,0.0296,0.0280,0.0013,0.0078,PASS,10,152.7,120.7
768,4608,768,hk_192x192x64,144.2,0.0377,0.0377,0.0358,0.0017,0.0078,PASS,10,152.7,94.5
768,4608,768,hk_256x256x64,116.3,0.0467,0.0470,0.0453,0.0011,0.0078,PASS,10,152.7,76.2
768,4608,1024,hk_128x128x64,226.5,0.0320,0.0322,0.0308,0.0017,0.0078,PASS,10,181.9,124.6
768,4608,1024,hk_192x192x64,191.5,0.0378,0.0383,0.0365,0.0019,0.0078,PASS,10,181.9,105.3
768,4608,1024,hk_256x256x64,146.9,0.0494,0.0498,0.0477,0.0019,0.0078,PASS,10,181.9,80.7
768,4608,2048,hk_128x128x64,266.6,0.0544,0.0548,0.0532,0.0021,0.0156,PASS,10,242.3,110.0
768,4608,2048,hk_192x192x64,228.5,0.0634,0.0640,0.0622,0.0016,0.0156,PASS,10,242.3,94.3
768,4608,2048,hk_256x256x64,166.8,0.0869,0.0874,0.0837,0.0026,0.0156,PASS,10,242.3,68.8
768,4736,4096,hk_128x128x64,304.1,0.0980,0.0978,0.0960,0.0012,0.0156,PASS,10,310.6,97.9
768,4736,8192,hk_128x128x64,263.5,0.2262,0.2240,0.2178,0.0034,0.0312,PASS,10,398.8,66.1
768,4800,64,hk_192x192x64,36.7,0.0129,0.0131,0.0119,0.0013,0.0020,PASS,10,14.9,245.5
768,4864,256,hk_128x128x64,132.5,0.0144,0.0143,0.0137,0.0004,0.0039,PASS,10,72.7,182.2
768,4864,256,hk_256x256x64,81.7,0.0234,0.0233,0.0227,0.0004,0.0039,PASS,10,72.7,112.3
768,4992,64,hk_128x128x64,49.0,0.0100,0.0104,0.0095,0.0013,0.0020,PASS,10,21.6,226.4
768,4992,64,hk_192x192x64,39.5,0.0124,0.0133,0.0119,0.0022,0.0020,PASS,10,21.6,182.6
768,5120,128,hk_128x128x64,86.0,0.0117,0.0121,0.0113,0.0015,0.0039,PASS,10,41.5,207.2
768,5120,128,hk_256x256x64,55.9,0.0180,0.0181,0.0172,0.0010,0.0039,PASS,10,41.5,134.7
768,5120,4096,hk_128x128x64,323.7,0.0995,0.0994,0.0974,0.0014,0.0156,PASS,10,306.3,105.7
768,5120,4096,hk_256x256x64,200.2,0.1609,0.1625,0.1542,0.0099,0.0156,PASS,10,306.3,65.3
768,5184,384,hk_192x192x64,143.9,0.0212,0.0214,0.0202,0.0007,0.0078,PASS,10,90.1,159.6
768,5184,6144,hk_192x192x64,205.4,0.2382,0.2385,0.2363,0.0022,0.0312,PASS,10,354.0,58.0
768,5248,128,hk_128x128x64,85.2,0.0121,0.0127,0.0116,0.0018,0.0039,PASS,10,42.7,199.7
768,5504,64,hk_128x128x64,50.5,0.0107,0.0108,0.0104,0.0004,0.0020,PASS,10,23.9,211.6
768,5504,4096,hk_128x128x64,342.6,0.1011,0.1005,0.0981,0.0015,0.0156,PASS,10,330.4,103.7
768,5504,8192,hk_128x128x64,304.7,0.2273,0.2270,0.2222,0.0018,0.0312,PASS,10,410.3,74.3
768,5568,384,hk_192x192x64,136.7,0.0240,0.0240,0.0233,0.0004,0.0078,PASS,10,90.5,151.1
768,5632,512,hk_128x128x64,200.1,0.0221,0.0219,0.0212,0.0004,0.0078,PASS,10,138.1,144.9
768,5632,512,hk_256x256x64,135.6,0.0327,0.0326,0.0317,0.0004,0.0078,PASS,10,138.1,98.2
768,5632,1024,hk_128x128x64,244.7,0.0362,0.0357,0.0341,0.0009,0.0078,PASS,10,200.5,122.0
768,5632,1024,hk_256x256x64,169.6,0.0522,0.0528,0.0516,0.0014,0.0078,PASS,10,200.5,84.6
768,5760,512,hk_128x128x64,209.2,0.0216,0.0221,0.0212,0.0014,0.0078,PASS,10,134.3,155.7
768,5760,512,hk_192x192x64,178.2,0.0254,0.0253,0.0245,0.0005,0.0078,PASS,10,134.3,132.7
768,5760,768,hk_128x128x64,212.1,0.0320,0.0325,0.0309,0.0017,0.0078,PASS,10,178.6,118.8
768,5760,768,hk_192x192x64,179.2,0.0379,0.0384,0.0366,0.0019,0.0078,PASS,10,178.6,100.3
768,6016,8192,hk_128x128x64,323.6,0.2339,0.2319,0.2234,0.0041,0.0312,PASS,10,412.3,78.5
768,6144,64,hk_128x128x64,48.9,0.0123,0.0120,0.0108,0.0005,0.0020,PASS,10,23.1,211.4
768,6144,64,hk_192x192x64,44.6,0.0136,0.0134,0.0125,0.0006,0.0020,PASS,10,23.1,192.6
768,6144,64,hk_256x256x64,38.9,0.0155,0.0155,0.0150,0.0004,0.0020,PASS,10,23.1,168.2
768,6144,3072,hk_128x128x64,278.8,0.1040,0.1036,0.1016,0.0011,0.0156,PASS,10,308.8,90.3
768,6144,3072,hk_192x192x64,247.2,0.1173,0.1176,0.1157,0.0015,0.0156,PASS,10,308.8,80.1
768,6144,3072,hk_256x256x64,187.8,0.1544,0.1544,0.1502,0.0020,0.0156,PASS,10,308.8,60.8
768,6272,128,hk_128x128x64,98.0,0.0126,0.0124,0.0117,0.0004,0.0039,PASS,10,51.3,190.8
768,6400,64,hk_128x128x64,57.5,0.0109,0.0112,0.0105,0.0010,0.0020,PASS,10,26.9,213.6
768,6400,64,hk_256x256x64,41.1,0.0153,0.0152,0.0144,0.0004,0.0020,PASS,10,26.9,152.6
768,6528,256,hk_128x128x64,117.7,0.0218,0.0215,0.0203,0.0006,0.0039,PASS,10,75.2,156.4
768,6528,256,hk_192x192x64,136.5,0.0188,0.0188,0.0172,0.0008,0.0039,PASS,10,75.2,181.5
768,6656,2048,hk_128x128x64,215.4,0.0972,0.0976,0.0963,0.0016,0.0156,PASS,10,268.1,80.3
768,6656,2048,hk_256x256x64,234.1,0.0894,0.0899,0.0886,0.0016,0.0156,PASS,10,268.1,87.3
768,6912,1024,hk_128x128x64,195.2,0.0557,0.0554,0.0545,0.0004,0.0078,PASS,10,220.5,88.6
768,6912,1024,hk_192x192x64,260.7,0.0417,0.0419,0.0411,0.0011,0.0078,PASS,10,220.5,118.3
768,6912,1024,hk_256x256x64,205.6,0.0529,0.0528,0.0522,0.0004,0.0078,PASS,10,220.5,93.3
768,6912,8192,hk_128x128x64,229.1,0.3796,0.3791,0.3745,0.0018,0.0312,PASS,10,428.0,53.5
768,6912,8192,hk_192x192x64,296.0,0.2939,0.2927,0.2856,0.0049,0.0312,PASS,10,428.0,69.1
768,6912,8192,hk_256x256x64,227.6,0.3822,0.3829,0.3786,0.0034,0.0312,PASS,10,428.0,53.2
768,7040,256,hk_128x128x64,122.2,0.0227,0.0227,0.0216,0.0008,0.0039,PASS,10,87.4,139.8
768,7168,4096,hk_128x128x64,250.2,0.1802,0.1796,0.1769,0.0012,0.0156,PASS,10,354.1,70.7
768,7168,4096,hk_256x256x64,264.8,0.1703,0.1716,0.1675,0.0039,0.0156,PASS,10,354.1,74.8
768,7296,4096,hk_128x128x64,252.2,0.1820,0.1817,0.1796,0.0008,0.0156,PASS,10,328.4,76.8
768,7296,4096,hk_192x192x64,350.3,0.1310,0.1311,0.1276,0.0020,0.0156,PASS,10,328.4,106.7
768,7424,2048,hk_128x128x64,236.8,0.0986,0.0985,0.0971,0.0007,0.0156,PASS,10,305.3,77.6
768,7424,2048,hk_256x256x64,246.3,0.0948,0.0947,0.0938,0.0005,0.0156,PASS,10,305.3,80.7
768,7552,256,hk_128x128x64,132.3,0.0225,0.0225,0.0220,0.0005,0.0039,PASS,10,100.6,131.4
768,7552,1024,hk_128x128x64,211.9,0.0560,0.0557,0.0549,0.0006,0.0078,PASS,10,202.9,104.4
768,7552,8192,hk_128x128x64,251.6,0.3777,0.3785,0.3745,0.0041,0.0312,PASS,10,443.0,56.8
768,7680,128,hk_128x128x64,78.0,0.0194,0.0194,0.0177,0.0015,0.0039,PASS,10,56.8,137.3
768,7680,128,hk_192x192x64,91.4,0.0165,0.0165,0.0155,0.0004,0.0039,PASS,10,56.8,160.9
768,7680,128,hk_256x256x64,75.3,0.0200,0.0200,0.0194,0.0004,0.0039,PASS,10,56.8,132.6
768,7680,512,hk_128x128x64,180.4,0.0335,0.0341,0.0331,0.0014,0.0078,PASS,10,153.6,117.5
768,7680,512,hk_192x192x64,218.3,0.0277,0.0281,0.0267,0.0018,0.0078,PASS,10,153.6,142.2
768,7680,512,hk_256x256x64,170.8,0.0354,0.0358,0.0342,0.0016,0.0078,PASS,10,153.6,111.2
768,7680,8192,hk_128x128x64,253.2,0.3817,0.3810,0.3758,0.0024,0.0312,PASS,10,456.4,55.5
768,7680,8192,hk_192x192x64,311.4,0.3103,0.3102,0.3035,0.0048,0.0312,PASS,10,456.4,68.2
768,7680,8192,hk_256x256x64,247.6,0.3903,0.3910,0.3854,0.0048,0.0312,PASS,10,456.4,54.3
768,7808,64,hk_128x128x64,51.1,0.0150,0.0149,0.0143,0.0003,0.0020,PASS,10,24.7,206.7
768,7808,2048,hk_128x128x64,248.3,0.0989,0.0989,0.0980,0.0006,0.0156,PASS,10,264.0,94.1
768,7808,4096,hk_128x128x64,268.3,0.1831,0.1830,0.1821,0.0006,0.0156,PASS,10,352.0,76.2
768,7936,256,hk_128x128x64,134.2,0.0233,0.0236,0.0226,0.0014,0.0039,PASS,10,103.1,130.2
768,7936,256,hk_256x256x64,118.6,0.0263,0.0271,0.0261,0.0018,0.0039,PASS,10,103.1,115.1
768,8064,128,hk_128x128x64,88.9,0.0178,0.0182,0.0171,0.0015,0.0039,PASS,10,46.6,190.6
768,8064,128,hk_192x192x64,98.9,0.0160,0.0160,0.0157,0.0003,0.0039,PASS,10,46.6,212.0
768,8064,2048,hk_128x128x64,254.8,0.0995,0.0998,0.0987,0.0011,0.0156,PASS,10,291.3,87.5
768,8064,2048,hk_192x192x64,331.4,0.0765,0.0768,0.0763,0.0005,0.0156,PASS,10,291.3,113.8
768,8192,1024,hk_128x128x64,227.9,0.0565,0.0564,0.0559,0.0003,0.0078,PASS,10,243.7,93.5
768,8192,1024,hk_256x256x64,232.9,0.0553,0.0556,0.0528,0.0023,0.0078,PASS,10,243.7,95.6
768,8192,4096,hk_128x128x64,283.4,0.1819,0.1820,0.1783,0.0022,0.0156,PASS,10,374.5,75.7
768,8192,4096,hk_256x256x64,297.4,0.1733,0.1742,0.1708,0.0028,0.0156,PASS,10,374.5,79.4
768,8192,8192,hk_128x128x64,266.1,0.3873,0.3860,0.3821,0.0031,0.0312,PASS,10,451.5,58.9
768,8192,8192,hk_256x256x64,251.7,0.4095,0.4077,0.3982,0.0069,0.0312,PASS,10,451.5,55.7
896,896,1024,hk_128x128x64,64.5,0.0255,0.0255,0.0243,0.0009,0.0078,PASS,10,61.8,104.4
896,896,8192,hk_128x128x64,71.2,0.1847,0.1849,0.1803,0.0026,0.0312,PASS,10,200.7,35.5
896,1024,4096,hk_128x128x64,98.3,0.0765,0.0761,0.0731,0.0026,0.0156,PASS,10,149.5,65.8
896,1152,8192,hk_128x128x64,89.6,0.1888,0.1881,0.1824,0.0036,0.0312,PASS,10,217.9,41.1
896,1280,1024,hk_128x128x64,92.8,0.0253,0.0254,0.0244,0.0010,0.0078,PASS,10,76.5,121.4
896,1280,4096,hk_128x128x64,125.5,0.0749,0.0751,0.0721,0.0024,0.0156,PASS,10,178.5,70.3
896,1408,128,hk_128x128x64,33.2,0.0097,0.0096,0.0089,0.0004,0.0039,PASS,10,14.8,224.7
896,1664,64,hk_128x128x64,21.9,0.0087,0.0086,0.0077,0.0005,0.0020,PASS,10,8.0,273.7
896,1792,128,hk_128x128x64,41.3,0.0099,0.0103,0.0092,0.0013,0.0039,PASS,10,18.5,223.8
896,1920,2048,hk_128x128x64,159.6,0.0441,0.0447,0.0435,0.0014,0.0156,PASS,10,159.3,100.2
896,1920,8192,hk_128x128x64,144.0,0.1957,0.1976,0.1937,0.0055,0.0312,PASS,10,274.3,52.5
896,2048,64,hk_128x128x64,26.6,0.0088,0.0087,0.0077,0.0004,0.0020,PASS,10,10.5,254.1
896,2048,256,hk_128x128x64,77.3,0.0121,0.0132,0.0115,0.0022,0.0039,PASS,10,41.0,188.5
896,2176,512,hk_128x128x64,113.2,0.0176,0.0180,0.0165,0.0017,0.0078,PASS,10,74.8,151.4
896,2176,8192,hk_128x128x64,159.5,0.2003,0.1995,0.1967,0.0019,0.0312,PASS,10,292.6,54.5
896,2432,256,hk_128x128x64,85.4,0.0131,0.0133,0.0121,0.0011,0.0039,PASS,10,48.7,175.2
896,2560,256,hk_128x128x64,91.3,0.0129,0.0128,0.0122,0.0004,0.0039,PASS,10,50.4,181.0
896,2688,64,hk_128x128x64,33.3,0.0093,0.0091,0.0085,0.0003,0.0020,PASS,10,13.9,239.8
896,2688,4096,hk_128x128x64,232.2,0.0850,0.0844,0.0811,0.0014,0.0156,PASS,10,265.1,87.6
896,3072,4096,hk_128x128x64,255.0,0.0884,0.0882,0.0871,0.0006,0.0156,PASS,10,272.5,93.6
896,3328,128,hk_128x128x64,66.1,0.0115,0.0117,0.0107,0.0014,0.0039,PASS,10,31.2,211.8
896,3328,1024,hk_128x128x64,206.7,0.0295,0.0300,0.0286,0.0016,0.0078,PASS,10,154.3,133.9
896,3712,64,hk_128x128x64,41.8,0.0102,0.0104,0.0091,0.0013,0.0020,PASS,10,18.5,226.4
896,3712,256,hk_128x128x64,124.2,0.0137,0.0144,0.0131,0.0020,0.0039,PASS,10,66.8,186.0
896,3840,4096,hk_128x128x64,310.4,0.0908,0.0908,0.0896,0.0011,0.0156,PASS,10,297.9,104.2
896,3840,8192,hk_128x128x64,251.4,0.2242,0.2239,0.2213,0.0016,0.0312,PASS,10,378.5,66.4
896,4096,128,hk_128x128x64,75.6,0.0124,0.0124,0.0114,0.0007,0.0039,PASS,10,37.1,203.6
896,4096,512,hk_128x128x64,185.6,0.0202,0.0211,0.0198,0.0021,0.0078,PASS,10,121.6,152.7
896,4352,128,hk_128x128x64,84.1,0.0119,0.0122,0.0113,0.0015,0.0039,PASS,10,41.3,203.7
896,4352,256,hk_128x128x64,136.1,0.0147,0.0150,0.0130,0.0016,0.0039,PASS,10,75.9,179.2
896,4480,512,hk_128x128x64,196.8,0.0209,0.0211,0.0194,0.0018,0.0078,PASS,10,105.3,186.9
896,4480,4096,hk_128x128x64,322.4,0.1020,0.1004,0.0966,0.0032,0.0156,PASS,10,327.9,98.3
896,4608,8192,hk_128x128x64,296.1,0.2284,0.2282,0.2234,0.0021,0.0312,PASS,10,395.9,74.8
896,4736,512,hk_128x128x64,198.1,0.0219,0.0218,0.0207,0.0005,0.0078,PASS,10,135.1,146.6
896,4992,1024,hk_128x128x64,261.1,0.0351,0.0352,0.0348,0.0004,0.0078,PASS,10,216.6,120.6
896,5248,256,hk_128x128x64,149.7,0.0161,0.0163,0.0151,0.0010,0.0039,PASS,10,88.2,169.8
896,5504,2048,hk_128x128x64,329.7,0.0613,0.0611,0.0602,0.0005,0.0156,PASS,10,284.2,116.0
896,5632,64,hk_128x128x64,44.4,0.0146,0.0144,0.0136,0.0005,0.0020,PASS,10,22.2,200.0
896,5632,512,hk_128x128x64,157.2,0.0329,0.0332,0.0321,0.0015,0.0078,PASS,10,135.4,116.1
896,5632,8192,hk_128x128x64,219.4,0.3769,0.3768,0.3713,0.0028,0.0312,PASS,10,409.9,53.5
896,5760,1024,hk_128x128x64,190.5,0.0555,0.0557,0.0552,0.0005,0.0078,PASS,10,206.9,92.1
896,5760,4096,hk_128x128x64,237.5,0.1780,0.1779,0.1767,0.0009,0.0156,PASS,10,306.8,77.4
896,5888,512,hk_128x128x64,161.6,0.0334,0.0335,0.0327,0.0005,0.0078,PASS,10,142.6,113.3
896,6016,4096,hk_128x128x64,247.2,0.1786,0.1787,0.1777,0.0008,0.0156,PASS,10,322.9,76.6
896,6144,512,hk_128x128x64,167.8,0.0336,0.0338,0.0321,0.0016,0.0078,PASS,10,152.3,110.1
896,6400,128,hk_128x128x64,84.8,0.0173,0.0173,0.0166,0.0003,0.0039,PASS,10,55.8,151.9
896,6400,8192,hk_128x128x64,247.6,0.3795,0.3801,0.3760,0.0027,0.0312,PASS,10,448.2,55.2
896,6656,64,hk_128x128x64,47.6,0.0160,0.0159,0.0146,0.0007,0.0020,PASS,10,28.3,168.0
896,6656,128,hk_128x128x64,86.0,0.0178,0.0181,0.0169,0.0015,0.0039,PASS,10,56.9,151.0
896,6656,256,hk_128x128x64,130.9,0.0233,0.0237,0.0225,0.0017,0.0039,PASS,10,100.7,129.9
896,6784,1024,hk_128x128x64,224.5,0.0554,0.0555,0.0548,0.0010,0.0078,PASS,10,232.2,96.7
896,6912,256,hk_128x128x64,134.7,0.0235,0.0238,0.0228,0.0013,0.0039,PASS,10,102.1,132.0
896,6912,4096,hk_128x128x64,279.2,0.1817,0.1818,0.1805,0.0009,0.0156,PASS,10,359.1,77.8
896,7168,512,hk_128x128x64,197.2,0.0334,0.0334,0.0326,0.0005,0.0078,PASS,10,167.9,117.4
896,7168,2048,hk_128x128x64,267.3,0.0984,0.0988,0.0978,0.0013,0.0156,PASS,10,312.3,85.6
896,7296,128,hk_128x128x64,87.9,0.0190,0.0190,0.0180,0.0005,0.0039,PASS,10,58.0,151.6
896,7296,8192,hk_128x128x64,278.7,0.3843,0.3833,0.3767,0.0046,0.0312,PASS,10,433.8,64.2
896,7424,1024,hk_128x128x64,241.8,0.0563,0.0564,0.0556,0.0004,0.0078,PASS,10,238.6,101.4
896,7680,4096,hk_128x128x64,308.2,0.1829,0.1828,0.1812,0.0006,0.0156,PASS,10,383.5,80.4
896,7808,64,hk_128x128x64,55.7,0.0161,0.0161,0.0157,0.0003,0.0020,PASS,10,23.8,233.9
896,7936,128,hk_128x128x64,98.3,0.0185,0.0190,0.0179,0.0014,0.0039,PASS,10,66.1,148.7
896,8064,256,hk_128x128x64,156.9,0.0236,0.0240,0.0231,0.0015,0.0039,PASS,10,87.6,179.1
896,8064,2048,hk_128x128x64,292.1,0.1013,0.1017,0.1006,0.0011,0.0156,PASS,10,306.0,95.4
896,8192,256,hk_128x128x64,152.7,0.0246,0.0250,0.0233,0.0016,0.0039,PASS,10,113.1,135.0
960,1152,6144,hk_192x192x64,64.0,0.2123,0.2125,0.2101,0.0019,0.0156,PASS,10,206.6,31.0
960,1344,6144,hk_192x192x64,75.0,0.2113,0.2122,0.2082,0.0037,0.0156,PASS,10,207.9,36.1
960,1536,768,hk_192x192x64,69.3,0.0327,0.0334,0.0323,0.0018,0.0078,PASS,10,80.5,86.1
960,1920,3072,hk_192x192x64,99.8,0.1134,0.1125,0.1093,0.0029,0.0156,PASS,10,204.4,48.9
960,2112,768,hk_192x192x64,93.1,0.0334,0.0334,0.0325,0.0008,0.0078,PASS,10,91.9,101.3
960,2112,3072,hk_192x192x64,114.1,0.1092,0.1093,0.1070,0.0018,0.0156,PASS,10,202.3,56.4
960,2304,64,hk_192x192x64,26.3,0.0107,0.0106,0.0099,0.0004,0.0020,PASS,10,12.5,210.1
960,2304,3072,hk_192x192x64,124.6,0.1091,0.1090,0.1075,0.0011,0.0156,PASS,10,218.1,57.1
960,2304,6144,hk_192x192x64,126.9,0.2141,0.2130,0.2079,0.0026,0.0156,PASS,10,271.4,46.8
960,2688,1536,hk_192x192x64,134.3,0.0590,0.0590,0.0583,0.0004,0.0078,PASS,10,182.6,73.6
960,3072,384,hk_192x192x64,111.9,0.0202,0.0202,0.0195,0.0004,0.0039,PASS,10,83.2,134.4
960,3072,6144,hk_192x192x64,163.2,0.2221,0.2230,0.2192,0.0031,0.0312,PASS,10,315.8,51.7
960,3264,64,hk_192x192x64,35.9,0.0112,0.0111,0.0102,0.0004,0.0020,PASS,10,15.3,234.8
960,3456,64,hk_192x192x64,37.0,0.0115,0.0114,0.0109,0.0003,0.0020,PASS,10,18.7,197.6
960,3456,192,hk_192x192x64,87.1,0.0146,0.0147,0.0141,0.0004,0.0039,PASS,10,50.4,172.6
960,3456,3072,hk_192x192x64,175.5,0.1161,0.1169,0.1145,0.0020,0.0156,PASS,10,277.7,63.2
960,3648,768,hk_192x192x64,152.5,0.0353,0.0349,0.0334,0.0009,0.0078,PASS,10,136.1,112.0
960,3648,1536,hk_192x192x64,171.7,0.0627,0.0625,0.0613,0.0007,0.0078,PASS,10,196.6,87.3
960,3840,1536,hk_192x192x64,183.5,0.0617,0.0615,0.0597,0.0008,0.0156,PASS,10,220.8,83.1
960,4032,6144,hk_192x192x64,209.6,0.2270,0.2265,0.2240,0.0015,0.0312,PASS,10,324.2,64.6
960,4224,1536,hk_192x192x64,197.2,0.0632,0.0632,0.0609,0.0010,0.0078,PASS,10,225.1,87.6
960,4416,1536,hk_192x192x64,207.6,0.0627,0.0631,0.0612,0.0014,0.0078,PASS,10,216.8,95.7
960,4416,6144,hk_192x192x64,225.7,0.2308,0.2312,0.2293,0.0016,0.0312,PASS,10,337.1,67.0
960,4608,1536,hk_192x192x64,207.7,0.0654,0.0652,0.0635,0.0008,0.0078,PASS,10,246.7,84.2
960,4992,384,hk_192x192x64,167.2,0.0220,0.0221,0.0210,0.0012,0.0078,PASS,10,121.3,137.9
960,4992,768,hk_192x192x64,197.2,0.0373,0.0374,0.0358,0.0012,0.0078,PASS,10,185.3,106.4
960,5184,64,hk_192x192x64,49.0,0.0130,0.0132,0.0119,0.0015,0.0020,PASS,10,18.5,265.7
960,5184,1536,hk_192x192x64,238.9,0.0640,0.0640,0.0632,0.0007,0.0156,PASS,10,219.5,108.8
960,5376,64,hk_192x192x64,49.8,0.0133,0.0136,0.0125,0.0015,0.0020,PASS,10,27.4,181.9
960,5760,1536,hk_192x192x64,259.3,0.0655,0.0655,0.0646,0.0005,0.0156,PASS,10,271.6,95.5
1024,1024,256,hk_128x128x64,41.8,0.0128,0.0131,0.0116,0.0011,0.0039,PASS,10,24.3,172.5
1024,1024,256,hk_256x256x64,23.7,0.0227,0.0227,0.0205,0.0023,0.0039,PASS,10,24.3,97.5
1024,1024,1024,hk_128x128x64,81.2,0.0265,0.0265,0.0259,0.0004,0.0078,PASS,10,62.3,130.3
1024,1024,1024,hk_256x256x64,44.3,0.0484,0.0476,0.0451,0.0015,0.0078,PASS,10,62.3,71.2
1024,1024,8192,hk_128x128x64,89.1,0.1928,0.1935,0.1890,0.0039,0.0312,PASS,10,219.2,40.7
1024,1024,8192,hk_256x256x64,50.8,0.3383,0.3380,0.3233,0.0101,0.0312,PASS,10,219.2,23.2
1024,1152,256,hk_128x128x64,49.9,0.0121,0.0124,0.0109,0.0017,0.0039,PASS,10,27.5,181.1
1024,1152,512,hk_128x128x64,71.9,0.0168,0.0166,0.0153,0.0005,0.0078,PASS,10,51.4,139.9
1024,1152,1024,hk_128x128x64,96.3,0.0251,0.0251,0.0240,0.0006,0.0078,PASS,10,85.7,112.3
1024,1408,128,hk_128x128x64,37.7,0.0098,0.0102,0.0087,0.0015,0.0039,PASS,10,16.3,231.1
1024,1536,4096,hk_128x128x64,160.3,0.0804,0.0805,0.0766,0.0031,0.0156,PASS,10,196.4,81.6
1024,1536,4096,hk_256x256x64,91.6,0.1406,0.1410,0.1398,0.0017,0.0156,PASS,10,196.4,46.6
1024,1664,4096,hk_128x128x64,171.7,0.0813,0.0813,0.0795,0.0011,0.0156,PASS,10,206.6,83.1
1024,1792,8192,hk_128x128x64,152.0,0.1979,0.1984,0.1929,0.0028,0.0312,PASS,10,290.8,52.3
1024,1792,8192,hk_256x256x64,88.2,0.3410,0.3392,0.3216,0.0061,0.0312,PASS,10,290.8,30.3
1024,1920,256,hk_128x128x64,82.1,0.0123,0.0122,0.0118,0.0002,0.0039,PASS,10,44.4,185.0
1024,1920,2048,hk_128x128x64,177.8,0.0453,0.0455,0.0441,0.0008,0.0156,PASS,10,180.6,98.4
1024,1920,8192,hk_128x128x64,158.9,0.2027,0.2010,0.1936,0.0044,0.0312,PASS,10,300.0,53.0
1024,2048,2048,hk_128x128x64,194.3,0.0442,0.0440,0.0431,0.0007,0.0156,PASS,10,180.2,107.8
1024,2048,2048,hk_256x256x64,109.1,0.0787,0.0814,0.0777,0.0039,0.0156,PASS,10,180.2,60.5
1024,2048,4096,hk_128x128x64,211.2,0.0813,0.0813,0.0793,0.0016,0.0156,PASS,10,227.4,92.9
1024,2048,4096,hk_256x256x64,121.2,0.1418,0.1443,0.1407,0.0067,0.0156,PASS,10,227.4,53.3
1024,2176,64,hk_128x128x64,31.5,0.0091,0.0090,0.0081,0.0004,0.0020,PASS,10,12.8,245.1
1024,2176,128,hk_128x128x64,56.2,0.0101,0.0102,0.0096,0.0003,0.0039,PASS,10,25.6,219.8
1024,2176,1024,hk_128x128x64,177.0,0.0258,0.0260,0.0252,0.0006,0.0078,PASS,10,137.6,128.6
1024,2304,256,hk_128x128x64,94.5,0.0128,0.0136,0.0120,0.0023,0.0039,PASS,10,51.7,182.8
1024,2304,256,hk_256x256x64,53.7,0.0225,0.0229,0.0214,0.0019,0.0039,PASS,10,51.7,103.9
1024,2432,128,hk_128x128x64,61.4,0.0104,0.0107,0.0096,0.0016,0.0039,PASS,10,26.7,230.1
1024,2560,128,hk_128x128x64,63.6,0.0105,0.0106,0.0095,0.0013,0.0039,PASS,10,27.1,234.6
1024,2560,128,hk_256x256x64,38.2,0.0176,0.0179,0.0168,0.0016,0.0039,PASS,10,27.1,140.9
1024,2560,512,hk_128x128x64,154.6,0.0174,0.0178,0.0165,0.0017,0.0078,PASS,10,89.9,172.1
1024,2560,512,hk_256x256x64,86.1,0.0312,0.0313,0.0291,0.0016,0.0078,PASS,10,89.9,95.8
1024,2560,1024,hk_128x128x64,193.5,0.0277,0.0282,0.0267,0.0020,0.0078,PASS,10,137.1,141.2
1024,2560,1024,hk_256x256x64,114.6,0.0468,0.0473,0.0458,0.0017,0.0078,PASS,10,137.1,83.6
1024,2816,64,hk_128x128x64,39.3,0.0094,0.0104,0.0086,0.0023,0.0020,PASS,10,15.9,247.0
1024,2816,64,hk_256x256x64,25.5,0.0145,0.0153,0.0136,0.0022,0.0020,PASS,10,15.9,160.1
1024,2816,256,hk_128x128x64,109.9,0.0134,0.0138,0.0127,0.0015,0.0039,PASS,10,58.2,189.0
1024,2816,256,hk_256x256x64,66.6,0.0222,0.0229,0.0217,0.0019,0.0039,PASS,10,58.2,114.5
1024,2816,512,hk_128x128x64,163.3,0.0181,0.0188,0.0174,0.0021,0.0078,PASS,10,98.7,165.4
1024,2816,512,hk_256x256x64,96.7,0.0305,0.0310,0.0293,0.0013,0.0078,PASS,10,98.7,97.9
1024,2944,2048,hk_128x128x64,243.1,0.0508,0.0514,0.0500,0.0019,0.0156,PASS,10,214.0,113.6
1024,2944,8192,hk_128x128x64,236.6,0.2088,0.2078,0.2047,0.0020,0.0312,PASS,10,360.9,65.6
1024,3200,128,hk_128x128x64,74.2,0.0113,0.0115,0.0104,0.0011,0.0039,PASS,10,34.5,215.2
1024,3200,1024,hk_128x128x64,222.0,0.0302,0.0302,0.0290,0.0006,0.0078,PASS,10,160.2,138.6
1024,3328,128,hk_128x128x64,75.0,0.0116,0.0117,0.0107,0.0007,0.0039,PASS,10,36.2,207.2
1024,3328,128,hk_256x256x64,46.7,0.0187,0.0190,0.0179,0.0019,0.0039,PASS,10,36.2,129.0
1024,3328,256,hk_128x128x64,128.0,0.0136,0.0146,0.0129,0.0020,0.0039,PASS,10,68.1,187.9
1024,3328,256,hk_256x256x64,77.7,0.0225,0.0226,0.0221,0.0004,0.0039,PASS,10,68.1,114.1
1024,3328,4096,hk_128x128x64,305.1,0.0915,0.0916,0.0906,0.0008,0.0156,PASS,10,293.8,103.9
1024,3328,4096,hk_256x256x64,184.7,0.1512,0.1536,0.1454,0.0085,0.0156,PASS,10,293.8,62.8
1024,3328,8192,hk_128x128x64,258.0,0.2164,0.2164,0.2147,0.0018,0.0312,PASS,10,365.8,70.5
1024,3328,8192,hk_256x256x64,161.4,0.3460,0.3442,0.3345,0.0061,0.0312,PASS,10,365.8,44.1
1024,3456,64,hk_128x128x64,46.5,0.0097,0.0097,0.0089,0.0003,0.0020,PASS,10,20.5,226.8
1024,3456,1024,hk_128x128x64,224.8,0.0322,0.0323,0.0315,0.0006,0.0078,PASS,10,166.6,135.0
1024,3456,4096,hk_128x128x64,321.5,0.0902,0.0907,0.0894,0.0013,0.0156,PASS,10,298.4,107.7
1024,3584,256,hk_128x128x64,127.4,0.0148,0.0149,0.0140,0.0008,0.0039,PASS,10,68.8,185.1
1024,3584,256,hk_256x256x64,79.2,0.0237,0.0242,0.0233,0.0012,0.0039,PASS,10,68.8,115.0
1024,3712,1024,hk_128x128x64,240.0,0.0324,0.0323,0.0316,0.0004,0.0078,PASS,10,188.1,127.6
1024,3840,128,hk_128x128x64,83.1,0.0121,0.0122,0.0113,0.0010,0.0039,PASS,10,41.8,199.0
1024,3840,128,hk_256x256x64,52.2,0.0193,0.0199,0.0185,0.0019,0.0039,PASS,10,41.8,125.0
1024,3840,2048,hk_128x128x64,282.7,0.0570,0.0571,0.0560,0.0012,0.0156,PASS,10,248.1,113.9
1024,3840,2048,hk_256x256x64,185.6,0.0868,0.0886,0.0856,0.0036,0.0156,PASS,10,248.1,74.8
1024,4096,2048,hk_128x128x64,298.8,0.0575,0.0576,0.0560,0.0010,0.0156,PASS,10,256.1,116.7
1024,4096,2048,hk_256x256x64,186.1,0.0923,0.0939,0.0898,0.0036,0.0156,PASS,10,256.1,72.7
1024,4096,8192,hk_128x128x64,305.3,0.2251,0.2241,0.2213,0.0017,0.0312,PASS,10,417.5,73.1
1024,4096,8192,hk_256x256x64,192.1,0.3577,0.3584,0.3440,0.0069,0.0312,PASS,10,417.5,46.0
1024,4224,8192,hk_128x128x64,315.8,0.2244,0.2244,0.2222,0.0013,0.0312,PASS,10,426.2,74.1
1024,4352,2048,hk_128x128x64,317.9,0.0574,0.0573,0.0563,0.0007,0.0156,PASS,10,296.0,107.4
1024,4352,2048,hk_256x256x64,200.0,0.0913,0.0925,0.0890,0.0033,0.0156,PASS,10,296.0,67.5
1024,4480,8192,hk_128x128x64,323.7,0.2322,0.2298,0.2152,0.0057,0.0312,PASS,10,389.2,83.2
1024,4608,128,hk_128x128x64,92.4,0.0131,0.0130,0.0125,0.0003,0.0039,PASS,10,46.3,199.7
1024,4608,128,hk_256x256x64,61.6,0.0196,0.0197,0.0185,0.0009,0.0039,PASS,10,46.3,133.1
1024,4864,512,hk_128x128x64,226.8,0.0225,0.0226,0.0223,0.0003,0.0078,PASS,10,151.8,149.4
1024,4864,512,hk_256x256x64,150.5,0.0339,0.0342,0.0332,0.0009,0.0078,PASS,10,151.8,99.2
1024,4864,4096,hk_128x128x64,384.2,0.1062,0.1061,0.1030,0.0025,0.0156,PASS,10,371.8,103.3
1024,4864,4096,hk_256x256x64,245.6,0.1661,0.1684,0.1649,0.0043,0.0156,PASS,10,371.8,66.0
1024,4992,4096,hk_128x128x64,237.0,0.1767,0.1768,0.1748,0.0012,0.0156,PASS,10,315.9,75.0
1024,5120,512,hk_128x128x64,162.5,0.0330,0.0328,0.0314,0.0006,0.0078,PASS,10,133.1,122.1
1024,5120,512,hk_256x256x64,157.7,0.0340,0.0339,0.0333,0.0005,0.0078,PASS,10,133.1,118.5
1024,5248,2048,hk_128x128x64,227.3,0.0968,0.0968,0.0961,0.0004,0.0156,PASS,10,288.8,78.7
1024,5376,64,hk_128x128x64,48.4,0.0146,0.0147,0.0134,0.0014,0.0020,PASS,10,24.3,199.2
1024,5376,64,hk_256x256x64,44.7,0.0158,0.0158,0.0151,0.0004,0.0020,PASS,10,24.3,184.0
1024,5632,64,hk_128x128x64,50.6,0.0146,0.0151,0.0136,0.0016,0.0020,PASS,10,26.7,189.6
1024,5632,64,hk_256x256x64,47.1,0.0157,0.0160,0.0148,0.0011,0.0020,PASS,10,26.7,176.5
1024,5632,128,hk_128x128x64,83.5,0.0177,0.0180,0.0166,0.0018,0.0039,PASS,10,49.8,167.6
1024,5632,128,hk_256x256x64,75.8,0.0195,0.0198,0.0184,0.0014,0.0039,PASS,10,49.8,152.1
1024,5632,1024,hk_128x128x64,214.3,0.0551,0.0554,0.0538,0.0016,0.0078,PASS,10,203.5,105.3
1024,5632,1024,hk_256x256x64,221.7,0.0533,0.0532,0.0516,0.0013,0.0078,PASS,10,203.5,109.0
1024,5632,8192,hk_128x128x64,253.7,0.3725,0.3732,0.3714,0.0023,0.0312,PASS,10,422.9,60.0
1024,5632,8192,hk_256x256x64,246.5,0.3834,0.3833,0.3790,0.0030,0.0312,PASS,10,422.9,58.3
1024,5888,64,hk_128x128x64,52.2,0.0148,0.0152,0.0142,0.0017,0.0020,PASS,10,27.0,193.5
1024,5888,64,hk_256x256x64,48.5,0.0159,0.0160,0.0152,0.0005,0.0020,PASS,10,27.0,179.8
1024,5888,256,hk_128x128x64,133.9,0.0231,0.0236,0.0218,0.0020,0.0039,PASS,10,90.8,147.5
1024,5888,256,hk_256x256x64,120.9,0.0255,0.0260,0.0243,0.0020,0.0039,PASS,10,90.8,133.1
1024,6272,8192,hk_128x128x64,276.0,0.3813,0.3816,0.3765,0.0033,0.0312,PASS,10,444.1,62.1
1024,6528,256,hk_128x128x64,145.2,0.0236,0.0234,0.0227,0.0005,0.0039,PASS,10,80.2,181.0
1024,6528,4096,hk_128x128x64,304.5,0.1798,0.1797,0.1785,0.0006,0.0156,PASS,10,361.7,84.2
1024,6656,2048,hk_128x128x64,281.9,0.0990,0.0991,0.0983,0.0005,0.0156,PASS,10,327.5,86.1
1024,6656,2048,hk_256x256x64,284.8,0.0980,0.0979,0.0955,0.0020,0.0156,PASS,10,327.5,87.0
1024,6784,512,hk_128x128x64,209.5,0.0340,0.0340,0.0329,0.0005,0.0078,PASS,10,130.4,160.7
1024,6784,1024,hk_128x128x64,253.5,0.0561,0.0560,0.0550,0.0006,0.0156,PASS,10,212.9,119.1
1024,7296,128,hk_128x128x64,99.4,0.0192,0.0200,0.0182,0.0022,0.0039,PASS,10,49.9,199.2
1024,7424,64,hk_128x128x64,60.5,0.0161,0.0166,0.0156,0.0014,0.0020,PASS,10,37.3,162.3
1024,7424,64,hk_256x256x64,55.2,0.0176,0.0177,0.0163,0.0008,0.0020,PASS,10,37.3,148.0
1024,7424,1024,hk_128x128x64,271.0,0.0575,0.0576,0.0563,0.0016,0.0078,PASS,10,234.9,115.4
1024,7424,1024,hk_256x256x64,268.0,0.0581,0.0579,0.0559,0.0017,0.0078,PASS,10,234.9,114.1
1024,7424,8192,hk_128x128x64,307.0,0.4057,0.4044,0.3970,0.0038,0.0312,PASS,10,457.7,67.1
1024,7424,8192,hk_256x256x64,311.4,0.3999,0.4019,0.3931,0.0057,0.0312,PASS,10,457.7,68.0
1024,7680,128,hk_128x128x64,100.2,0.0201,0.0203,0.0198,0.0004,0.0039,PASS,10,68.0,147.5
1024,7680,128,hk_256x256x64,91.3,0.0221,0.0220,0.0215,0.0004,0.0039,PASS,10,68.0,134.4
1024,7808,128,hk_128x128x64,108.2,0.0189,0.0189,0.0181,0.0004,0.0039,PASS,10,47.6,227.3
1024,7936,256,hk_128x128x64,171.3,0.0243,0.0242,0.0236,0.0004,0.0039,PASS,10,123.1,139.1
1024,7936,256,hk_256x256x64,155.1,0.0268,0.0274,0.0258,0.0020,0.0039,PASS,10,123.1,126.0
1024,8064,1024,hk_128x128x64,270.4,0.0625,0.0623,0.0611,0.0008,0.0078,PASS,10,223.3,121.1
1024,8064,2048,hk_128x128x64,327.9,0.1032,0.1034,0.1020,0.0014,0.0156,PASS,10,327.4,100.2
1024,8064,8192,hk_128x128x64,324.6,0.4168,0.4179,0.4154,0.0025,0.0312,PASS,10,478.6,67.8
1024,8192,128,hk_128x128x64,100.9,0.0213,0.0212,0.0204,0.0005,0.0039,PASS,10,68.8,146.5
1024,8192,128,hk_256x256x64,90.8,0.0237,0.0238,0.0224,0.0016,0.0039,PASS,10,68.8,131.9
1024,8192,2048,hk_128x128x64,331.0,0.1038,0.1040,0.1027,0.0010,0.0156,PASS,10,373.9,88.5
1024,8192,2048,hk_256x256x64,323.6,0.1062,0.1072,0.1050,0.0020,0.0156,PASS,10,373.9,86.6
1024,8192,4096,hk_128x128x64,357.5,0.1922,0.1923,0.1844,0.0039,0.0156,PASS,10,463.4,77.2
1024,8192,4096,hk_256x256x64,356.3,0.1929,0.1938,0.1916,0.0025,0.0156,PASS,10,463.4,76.9
1152,1152,1536,hk_128x128x64,83.2,0.0490,0.0486,0.0470,0.0009,0.0156,PASS,10,123.7,67.3
1152,1152,1536,hk_192x192x64,70.1,0.0581,0.0581,0.0569,0.0008,0.0156,PASS,10,123.7,56.7
1152,1280,2048,hk_128x128x64,137.8,0.0438,0.0445,0.0425,0.0021,0.0156,PASS,10,138.3,99.6
1152,1408,8192,hk_128x128x64,138.6,0.1918,0.1925,0.1888,0.0026,0.0312,PASS,10,268.5,51.6
1152,1536,4096,hk_128x128x64,182.1,0.0796,0.0797,0.0769,0.0021,0.0156,PASS,10,208.1,87.5
1152,1536,4096,hk_192x192x64,145.3,0.0997,0.1004,0.0993,0.0019,0.0156,PASS,10,208.1,69.8
1152,1664,64,hk_128x128x64,27.7,0.0089,0.0087,0.0079,0.0004,0.0020,PASS,10,11.0,251.1
1152,1664,128,hk_128x128x64,48.2,0.0102,0.0106,0.0092,0.0016,0.0039,PASS,10,22.1,217.7
1152,1664,1024,hk_128x128x64,151.3,0.0259,0.0258,0.0250,0.0004,0.0078,PASS,10,123.8,122.3
1152,1664,4096,hk_128x128x64,191.7,0.0819,0.0824,0.0809,0.0021,0.0156,PASS,10,241.8,79.3
1152,1792,512,hk_128x128x64,118.0,0.0179,0.0181,0.0171,0.0011,0.0078,PASS,10,80.7,146.1
1152,1792,2048,hk_128x128x64,191.6,0.0441,0.0447,0.0429,0.0019,0.0156,PASS,10,178.0,107.6
1152,1920,768,hk_128x128x64,127.4,0.0267,0.0269,0.0253,0.0016,0.0078,PASS,10,114.7,111.1
1152,1920,768,hk_192x192x64,100.9,0.0337,0.0337,0.0322,0.0012,0.0078,PASS,10,114.7,88.0
1152,2048,2048,hk_128x128x64,205.1,0.0471,0.0473,0.0452,0.0017,0.0156,PASS,10,191.8,107.0
1152,2112,6144,hk_192x192x64,138.2,0.2163,0.2163,0.2118,0.0037,0.0312,PASS,10,271.9,50.9
1152,2176,64,hk_128x128x64,35.3,0.0091,0.0090,0.0085,0.0004,0.0020,PASS,10,14.2,248.5
1152,2176,8192,hk_128x128x64,203.7,0.2016,0.2010,0.1960,0.0023,0.0312,PASS,10,323.2,63.0
1152,2304,512,hk_128x128x64,154.8,0.0176,0.0176,0.0167,0.0004,0.0078,PASS,10,97.0,159.6
1152,2304,512,hk_192x192x64,114.9,0.0237,0.0235,0.0218,0.0012,0.0078,PASS,10,97.0,118.5
1152,2304,768,hk_128x128x64,149.3,0.0273,0.0273,0.0270,0.0002,0.0078,PASS,10,126.6,117.9
1152,2304,768,hk_192x192x64,120.2,0.0339,0.0349,0.0330,0.0023,0.0078,PASS,10,126.6,94.9
1152,2304,1024,hk_128x128x64,197.4,0.0275,0.0281,0.0271,0.0019,0.0078,PASS,10,147.1,134.2
1152,2304,1024,hk_192x192x64,153.0,0.0355,0.0359,0.0339,0.0021,0.0078,PASS,10,147.1,104.1
1152,2304,4096,hk_128x128x64,249.0,0.0873,0.0874,0.0863,0.0010,0.0156,PASS,10,253.8,98.1
1152,2304,4096,hk_192x192x64,204.1,0.1065,0.1072,0.1048,0.0022,0.0156,PASS,10,253.8,80.4
1152,2304,6144,hk_128x128x64,182.2,0.1790,0.1791,0.1760,0.0024,0.0156,PASS,10,309.0,59.0
1152,2304,6144,hk_192x192x64,153.3,0.2128,0.2132,0.2118,0.0013,0.0156,PASS,10,309.0,49.6
1152,2432,512,hk_128x128x64,162.6,0.0176,0.0176,0.0172,0.0002,0.0078,PASS,10,101.2,160.7
1152,2496,768,hk_192x192x64,130.8,0.0338,0.0336,0.0330,0.0005,0.0078,PASS,10,121.5,107.7
1152,2688,768,hk_128x128x64,171.7,0.0277,0.0282,0.0268,0.0017,0.0078,PASS,10,143.3,119.8
1152,2688,768,hk_192x192x64,140.1,0.0340,0.0339,0.0334,0.0003,0.0078,PASS,10,143.3,97.8
1152,2688,4096,hk_128x128x64,286.3,0.0886,0.0891,0.0872,0.0014,0.0156,PASS,10,286.6,99.9
1152,2688,4096,hk_192x192x64,227.0,0.1117,0.1124,0.1103,0.0019,0.0156,PASS,10,286.6,79.2
1152,2688,8192,hk_128x128x64,236.5,0.2145,0.2148,0.2124,0.0017,0.0312,PASS,10,361.6,65.4
1152,2688,8192,hk_192x192x64,196.6,0.2581,0.2588,0.2553,0.0035,0.0312,PASS,10,361.6,54.4
1152,2816,64,hk_128x128x64,42.8,0.0097,0.0097,0.0088,0.0009,0.0020,PASS,10,18.1,236.0
1152,2816,128,hk_128x128x64,75.0,0.0111,0.0111,0.0107,0.0004,0.0039,PASS,10,34.7,216.3
1152,2816,256,hk_128x128x64,119.0,0.0140,0.0140,0.0129,0.0012,0.0039,PASS,10,66.3,179.6
1152,2816,2048,hk_128x128x64,264.1,0.0503,0.0512,0.0491,0.0022,0.0156,PASS,10,235.1,112.3
1152,2880,384,hk_192x192x64,120.4,0.0212,0.0213,0.0200,0.0013,0.0039,PASS,10,79.6,151.1
1152,2880,768,hk_192x192x64,147.5,0.0346,0.0345,0.0330,0.0016,0.0078,PASS,10,128.3,115.0
1152,2944,256,hk_128x128x64,125.2,0.0139,0.0142,0.0132,0.0011,0.0039,PASS,10,67.9,184.4
1152,2944,1024,hk_128x128x64,227.3,0.0306,0.0309,0.0297,0.0011,0.0078,PASS,10,176.1,129.1
1152,3072,128,hk_128x128x64,76.1,0.0119,0.0126,0.0113,0.0014,0.0039,PASS,10,36.6,208.1
1152,3072,128,hk_192x192x64,64.0,0.0142,0.0145,0.0126,0.0014,0.0039,PASS,10,36.6,175.1
1152,3072,1024,hk_128x128x64,228.8,0.0317,0.0318,0.0305,0.0011,0.0078,PASS,10,177.1,129.2
1152,3072,1024,hk_192x192x64,195.6,0.0370,0.0372,0.0361,0.0012,0.0078,PASS,10,177.1,110.5
1152,3200,512,hk_128x128x64,189.4,0.0199,0.0200,0.0189,0.0009,0.0078,PASS,10,127.8,148.3
1152,3200,1024,hk_128x128x64,232.5,0.0325,0.0325,0.0313,0.0009,0.0078,PASS,10,187.7,123.8
1152,3264,64,hk_192x192x64,39.0,0.0123,0.0126,0.0120,0.0011,0.0020,PASS,10,16.0,244.2
1152,3584,256,hk_128x128x64,145.7,0.0145,0.0153,0.0136,0.0019,0.0039,PASS,10,81.1,179.6
1152,3712,1024,hk_128x128x64,258.8,0.0338,0.0341,0.0328,0.0012,0.0078,PASS,10,204.0,126.9
1152,3840,1024,hk_128x128x64,261.8,0.0346,0.0346,0.0335,0.0008,0.0078,PASS,10,212.6,123.2
1152,3840,1024,hk_192x192x64,227.1,0.0399,0.0403,0.0390,0.0015,0.0078,PASS,10,212.6,106.8
1152,3840,1536,hk_128x128x64,260.3,0.0522,0.0526,0.0510,0.0019,0.0156,PASS,10,251.3,103.6
1152,3840,1536,hk_192x192x64,213.7,0.0636,0.0633,0.0615,0.0010,0.0156,PASS,10,251.3,85.1
1152,3840,4096,hk_128x128x64,365.5,0.0991,0.0993,0.0977,0.0017,0.0156,PASS,10,347.1,105.3
1152,3840,4096,hk_192x192x64,293.0,0.1237,0.1243,0.1209,0.0028,0.0156,PASS,10,347.1,84.4
1152,3968,2048,hk_128x128x64,316.4,0.0592,0.0597,0.0582,0.0018,0.0156,PASS,10,290.2,109.0
1152,4032,768,hk_192x192x64,189.5,0.0376,0.0375,0.0359,0.0007,0.0078,PASS,10,156.5,121.1
1152,4032,1536,hk_192x192x64,228.3,0.0625,0.0625,0.0612,0.0006,0.0078,PASS,10,229.3,99.6
1152,4096,64,hk_128x128x64,52.5,0.0115,0.0114,0.0108,0.0003,0.0020,PASS,10,25.2,208.0
1152,4096,512,hk_128x128x64,212.5,0.0227,0.0226,0.0220,0.0003,0.0078,PASS,10,138.7,153.3
1152,4224,192,hk_128x128x64,134.7,0.0139,0.0143,0.0131,0.0017,0.0039,PASS,10,70.8,190.2
1152,4224,192,hk_192x192x64,114.2,0.0164,0.0173,0.0154,0.0020,0.0039,PASS,10,70.8,161.3
1152,4352,64,hk_128x128x64,48.6,0.0132,0.0140,0.0123,0.0025,0.0020,PASS,10,26.3,185.1
1152,4416,64,hk_192x192x64,51.9,0.0125,0.0127,0.0116,0.0010,0.0020,PASS,10,19.6,264.9
1152,4416,6144,hk_192x192x64,275.1,0.2272,0.2277,0.2244,0.0024,0.0156,PASS,10,347.0,79.3
1152,4480,64,hk_128x128x64,46.3,0.0143,0.0140,0.0130,0.0005,0.0020,PASS,10,20.0,231.2
1152,4480,2048,hk_128x128x64,219.3,0.0964,0.0964,0.0955,0.0006,0.0156,PASS,10,273.9,80.1
1152,4608,1024,hk_128x128x64,195.1,0.0557,0.0559,0.0547,0.0013,0.0078,PASS,10,224.8,86.8
1152,4608,1024,hk_192x192x64,268.7,0.0405,0.0408,0.0396,0.0015,0.0078,PASS,10,224.8,119.5
1152,4608,2048,hk_128x128x64,222.7,0.0976,0.0974,0.0961,0.0007,0.0156,PASS,10,284.7,78.2
1152,4608,2048,hk_192x192x64,317.3,0.0685,0.0691,0.0676,0.0022,0.0156,PASS,10,284.7,111.5
1152,4736,1024,hk_128x128x64,204.9,0.0545,0.0550,0.0538,0.0013,0.0078,PASS,10,225.3,91.0
1152,4800,192,hk_192x192x64,128.9,0.0165,0.0165,0.0161,0.0003,0.0039,PASS,10,57.4,224.3
1152,4864,64,hk_128x128x64,49.8,0.0144,0.0143,0.0137,0.0003,0.0020,PASS,10,29.7,167.7
1152,4992,1536,hk_128x128x64,197.7,0.0894,0.0895,0.0882,0.0007,0.0078,PASS,10,243.7,81.1
1152,4992,1536,hk_192x192x64,274.5,0.0643,0.0645,0.0631,0.0015,0.0078,PASS,10,243.7,112.6
1152,5248,512,hk_128x128x64,186.9,0.0331,0.0333,0.0328,0.0004,0.0078,PASS,10,164.8,113.4
1152,5248,1024,hk_128x128x64,225.4,0.0549,0.0548,0.0539,0.0005,0.0078,PASS,10,198.3,113.7
1152,5376,2048,hk_128x128x64,260.7,0.0973,0.0974,0.0968,0.0005,0.0156,PASS,10,327.3,79.6
1152,5376,2048,hk_192x192x64,336.2,0.0755,0.0753,0.0730,0.0019,0.0156,PASS,10,327.3,102.7
1152,5376,6144,hk_128x128x64,232.3,0.3276,0.3264,0.3215,0.0034,0.0156,PASS,10,417.9,55.6
1152,5376,6144,hk_192x192x64,306.9,0.2479,0.2463,0.2341,0.0045,0.0156,PASS,10,417.9,73.4
1152,5504,1024,hk_128x128x64,232.2,0.0559,0.0554,0.0541,0.0008,0.0078,PASS,10,218.1,106.5
1152,5568,768,hk_192x192x64,248.0,0.0397,0.0395,0.0382,0.0005,0.0078,PASS,10,178.2,139.2
1152,5568,1536,hk_192x192x64,298.2,0.0661,0.0662,0.0650,0.0007,0.0156,PASS,10,257.3,115.9
1152,5632,256,hk_128x128x64,141.9,0.0234,0.0235,0.0227,0.0006,0.0039,PASS,10,109.6,129.5
1152,5888,2048,hk_128x128x64,281.6,0.0987,0.0988,0.0975,0.0009,0.0156,PASS,10,332.4,84.7
1152,6016,256,hk_128x128x64,152.9,0.0232,0.0230,0.0219,0.0009,0.0039,PASS,10,85.9,177.9
1152,6144,512,hk_128x128x64,210.9,0.0344,0.0346,0.0337,0.0013,0.0078,PASS,10,181.0,116.6
1152,6144,512,hk_192x192x64,237.2,0.0305,0.0307,0.0283,0.0016,0.0078,PASS,10,181.0,131.1
1152,6144,8192,hk_128x128x64,297.6,0.3897,0.3892,0.3832,0.0049,0.0312,PASS,10,489.4,60.8
1152,6144,8192,hk_192x192x64,365.1,0.3177,0.3159,0.2978,0.0100,0.0312,PASS,10,489.4,74.6
1152,6272,2048,hk_128x128x64,298.0,0.0993,0.0994,0.0984,0.0007,0.0156,PASS,10,314.8,94.7
1152,6400,64,hk_128x128x64,53.9,0.0175,0.0178,0.0160,0.0018,0.0020,PASS,10,35.2,153.1
1152,6400,128,hk_128x128x64,100.6,0.0188,0.0187,0.0182,0.0003,0.0039,PASS,10,69.3,145.1
1152,6528,4096,hk_128x128x64,328.0,0.1878,0.1859,0.1820,0.0026,0.0156,PASS,10,371.1,88.4
1152,6528,4096,hk_192x192x64,435.2,0.1416,0.1415,0.1398,0.0011,0.0156,PASS,10,371.1,117.3
1152,6656,64,hk_128x128x64,55.5,0.0177,0.0178,0.0173,0.0004,0.0020,PASS,10,33.7,164.8
1152,6784,2048,hk_128x128x64,317.6,0.1008,0.1014,0.1000,0.0014,0.0156,PASS,10,301.8,105.3
1152,6784,4096,hk_128x128x64,339.5,0.1886,0.1868,0.1827,0.0031,0.0156,PASS,10,388.2,87.5
1152,7040,256,hk_128x128x64,169.2,0.0245,0.0247,0.0238,0.0011,0.0039,PASS,10,83.8,202.0
1152,7040,1024,hk_128x128x64,281.2,0.0591,0.0589,0.0576,0.0006,0.0078,PASS,10,224.2,125.5
1152,7168,8192,hk_128x128x64,322.1,0.4200,0.4181,0.4079,0.0049,0.0312,PASS,10,479.1,67.2
1152,7296,64,hk_128x128x64,61.8,0.0174,0.0176,0.0165,0.0009,0.0020,PASS,10,23.2,266.8
1152,7296,64,hk_192x192x64,68.3,0.0158,0.0159,0.0146,0.0014,0.0020,PASS,10,23.2,294.7
1152,7296,128,hk_128x128x64,115.9,0.0186,0.0187,0.0182,0.0005,0.0039,PASS,10,50.3,230.2
1152,7296,128,hk_192x192x64,123.7,0.0174,0.0180,0.0169,0.0015,0.0039,PASS,10,50.3,245.6
1152,7424,256,hk_128x128x64,178.8,0.0245,0.0255,0.0238,0.0021,0.0039,PASS,10,125.0,143.0
1152,7552,128,hk_128x128x64,117.2,0.0190,0.0192,0.0180,0.0014,0.0039,PASS,10,55.9,209.5
1152,7680,2048,hk_128x128x64,340.6,0.1064,0.1059,0.1034,0.0024,0.0156,PASS,10,368.0,92.5
1152,7680,2048,hk_192x192x64,402.3,0.0901,0.0897,0.0886,0.0007,0.0156,PASS,10,368.0,109.3
1152,7680,4096,hk_128x128x64,367.7,0.1971,0.1969,0.1946,0.0013,0.0156,PASS,10,478.9,76.8
1152,7680,4096,hk_192x192x64,465.3,0.1558,0.1550,0.1523,0.0018,0.0156,PASS,10,478.9,97.2
1152,8064,64,hk_128x128x64,62.6,0.0190,0.0193,0.0180,0.0012,0.0020,PASS,10,24.7,253.0
1152,8064,64,hk_192x192x64,71.3,0.0167,0.0166,0.0158,0.0003,0.0020,PASS,10,24.7,288.2
1152,8192,512,hk_128x128x64,245.0,0.0395,0.0397,0.0387,0.0014,0.0078,PASS,10,215.8,113.5
1152,8192,2048,hk_128x128x64,361.9,0.1068,0.1075,0.1064,0.0014,0.0156,PASS,10,390.5,92.7
1152,8192,4096,hk_128x128x64,384.1,0.2013,0.2012,0.1972,0.0019,0.0156,PASS,10,494.4,77.7
1280,1280,512,hk_128x128x64,89.4,0.0188,0.0184,0.0173,0.0010,0.0078,PASS,10,58.5,152.8
1280,1280,512,hk_256x256x64,53.2,0.0315,0.0319,0.0309,0.0009,0.0078,PASS,10,58.5,91.0
1280,1408,512,hk_128x128x64,108.8,0.0170,0.0167,0.0159,0.0006,0.0078,PASS,10,72.4,150.4
1280,1792,64,hk_128x128x64,31.4,0.0093,0.0095,0.0084,0.0014,0.0020,PASS,10,12.7,247.2
1280,1792,64,hk_256x256x64,20.8,0.0141,0.0140,0.0131,0.0004,0.0020,PASS,10,12.7,163.6
1280,1920,64,hk_128x128x64,34.9,0.0090,0.0093,0.0080,0.0017,0.0020,PASS,10,12.7,274.7
1280,1920,256,hk_128x128x64,96.3,0.0131,0.0139,0.0123,0.0027,0.0039,PASS,10,54.2,177.6
1280,1920,4096,hk_128x128x64,232.3,0.0867,0.0861,0.0836,0.0012,0.0156,PASS,10,266.4,87.2
1280,2176,64,hk_128x128x64,37.8,0.0094,0.0097,0.0084,0.0015,0.0020,PASS,10,15.4,246.0
1280,2432,128,hk_128x128x64,72.0,0.0111,0.0114,0.0104,0.0015,0.0039,PASS,10,34.2,210.9
1280,2688,2048,hk_128x128x64,275.3,0.0512,0.0516,0.0499,0.0020,0.0156,PASS,10,231.0,119.2
1280,2688,8192,hk_128x128x64,263.5,0.2139,0.2131,0.2100,0.0028,0.0312,PASS,10,379.7,69.4
1280,2816,2048,hk_128x128x64,282.8,0.0522,0.0523,0.0511,0.0011,0.0156,PASS,10,243.1,116.4
1280,2816,2048,hk_256x256x64,163.8,0.0901,0.0895,0.0853,0.0034,0.0156,PASS,10,243.1,67.4
1280,3072,2048,hk_128x128x64,292.0,0.0552,0.0553,0.0546,0.0006,0.0156,PASS,10,251.9,115.9
1280,3072,2048,hk_256x256x64,179.6,0.0897,0.0880,0.0834,0.0035,0.0156,PASS,10,251.9,71.3
1280,3456,512,hk_128x128x64,211.2,0.0214,0.0216,0.0204,0.0011,0.0078,PASS,10,137.3,153.8
1280,3456,1024,hk_128x128x64,262.4,0.0345,0.0345,0.0338,0.0004,0.0078,PASS,10,208.5,125.9
1280,3456,8192,hk_128x128x64,324.7,0.2232,0.2229,0.2189,0.0030,0.0312,PASS,10,424.9,76.4
1280,3840,64,hk_128x128x64,53.0,0.0119,0.0121,0.0110,0.0014,0.0020,PASS,10,24.4,217.6
1280,3840,64,hk_256x256x64,39.4,0.0160,0.0158,0.0147,0.0006,0.0020,PASS,10,24.4,161.8
1280,3840,256,hk_128x128x64,156.9,0.0160,0.0162,0.0155,0.0008,0.0039,PASS,10,89.2,176.0
1280,3840,256,hk_256x256x64,105.3,0.0239,0.0236,0.0228,0.0006,0.0039,PASS,10,89.2,118.1
1280,3968,512,hk_128x128x64,159.8,0.0326,0.0328,0.0316,0.0015,0.0078,PASS,10,146.1,109.4
1280,4096,2048,hk_128x128x64,223.1,0.0963,0.0962,0.0951,0.0006,0.0156,PASS,10,287.2,77.7
1280,4096,2048,hk_256x256x64,241.8,0.0888,0.0890,0.0872,0.0011,0.0156,PASS,10,287.2,84.2
1280,4224,1024,hk_128x128x64,201.6,0.0549,0.0552,0.0537,0.0015,0.0078,PASS,10,230.3,87.5
1280,4224,4096,hk_128x128x64,250.6,0.1767,0.1768,0.1754,0.0009,0.0156,PASS,10,338.3,74.1
1280,4352,512,hk_128x128x64,170.4,0.0335,0.0336,0.0328,0.0010,0.0078,PASS,10,145.3,117.2
1280,4352,512,hk_256x256x64,159.3,0.0358,0.0356,0.0344,0.0006,0.0078,PASS,10,145.3,109.6
1280,4480,256,hk_128x128x64,134.4,0.0219,0.0224,0.0212,0.0016,0.0039,PASS,10,74.0,181.5
1280,4480,512,hk_128x128x64,176.7,0.0332,0.0338,0.0327,0.0016,0.0078,PASS,10,123.5,143.1
1280,4736,4096,hk_128x128x64,276.5,0.1796,0.1793,0.1779,0.0007,0.0156,PASS,10,359.7,76.9
1280,4736,8192,hk_128x128x64,263.4,0.3771,0.3767,0.3718,0.0024,0.0312,PASS,10,483.6,54.5
1280,4864,64,hk_128x128x64,50.1,0.0159,0.0159,0.0151,0.0005,0.0020,PASS,10,31.8,157.7
1280,4864,64,hk_256x256x64,48.6,0.0164,0.0169,0.0156,0.0014,0.0020,PASS,10,31.8,153.1
1280,4864,256,hk_128x128x64,140.7,0.0227,0.0229,0.0215,0.0010,0.0039,PASS,10,108.9,129.2
1280,4864,256,hk_256x256x64,123.1,0.0259,0.0257,0.0247,0.0005,0.0039,PASS,10,108.9,113.0
1280,4992,1024,hk_128x128x64,235.7,0.0555,0.0555,0.0538,0.0015,0.0078,PASS,10,225.7,104.4
1280,5120,128,hk_128x128x64,91.8,0.0183,0.0186,0.0176,0.0016,0.0039,PASS,10,61.6,148.9
1280,5120,128,hk_256x256x64,84.9,0.0198,0.0202,0.0190,0.0015,0.0039,PASS,10,61.6,137.7
1280,5120,512,hk_128x128x64,201.4,0.0333,0.0336,0.0324,0.0016,0.0078,PASS,10,162.0,124.3
1280,5120,512,hk_256x256x64,193.1,0.0348,0.0350,0.0332,0.0014,0.0078,PASS,10,162.0,119.1
1280,5120,4096,hk_128x128x64,299.0,0.1795,0.1793,0.1778,0.0008,0.0156,PASS,10,384.9,77.7
1280,5120,4096,hk_256x256x64,309.2,0.1736,0.1771,0.1712,0.0055,0.0156,PASS,10,384.9,80.3
1280,5248,128,hk_128x128x64,93.9,0.0183,0.0184,0.0170,0.0009,0.0039,PASS,10,56.0,167.6
1280,5376,128,hk_128x128x64,97.0,0.0182,0.0185,0.0179,0.0007,0.0039,PASS,10,59.3,163.6
1280,5376,128,hk_256x256x64,87.0,0.0202,0.0205,0.0198,0.0009,0.0039,PASS,10,59.3,146.7
1280,5760,8192,hk_128x128x64,304.1,0.3972,0.3981,0.3929,0.0037,0.0312,PASS,10,434.3,70.0
1280,5888,256,hk_128x128x64,157.5,0.0245,0.0246,0.0240,0.0005,0.0039,PASS,10,112.6,139.9
1280,5888,256,hk_256x256x64,139.1,0.0277,0.0278,0.0271,0.0005,0.0039,PASS,10,112.6,123.6
1280,6144,256,hk_128x128x64,165.5,0.0243,0.0245,0.0225,0.0020,0.0039,PASS,10,122.9,134.6
1280,6144,256,hk_256x256x64,154.0,0.0261,0.0265,0.0251,0.0015,0.0039,PASS,10,122.9,125.3
1280,6528,4096,hk_128x128x64,357.8,0.1913,0.1900,0.1839,0.0032,0.0156,PASS,10,398.4,89.8
1280,6656,128,hk_128x128x64,101.3,0.0215,0.0213,0.0193,0.0019,0.0039,PASS,10,70.4,144.0
1280,6656,128,hk_256x256x64,98.4,0.0222,0.0221,0.0214,0.0004,0.0039,PASS,10,70.4,139.8
1280,6656,1024,hk_128x128x64,299.9,0.0582,0.0584,0.0579,0.0004,0.0078,PASS,10,280.2,107.0
1280,6656,1024,hk_256x256x64,285.9,0.0610,0.0612,0.0595,0.0016,0.0078,PASS,10,280.2,102.0
1280,7040,64,hk_128x128x64,66.1,0.0174,0.0178,0.0169,0.0011,0.0039,PASS,10,26.9,246.2
1280,7040,512,hk_128x128x64,243.3,0.0379,0.0379,0.0374,0.0003,0.0078,PASS,10,152.9,159.1
1280,7040,2048,hk_128x128x64,337.0,0.1095,0.1094,0.1074,0.0013,0.0156,PASS,10,333.8,101.0
1280,7296,2048,hk_128x128x64,359.1,0.1065,0.1067,0.1040,0.0017,0.0156,PASS,10,339.9,105.6
1280,7296,8192,hk_128x128x64,358.5,0.4268,0.4264,0.4201,0.0035,0.0312,PASS,10,485.4,73.9
1280,7424,256,hk_128x128x64,181.4,0.0268,0.0271,0.0260,0.0009,0.0039,PASS,10,134.5,134.8
1280,7424,256,hk_256x256x64,162.9,0.0299,0.0300,0.0290,0.0007,0.0039,PASS,10,134.5,121.1
1280,7552,64,hk_128x128x64,71.8,0.0172,0.0173,0.0166,0.0005,0.0020,PASS,10,30.2,237.9
1280,7552,2048,hk_128x128x64,363.9,0.1088,0.1086,0.1066,0.0012,0.0156,PASS,10,346.5,105.0
1280,7552,8192,hk_128x128x64,355.9,0.4450,0.4402,0.4312,0.0063,0.0312,PASS,10,486.8,73.1
1280,7808,512,hk_128x128x64,207.5,0.0493,0.0495,0.0479,0.0014,0.0078,PASS,10,149.5,138.9
1280,8064,4096,hk_128x128x64,313.5,0.2697,0.2688,0.2649,0.0019,0.0156,PASS,10,449.9,69.7
1280,8192,128,hk_128x128x64,99.2,0.0271,0.0267,0.0250,0.0010,0.0039,PASS,10,84.8,117.0
1280,8192,128,hk_256x256x64,113.9,0.0236,0.0234,0.0223,0.0008,0.0039,PASS,10,84.8,134.4
1344,1344,64,hk_192x192x64,21.4,0.0108,0.0112,0.0099,0.0019,0.0020,PASS,10,10.4,205.6
1344,1344,1536,hk_192x192x64,97.7,0.0568,0.0569,0.0549,0.0019,0.0156,PASS,10,147.6,66.2
1344,1536,192,hk_192x192x64,57.5,0.0138,0.0142,0.0130,0.0017,0.0039,PASS,10,37.1,154.9
1344,1728,1536,hk_192x192x64,116.7,0.0611,0.0615,0.0599,0.0019,0.0078,PASS,10,170.6,68.4
1344,2496,384,hk_192x192x64,122.6,0.0210,0.0218,0.0200,0.0020,0.0039,PASS,10,78.6,156.1
1344,2880,384,hk_192x192x64,145.7,0.0204,0.0207,0.0196,0.0014,0.0039,PASS,10,85.4,170.5
1344,3264,192,hk_192x192x64,110.0,0.0153,0.0157,0.0150,0.0012,0.0039,PASS,10,47.6,231.1
1344,3264,6144,hk_192x192x64,231.9,0.2325,0.2321,0.2267,0.0030,0.0312,PASS,10,358.5,64.7
1344,3648,768,hk_192x192x64,206.9,0.0364,0.0365,0.0353,0.0009,0.0078,PASS,10,151.8,136.2
1344,3648,6144,hk_192x192x64,260.4,0.2313,0.2309,0.2275,0.0020,0.0156,PASS,10,345.5,75.4
1344,4032,384,hk_192x192x64,187.0,0.0223,0.0221,0.0210,0.0005,0.0039,PASS,10,102.1,183.2
1344,4416,64,hk_192x192x64,57.1,0.0133,0.0133,0.0127,0.0003,0.0020,PASS,10,21.9,260.5
1344,4800,6144,hk_192x192x64,320.9,0.2470,0.2463,0.2410,0.0035,0.0312,PASS,10,399.3,80.4
1344,4992,384,hk_192x192x64,208.3,0.0247,0.0248,0.0232,0.0010,0.0078,PASS,10,110.9,187.8
1344,5184,384,hk_192x192x64,209.8,0.0255,0.0252,0.0237,0.0011,0.0078,PASS,10,117.6,178.5
1344,5376,64,hk_192x192x64,62.9,0.0147,0.0153,0.0141,0.0021,0.0020,PASS,10,36.5,172.2
1344,5376,1536,hk_192x192x64,324.1,0.0685,0.0696,0.0676,0.0027,0.0156,PASS,10,304.9,106.3
1344,5376,6144,hk_192x192x64,349.8,0.2538,0.2536,0.2474,0.0034,0.0312,PASS,10,467.6,74.8
1344,5760,6144,hk_192x192x64,378.4,0.2514,0.2516,0.2488,0.0026,0.0156,PASS,10,459.5,82.4
1344,5952,1536,hk_192x192x64,346.9,0.0708,0.0715,0.0703,0.0020,0.0078,PASS,10,285.5,121.5
1344,6144,192,hk_192x192x64,152.7,0.0208,0.0215,0.0194,0.0022,0.0039,PASS,10,101.7,150.2
1408,1408,128,hk_128x128x64,48.3,0.0105,0.0105,0.0099,0.0003,0.0039,PASS,10,22.9,210.7
1408,1408,1024,hk_128x128x64,153.9,0.0264,0.0267,0.0245,0.0017,0.0078,PASS,10,127.1,121.1
1408,1536,256,hk_128x128x64,87.7,0.0126,0.0126,0.0121,0.0004,0.0039,PASS,10,46.3,189.2
1408,1792,2048,hk_128x128x64,219.6,0.0471,0.0470,0.0463,0.0006,0.0156,PASS,10,199.2,110.2
1408,1920,64,hk_128x128x64,36.7,0.0094,0.0097,0.0089,0.0010,0.0020,PASS,10,14.0,263.0
1408,2048,64,hk_128x128x64,37.9,0.0097,0.0102,0.0095,0.0013,0.0020,PASS,10,16.3,232.9
1408,2048,2048,hk_128x128x64,246.5,0.0479,0.0482,0.0463,0.0018,0.0156,PASS,10,221.7,111.2
1408,2688,512,hk_128x128x64,192.2,0.0202,0.0200,0.0194,0.0003,0.0078,PASS,10,126.7,151.7
1408,2688,1024,hk_128x128x64,240.8,0.0322,0.0326,0.0305,0.0022,0.0078,PASS,10,188.8,127.5
1408,2688,4096,hk_128x128x64,323.8,0.0957,0.0961,0.0938,0.0021,0.0156,PASS,10,329.4,98.3
1408,2816,256,hk_128x128x64,130.2,0.0156,0.0160,0.0145,0.0019,0.0039,PASS,10,73.0,178.4
1408,2816,1024,hk_128x128x64,247.3,0.0328,0.0332,0.0324,0.0013,0.0078,PASS,10,195.1,126.7
1408,2816,4096,hk_128x128x64,339.3,0.0957,0.0965,0.0937,0.0026,0.0156,PASS,10,323.2,105.0
1408,2944,64,hk_128x128x64,48.8,0.0109,0.0111,0.0104,0.0010,0.0020,PASS,10,21.4,227.7
1408,2944,8192,hk_128x128x64,301.0,0.2256,0.2245,0.2202,0.0024,0.0312,PASS,10,399.2,75.4
1408,3072,128,hk_128x128x64,82.9,0.0134,0.0137,0.0126,0.0018,0.0039,PASS,10,39.7,209.0
1408,3072,2048,hk_128x128x64,311.2,0.0569,0.0569,0.0561,0.0004,0.0156,PASS,10,267.3,116.4
1408,3200,512,hk_128x128x64,215.5,0.0214,0.0213,0.0208,0.0003,0.0078,PASS,10,136.2,158.2
1408,3328,1024,hk_128x128x64,271.1,0.0354,0.0357,0.0346,0.0016,0.0078,PASS,10,216.8,125.0
1408,3328,4096,hk_128x128x64,381.8,0.1006,0.1008,0.0982,0.0023,0.0156,PASS,10,362.9,105.2
1408,3584,1024,hk_128x128x64,190.5,0.0542,0.0544,0.0535,0.0009,0.0078,PASS,10,211.3,90.2
1408,3584,4096,hk_128x128x64,235.6,0.1754,0.1759,0.1737,0.0017,0.0156,PASS,10,352.4,66.9
1408,3712,4096,hk_128x128x64,242.5,0.1765,0.1765,0.1749,0.0012,0.0156,PASS,10,364.4,66.6
1408,3840,128,hk_128x128x64,78.5,0.0176,0.0178,0.0166,0.0009,0.0039,PASS,10,44.7,175.7
1408,3840,512,hk_128x128x64,165.0,0.0336,0.0336,0.0327,0.0008,0.0078,PASS,10,141.2,116.8
1408,3968,1024,hk_128x128x64,210.5,0.0544,0.0549,0.0535,0.0018,0.0078,PASS,10,214.3,98.2
1408,4096,4096,hk_128x128x64,264.5,0.1786,0.1785,0.1775,0.0007,0.0156,PASS,10,376.6,70.2
1408,4224,4096,hk_128x128x64,272.9,0.1785,0.1787,0.1760,0.0025,0.0156,PASS,10,351.3,77.7
1408,4480,64,hk_128x128x64,49.7,0.0162,0.0162,0.0151,0.0005,0.0020,PASS,10,20.5,243.0
1408,4480,128,hk_128x128x64,91.7,0.0176,0.0175,0.0168,0.0004,0.0039,PASS,10,43.2,212.3
1408,4864,128,hk_128x128x64,95.1,0.0184,0.0190,0.0178,0.0017,0.0039,PASS,10,57.7,164.8
1408,4864,2048,hk_128x128x64,283.6,0.0989,0.0990,0.0973,0.0014,0.0156,PASS,10,323.6,87.6
1408,4992,64,hk_128x128x64,57.2,0.0157,0.0157,0.0152,0.0003,0.0020,PASS,10,26.0,220.4
1408,5120,512,hk_128x128x64,215.3,0.0343,0.0340,0.0330,0.0006,0.0078,PASS,10,169.2,127.3
1408,5248,256,hk_128x128x64,165.0,0.0229,0.0231,0.0218,0.0014,0.0039,PASS,10,82.4,200.2
1408,5504,128,hk_128x128x64,106.4,0.0186,0.0189,0.0178,0.0012,0.0039,PASS,10,49.3,215.9
1408,5632,8192,hk_128x128x64,319.4,0.4067,0.4076,0.4026,0.0046,0.0312,PASS,10,495.3,64.5
1408,6016,1024,hk_128x128x64,295.1,0.0588,0.0583,0.0571,0.0009,0.0078,PASS,10,237.9,124.1
1408,6144,64,hk_128x128x64,68.7,0.0161,0.0159,0.0154,0.0004,0.0020,PASS,10,40.9,168.2
1408,6528,64,hk_128x128x64,69.5,0.0169,0.0169,0.0163,0.0003,0.0020,PASS,10,29.8,233.6
1408,6528,128,hk_128x128x64,118.6,0.0198,0.0199,0.0194,0.0003,0.0039,PASS,10,56.2,211.1
1408,6656,64,hk_128x128x64,72.4,0.0166,0.0170,0.0159,0.0021,0.0020,PASS,10,43.9,165.1
1408,6656,128,hk_128x128x64,122.4,0.0196,0.0207,0.0189,0.0022,0.0039,PASS,10,81.2,150.7
1408,6912,256,hk_128x128x64,188.3,0.0265,0.0267,0.0257,0.0012,0.0039,PASS,10,138.1,136.4
1408,7168,256,hk_128x128x64,160.9,0.0321,0.0332,0.0315,0.0023,0.0039,PASS,10,138.9,115.9
1408,7424,512,hk_128x128x64,208.7,0.0513,0.0511,0.0504,0.0005,0.0078,PASS,10,215.7,96.8
1408,7424,2048,hk_128x128x64,287.2,0.1491,0.1489,0.1473,0.0010,0.0156,PASS,10,391.0,73.4
1408,7552,256,hk_128x128x64,164.4,0.0331,0.0330,0.0320,0.0006,0.0039,PASS,10,100.4,163.7
1408,7552,2048,hk_128x128x64,291.8,0.1493,0.1480,0.1458,0.0015,0.0156,PASS,10,334.3,87.3
1408,7552,8192,hk_128x128x64,312.6,0.5573,0.5540,0.5388,0.0080,0.0312,PASS,10,481.3,65.0
1408,7680,1024,hk_128x128x64,264.5,0.0837,0.0836,0.0819,0.0017,0.0078,PASS,10,302.7,87.4
1408,7680,8192,hk_128x128x64,312.7,0.5665,0.5670,0.5541,0.0070,0.0312,PASS,10,501.8,62.3
1408,7808,64,hk_128x128x64,65.4,0.0215,0.0215,0.0209,0.0005,0.0020,PASS,10,27.4,238.9
1408,7808,512,hk_128x128x64,222.0,0.0507,0.0508,0.0500,0.0005,0.0078,PASS,10,168.9,131.4
1408,7808,8192,hk_128x128x64,309.3,0.5824,0.5781,0.5619,0.0081,0.0312,PASS,10,488.8,63.3
1408,7936,512,hk_128x128x64,225.3,0.0508,0.0515,0.0501,0.0017,0.0078,PASS,10,209.5,107.5
1408,8064,8192,hk_128x128x64,325.3,0.5718,0.5745,0.5651,0.0088,0.0312,PASS,10,456.2,71.3
1536,1536,4096,hk_128x128x64,220.8,0.0875,0.0889,0.0845,0.0039,0.0156,PASS,10,276.7,79.8
1536,1536,4096,hk_192x192x64,179.9,0.1074,0.1086,0.1035,0.0043,0.0156,PASS,10,276.7,65.0
1536,1536,4096,hk_256x256x64,132.3,0.1461,0.1445,0.1406,0.0037,0.0156,PASS,10,276.7,47.8
1536,1536,8192,hk_128x128x64,197.7,0.1955,0.1956,0.1931,0.0017,0.0312,PASS,10,308.2,64.1
1536,1536,8192,hk_192x192x64,158.5,0.2438,0.2447,0.2410,0.0028,0.0312,PASS,10,308.2,51.4
1536,1536,8192,hk_256x256x64,119.1,0.3244,0.3267,0.3164,0.0091,0.0312,PASS,10,308.2,38.7
1536,1664,512,hk_128x128x64,150.8,0.0174,0.0177,0.0164,0.0011,0.0078,PASS,10,95.3,158.2
1536,1728,192,hk_192x192x64,72.4,0.0141,0.0148,0.0132,0.0020,0.0039,PASS,10,43.3,167.2
1536,1920,64,hk_128x128x64,40.2,0.0094,0.0099,0.0087,0.0018,0.0020,PASS,10,15.9,253.8
1536,1920,64,hk_192x192x64,33.7,0.0112,0.0116,0.0107,0.0012,0.0020,PASS,10,15.9,212.9
1536,2048,256,hk_128x128x64,115.8,0.0139,0.0141,0.0129,0.0017,0.0039,PASS,10,64.8,178.7
1536,2048,256,hk_256x256x64,69.1,0.0233,0.0238,0.0227,0.0016,0.0039,PASS,10,64.8,106.7
1536,2048,2048,hk_128x128x64,255.5,0.0504,0.0507,0.0491,0.0017,0.0156,PASS,10,227.9,112.1
1536,2048,2048,hk_256x256x64,148.9,0.0865,0.0864,0.0833,0.0037,0.0156,PASS,10,227.9,65.3
1536,2112,384,hk_192x192x64,127.9,0.0195,0.0210,0.0190,0.0026,0.0078,PASS,10,72.9,175.3
1536,2432,64,hk_128x128x64,47.3,0.0101,0.0106,0.0096,0.0014,0.0020,PASS,10,21.3,222.2
1536,2432,4096,hk_128x128x64,315.0,0.0971,0.0977,0.0927,0.0028,0.0156,PASS,10,322.3,97.7
1536,2496,6144,hk_192x192x64,202.2,0.2330,0.2337,0.2290,0.0032,0.0156,PASS,10,344.7,58.7
1536,2560,64,hk_128x128x64,48.8,0.0103,0.0109,0.0100,0.0018,0.0020,PASS,10,21.8,223.7
1536,2560,64,hk_256x256x64,34.0,0.0148,0.0147,0.0141,0.0003,0.0020,PASS,10,21.8,155.8
1536,2688,192,hk_128x128x64,124.3,0.0127,0.0127,0.0119,0.0003,0.0039,PASS,10,65.6,189.6
1536,2688,192,hk_192x192x64,100.9,0.0157,0.0162,0.0150,0.0015,0.0039,PASS,10,65.6,153.8
1536,2688,768,hk_128x128x64,212.0,0.0299,0.0306,0.0289,0.0021,0.0078,PASS,10,169.5,125.1
1536,2688,768,hk_192x192x64,176.1,0.0360,0.0365,0.0352,0.0017,0.0078,PASS,10,169.5,103.9
1536,2816,64,hk_128x128x64,50.4,0.0110,0.0109,0.0103,0.0004,0.0020,PASS,10,22.9,220.4
1536,2816,64,hk_256x256x64,36.5,0.0152,0.0153,0.0146,0.0006,0.0020,PASS,10,22.9,159.8
1536,2816,2048,hk_128x128x64,305.4,0.0580,0.0585,0.0567,0.0020,0.0156,PASS,10,267.3,114.2
1536,2816,2048,hk_256x256x64,205.1,0.0864,0.0887,0.0846,0.0040,0.0156,PASS,10,267.3,76.7
1536,2880,64,hk_192x192x64,46.0,0.0123,0.0124,0.0115,0.0011,0.0020,PASS,10,19.5,236.1
1536,3072,1536,hk_128x128x64,270.8,0.0535,0.0531,0.0520,0.0007,0.0156,PASS,10,260.3,104.0
1536,3072,1536,hk_192x192x64,231.3,0.0627,0.0627,0.0613,0.0007,0.0156,PASS,10,260.3,88.9
1536,3072,1536,hk_256x256x64,173.3,0.0836,0.0828,0.0798,0.0017,0.0156,PASS,10,260.3,66.6
1536,3200,64,hk_128x128x64,56.7,0.0111,0.0116,0.0105,0.0016,0.0039,PASS,10,28.1,201.8
1536,3200,256,hk_128x128x64,156.9,0.0160,0.0158,0.0149,0.0004,0.0039,PASS,10,87.3,179.7
1536,3264,3072,hk_192x192x64,263.6,0.1169,0.1171,0.1148,0.0018,0.0156,PASS,10,287.6,91.6
1536,3328,8192,hk_128x128x64,226.1,0.3704,0.3697,0.3653,0.0025,0.0312,PASS,10,417.5,54.2
1536,3328,8192,hk_256x256x64,232.2,0.3607,0.3595,0.3450,0.0051,0.0312,PASS,10,417.5,55.6
1536,3584,512,hk_128x128x64,173.8,0.0324,0.0326,0.0321,0.0005,0.0078,PASS,10,153.8,113.0
1536,3584,512,hk_256x256x64,163.1,0.0346,0.0343,0.0335,0.0004,0.0078,PASS,10,153.8,106.0
1536,3648,384,hk_192x192x64,193.1,0.0223,0.0222,0.0217,0.0003,0.0078,PASS,10,107.6,179.5
1536,3648,768,hk_192x192x64,232.3,0.0370,0.0379,0.0359,0.0023,0.0078,PASS,10,167.5,138.7
1536,3648,6144,hk_192x192x64,291.4,0.2363,0.2352,0.2313,0.0020,0.0156,PASS,10,394.0,74.0
1536,3712,4096,hk_128x128x64,262.9,0.1776,0.1775,0.1766,0.0005,0.0156,PASS,10,383.7,68.5
1536,3840,192,hk_128x128x64,106.6,0.0212,0.0212,0.0205,0.0006,0.0039,PASS,10,77.8,137.0
1536,3840,192,hk_192x192x64,126.1,0.0180,0.0181,0.0166,0.0016,0.0039,PASS,10,77.8,162.0
1536,3840,192,hk_256x256x64,103.7,0.0218,0.0222,0.0214,0.0009,0.0039,PASS,10,77.8,133.2
1536,3840,384,hk_128x128x64,161.9,0.0280,0.0282,0.0268,0.0012,0.0078,PASS,10,136.5,118.6
1536,3840,384,hk_192x192x64,193.5,0.0234,0.0235,0.0227,0.0011,0.0078,PASS,10,136.5,141.8
1536,3840,384,hk_256x256x64,154.1,0.0294,0.0301,0.0279,0.0026,0.0078,PASS,10,136.5,113.0
1536,3968,1024,hk_128x128x64,227.1,0.0550,0.0548,0.0538,0.0006,0.0078,PASS,10,236.8,95.9
1536,4352,512,hk_128x128x64,202.8,0.0338,0.0336,0.0330,0.0004,0.0078,PASS,10,179.2,113.2
1536,4352,512,hk_256x256x64,177.8,0.0385,0.0388,0.0372,0.0020,0.0078,PASS,10,179.2,99.3
1536,4608,128,hk_128x128x64,96.8,0.0187,0.0192,0.0179,0.0017,0.0039,PASS,10,67.8,142.8
1536,4608,128,hk_192x192x64,111.0,0.0163,0.0174,0.0155,0.0026,0.0039,PASS,10,67.8,163.9
1536,4608,128,hk_256x256x64,94.0,0.0193,0.0193,0.0186,0.0006,0.0039,PASS,10,67.8,138.7
1536,4608,512,hk_128x128x64,211.7,0.0342,0.0343,0.0335,0.0006,0.0078,PASS,10,179.3,118.0
1536,4608,512,hk_192x192x64,246.0,0.0295,0.0301,0.0290,0.0018,0.0078,PASS,10,179.3,137.1
1536,4608,512,hk_256x256x64,206.1,0.0352,0.0354,0.0333,0.0014,0.0078,PASS,10,179.3,114.9
1536,4608,8192,hk_128x128x64,302.2,0.3838,0.3853,0.3774,0.0066,0.0312,PASS,10,506.4,59.7
1536,4608,8192,hk_192x192x64,379.0,0.3059,0.3057,0.2896,0.0076,0.0312,PASS,10,506.4,74.9
1536,4608,8192,hk_256x256x64,298.6,0.3884,0.3886,0.3865,0.0014,0.0312,PASS,10,506.4,59.0
1536,4736,2048,hk_128x128x64,298.8,0.0997,0.0996,0.0990,0.0006,0.0156,PASS,10,311.1,96.1
1536,4800,192,hk_192x192x64,145.0,0.0195,0.0196,0.0177,0.0015,0.0039,PASS,10,70.1,206.8
1536,4992,64,hk_128x128x64,62.3,0.0158,0.0164,0.0153,0.0018,0.0020,PASS,10,28.1,221.9
1536,4992,64,hk_192x192x64,65.6,0.0150,0.0147,0.0139,0.0004,0.0020,PASS,10,28.1,233.8
1536,4992,768,hk_128x128x64,236.1,0.0499,0.0498,0.0491,0.0005,0.0078,PASS,10,185.2,127.5
1536,4992,768,hk_192x192x64,270.7,0.0435,0.0434,0.0426,0.0005,0.0078,PASS,10,185.2,146.2
1536,4992,6144,hk_128x128x64,281.4,0.3349,0.3362,0.3328,0.0034,0.0312,PASS,10,445.0,63.2
1536,4992,6144,hk_192x192x64,363.8,0.2590,0.2593,0.2445,0.0062,0.0312,PASS,10,445.0,81.7
1536,4992,8192,hk_128x128x64,318.1,0.3950,0.3926,0.3706,0.0100,0.0312,PASS,10,430.2,73.9
1536,4992,8192,hk_192x192x64,393.4,0.3194,0.3171,0.3032,0.0081,0.0312,PASS,10,430.2,91.4
1536,5120,4096,hk_128x128x64,346.9,0.1857,0.1869,0.1847,0.0023,0.0156,PASS,10,458.6,75.6
1536,5120,4096,hk_256x256x64,345.3,0.1866,0.1890,0.1818,0.0063,0.0156,PASS,10,458.6,75.3
1536,5184,1536,hk_192x192x64,351.0,0.0697,0.0697,0.0685,0.0005,0.0156,PASS,10,283.2,123.9
1536,5248,2048,hk_128x128x64,326.2,0.1012,0.1016,0.1001,0.0014,0.0156,PASS,10,326.9,99.8
1536,5376,192,hk_128x128x64,143.8,0.0221,0.0219,0.0212,0.0004,0.0039,PASS,10,94.6,152.0
1536,5376,192,hk_192x192x64,157.2,0.0202,0.0201,0.0195,0.0004,0.0039,PASS,10,94.6,166.2
1536,5376,192,hk_256x256x64,127.6,0.0249,0.0247,0.0237,0.0006,0.0039,PASS,10,94.6,134.8
1536,5376,256,hk_128x128x64,172.9,0.0245,0.0251,0.0238,0.0015,0.0039,PASS,10,124.9,138.4
1536,5376,256,hk_192x192x64,183.4,0.0231,0.0230,0.0224,0.0004,0.0039,PASS,10,124.9,146.8
1536,5376,256,hk_256x256x64,152.4,0.0277,0.0284,0.0259,0.0019,0.0039,PASS,10,124.9,122.0
1536,5376,6144,hk_128x128x64,297.3,0.3413,0.3417,0.3362,0.0037,0.0156,PASS,10,460.3,64.6
1536,5376,6144,hk_192x192x64,392.1,0.2588,0.2568,0.2421,0.0060,0.0156,PASS,10,460.3,85.2
1536,5376,6144,hk_256x256x64,322.2,0.3149,0.3130,0.3079,0.0031,0.0156,PASS,10,460.3,70.0
1536,5632,64,hk_128x128x64,61.1,0.0181,0.0180,0.0171,0.0005,0.0020,PASS,10,40.4,151.3
1536,5632,64,hk_256x256x64,57.4,0.0193,0.0191,0.0184,0.0005,0.0020,PASS,10,40.4,142.2
1536,5632,1024,hk_128x128x64,294.2,0.0602,0.0601,0.0575,0.0018,0.0078,PASS,10,283.8,103.7
1536,5632,1024,hk_256x256x64,281.5,0.0629,0.0621,0.0594,0.0017,0.0078,PASS,10,283.8,99.2
1536,5760,768,hk_128x128x64,260.7,0.0521,0.0520,0.0513,0.0003,0.0078,PASS,10,258.5,100.8
1536,5760,768,hk_192x192x64,297.1,0.0457,0.0457,0.0451,0.0004,0.0078,PASS,10,258.5,114.9
1536,5760,2048,hk_128x128x64,354.0,0.1024,0.1027,0.1020,0.0007,0.0156,PASS,10,324.4,109.1
1536,5760,2048,hk_192x192x64,413.9,0.0876,0.0875,0.0855,0.0013,0.0156,PASS,10,324.4,127.6
1536,5888,1024,hk_128x128x64,307.0,0.0603,0.0602,0.0591,0.0008,0.0078,PASS,10,304.3,100.9
1536,5888,1024,hk_256x256x64,303.9,0.0609,0.0606,0.0588,0.0011,0.0078,PASS,10,304.3,99.9
1536,5952,3072,hk_192x192x64,424.4,0.1323,0.1340,0.1300,0.0034,0.0156,PASS,10,385.7,110.0
1536,6016,64,hk_128x128x64,61.0,0.0194,0.0193,0.0179,0.0006,0.0020,PASS,10,39.3,155.0
1536,6016,4096,hk_128x128x64,396.2,0.1911,0.1909,0.1876,0.0020,0.0156,PASS,10,418.5,94.7
1536,6016,8192,hk_128x128x64,333.1,0.4545,0.4480,0.4172,0.0140,0.0312,PASS,10,472.7,70.5
1536,6144,768,hk_128x128x64,260.5,0.0556,0.0553,0.0534,0.0009,0.0078,PASS,10,272.5,95.6
1536,6144,768,hk_192x192x64,326.6,0.0444,0.0445,0.0435,0.0006,0.0078,PASS,10,272.5,119.9
1536,6144,768,hk_256x256x64,258.1,0.0562,0.0565,0.0539,0.0022,0.0078,PASS,10,272.5,94.7
1536,6144,1536,hk_128x128x64,307.3,0.0943,0.0945,0.0929,0.0013,0.0078,PASS,10,369.7,83.1
1536,6144,1536,hk_192x192x64,396.7,0.0731,0.0735,0.0710,0.0022,0.0078,PASS,10,369.7,107.3
1536,6144,1536,hk_256x256x64,330.3,0.0878,0.0873,0.0857,0.0013,0.0078,PASS,10,369.7,89.4
1536,6272,2048,hk_128x128x64,370.1,0.1066,0.1071,0.1050,0.0021,0.0156,PASS,10,353.8,104.6
1536,6400,1024,hk_128x128x64,323.8,0.0622,0.0627,0.0613,0.0014,0.0078,PASS,10,325.9,99.4
1536,6400,1024,hk_256x256x64,318.0,0.0633,0.0639,0.0618,0.0018,0.0078,PASS,10,325.9,97.6
1536,6528,512,hk_128x128x64,205.9,0.0499,0.0500,0.0492,0.0007,0.0078,PASS,10,149.3,137.9
1536,6528,512,hk_192x192x64,290.7,0.0353,0.0356,0.0342,0.0013,0.0078,PASS,10,149.3,194.7
1536,6528,8192,hk_128x128x64,296.5,0.5541,0.5555,0.5419,0.0086,0.0312,PASS,10,465.4,63.7
1536,6528,8192,hk_192x192x64,475.9,0.3452,0.3409,0.3126,0.0131,0.0312,PASS,10,465.4,102.3
1536,6656,2048,hk_128x128x64,285.4,0.1467,0.1463,0.1439,0.0011,0.0156,PASS,10,383.3,74.5
1536,6656,2048,hk_256x256x64,381.3,0.1098,0.1093,0.1050,0.0038,0.0156,PASS,10,383.3,99.5
1536,6784,2048,hk_128x128x64,290.9,0.1467,0.1478,0.1451,0.0026,0.0156,PASS,10,341.4,85.2
1536,6912,64,hk_128x128x64,58.1,0.0234,0.0230,0.0216,0.0009,0.0020,PASS,10,44.7,130.0
1536,6912,64,hk_192x192x64,78.5,0.0173,0.0173,0.0165,0.0005,0.0020,PASS,10,44.7,175.5
1536,6912,64,hk_256x256x64,69.5,0.0196,0.0195,0.0188,0.0004,0.0020,PASS,10,44.7,155.3
1536,7040,256,hk_128x128x64,165.0,0.0336,0.0335,0.0325,0.0007,0.0039,PASS,10,97.9,168.6
1536,7296,64,hk_128x128x64,69.3,0.0207,0.0208,0.0194,0.0014,0.0020,PASS,10,33.4,207.7
1536,7296,64,hk_192x192x64,82.8,0.0173,0.0183,0.0171,0.0022,0.0020,PASS,10,33.4,248.1
1536,7552,2048,hk_128x128x64,318.7,0.1491,0.1492,0.1477,0.0015,0.0156,PASS,10,356.8,89.3
1536,7680,1024,hk_128x128x64,283.6,0.0852,0.0853,0.0843,0.0010,0.0078,PASS,10,334.4,84.8
1536,7680,1024,hk_192x192x64,280.8,0.0860,0.0860,0.0851,0.0009,0.0078,PASS,10,334.4,84.0
1536,7680,1024,hk_256x256x64,357.4,0.0676,0.0677,0.0660,0.0014,0.0078,PASS,10,334.4,106.9
1536,7680,2048,hk_128x128x64,325.0,0.1487,0.1486,0.1478,0.0008,0.0156,PASS,10,401.6,80.9
1536,7680,2048,hk_192x192x64,318.8,0.1515,0.1520,0.1510,0.0015,0.0156,PASS,10,401.6,79.4
1536,7680,2048,hk_256x256x64,415.0,0.1164,0.1150,0.1105,0.0036,0.0156,PASS,10,401.6,103.3
1536,7936,512,hk_128x128x64,239.5,0.0521,0.0521,0.0507,0.0009,0.0078,PASS,10,229.8,104.2
1536,7936,512,hk_256x256x64,276.0,0.0452,0.0453,0.0434,0.0011,0.0078,PASS,10,229.8,120.1
1536,7936,8192,hk_128x128x64,337.0,0.5926,0.5941,0.5789,0.0123,0.0312,PASS,10,514.8,65.5
1536,7936,8192,hk_256x256x64,443.7,0.4501,0.4506,0.4413,0.0079,0.0312,PASS,10,514.8,86.2
1536,8064,256,hk_128x128x64,175.6,0.0361,0.0360,0.0346,0.0010,0.0039,PASS,10,96.9,181.1
1536,8064,256,hk_192x192x64,176.7,0.0359,0.0358,0.0352,0.0003,0.0039,PASS,10,96.9,182.3
1536,8064,1024,hk_128x128x64,296.8,0.0855,0.0854,0.0844,0.0005,0.0078,PASS,10,271.9,109.1
1536,8064,1024,hk_192x192x64,293.3,0.0865,0.0886,0.0856,0.0054,0.0078,PASS,10,271.9,107.9
1664,1664,256,hk_128x128x64,108.1,0.0131,0.0137,0.0126,0.0017,0.0039,PASS,10,54.5,198.5
1664,1664,8192,hk_128x128x64,220.5,0.2058,0.2050,0.2006,0.0029,0.0312,PASS,10,351.2,62.8
1664,1792,256,hk_128x128x64,110.7,0.0138,0.0136,0.0126,0.0004,0.0039,PASS,10,57.3,193.3
1664,1792,2048,hk_128x128x64,245.3,0.0498,0.0498,0.0482,0.0012,0.0156,PASS,10,224.3,109.3
1664,1920,64,hk_128x128x64,41.1,0.0099,0.0111,0.0093,0.0026,0.0020,PASS,10,17.8,230.6
1664,1920,4096,hk_128x128x64,289.1,0.0905,0.0905,0.0892,0.0008,0.0156,PASS,10,301.2,96.0
1664,2048,256,hk_128x128x64,114.8,0.0152,0.0157,0.0138,0.0022,0.0039,PASS,10,64.1,179.2
1664,2176,64,hk_128x128x64,45.9,0.0101,0.0104,0.0092,0.0013,0.0020,PASS,10,17.1,268.3
1664,2176,1024,hk_128x128x64,235.6,0.0315,0.0317,0.0303,0.0014,0.0078,PASS,10,182.2,129.3
1664,2304,256,hk_128x128x64,134.5,0.0146,0.0149,0.0138,0.0015,0.0039,PASS,10,73.2,183.8
1664,2560,4096,hk_128x128x64,356.3,0.0979,0.0986,0.0959,0.0025,0.0156,PASS,10,327.8,108.7
1664,2688,2048,hk_128x128x64,327.6,0.0559,0.0561,0.0553,0.0007,0.0156,PASS,10,294.2,111.3
1664,2688,8192,hk_128x128x64,324.0,0.2262,0.2254,0.2209,0.0024,0.0312,PASS,10,449.0,72.2
1664,2816,64,hk_128x128x64,50.4,0.0119,0.0119,0.0109,0.0007,0.0020,PASS,10,22.7,221.9
1664,2944,256,hk_128x128x64,162.5,0.0154,0.0158,0.0145,0.0012,0.0039,PASS,10,92.0,176.6
1664,3072,64,hk_128x128x64,46.5,0.0141,0.0139,0.0133,0.0003,0.0020,PASS,10,26.2,177.5
1664,3072,128,hk_128x128x64,79.2,0.0165,0.0172,0.0160,0.0025,0.0039,PASS,10,45.8,173.1
1664,3200,64,hk_128x128x64,47.2,0.0144,0.0153,0.0139,0.0017,0.0020,PASS,10,25.0,189.2
1664,3200,512,hk_128x128x64,167.1,0.0326,0.0329,0.0308,0.0016,0.0078,PASS,10,135.7,123.1
1664,3328,128,hk_128x128x64,82.2,0.0172,0.0177,0.0162,0.0018,0.0039,PASS,10,53.7,153.3
1664,3328,256,hk_128x128x64,125.6,0.0226,0.0229,0.0217,0.0014,0.0039,PASS,10,93.4,134.5
1664,3328,512,hk_128x128x64,172.1,0.0330,0.0334,0.0314,0.0022,0.0078,PASS,10,149.0,115.4
1664,3584,64,hk_128x128x64,50.1,0.0152,0.0151,0.0146,0.0003,0.0020,PASS,10,26.6,188.4
1664,3584,128,hk_128x128x64,89.0,0.0172,0.0178,0.0167,0.0021,0.0039,PASS,10,53.3,166.8
1664,3712,4096,hk_128x128x64,283.6,0.1784,0.1787,0.1776,0.0010,0.0156,PASS,10,369.7,76.7
1664,3840,8192,hk_128x128x64,276.4,0.3788,0.3790,0.3717,0.0059,0.0312,PASS,10,480.1,57.6
1664,3968,4096,hk_128x128x64,300.7,0.1799,0.1800,0.1783,0.0018,0.0156,PASS,10,408.7,73.6
1664,4224,64,hk_128x128x64,52.8,0.0170,0.0169,0.0156,0.0006,0.0020,PASS,10,20.7,254.6
1664,4736,128,hk_128x128x64,106.8,0.0189,0.0192,0.0185,0.0008,0.0039,PASS,10,48.9,218.3
1664,4736,256,hk_128x128x64,173.2,0.0233,0.0238,0.0226,0.0018,0.0039,PASS,10,88.0,196.7
1664,4864,512,hk_128x128x64,231.0,0.0359,0.0366,0.0351,0.0019,0.0078,PASS,10,196.3,117.7
1664,4864,8192,hk_128x128x64,323.0,0.4105,0.4099,0.4056,0.0027,0.0312,PASS,10,471.4,68.5
1664,4992,64,hk_128x128x64,61.2,0.0174,0.0177,0.0166,0.0009,0.0020,PASS,10,24.5,249.7
1664,4992,1024,hk_128x128x64,296.7,0.0573,0.0573,0.0560,0.0007,0.0078,PASS,10,229.0,129.6
1664,4992,2048,hk_128x128x64,334.9,0.1016,0.1017,0.1004,0.0009,0.0156,PASS,10,318.4,105.2
1664,4992,4096,hk_128x128x64,359.7,0.1892,0.1883,0.1859,0.0015,0.0156,PASS,10,424.5,84.7
1664,5248,4096,hk_128x128x64,359.2,0.1992,0.1983,0.1952,0.0019,0.0156,PASS,10,427.4,84.0
1664,5376,256,hk_128x128x64,173.9,0.0263,0.0266,0.0256,0.0011,0.0078,PASS,10,129.8,133.9
1664,5376,4096,hk_128x128x64,358.7,0.2043,0.2036,0.1962,0.0039,0.0156,PASS,10,472.7,75.9
1664,5504,64,hk_128x128x64,61.9,0.0189,0.0187,0.0176,0.0009,0.0020,PASS,10,25.0,248.1
1664,5504,128,hk_128x128x64,116.7,0.0201,0.0203,0.0191,0.0015,0.0039,PASS,10,55.9,209.0
1664,5504,4096,hk_128x128x64,381.8,0.1965,0.1955,0.1880,0.0034,0.0156,PASS,10,420.7,90.7
1664,5760,64,hk_128x128x64,65.5,0.0187,0.0189,0.0178,0.0014,0.0020,PASS,10,27.1,242.0
1664,5760,128,hk_128x128x64,123.1,0.0199,0.0199,0.0192,0.0004,0.0039,PASS,10,58.6,210.1
1664,5888,2048,hk_128x128x64,369.0,0.1088,0.1082,0.1053,0.0020,0.0156,PASS,10,400.4,92.1
1664,6400,1024,hk_128x128x64,262.9,0.0830,0.0830,0.0822,0.0006,0.0078,PASS,10,292.0,90.0
1664,6400,4096,hk_128x128x64,330.6,0.2639,0.2638,0.2622,0.0014,0.0156,PASS,10,480.3,68.8
1664,6400,8192,hk_128x128x64,306.0,0.5701,0.5696,0.5553,0.0065,0.0312,PASS,10,489.2,62.6
1664,6656,128,hk_128x128x64,104.9,0.0270,0.0274,0.0256,0.0019,0.0039,PASS,10,73.5,142.7
1664,6784,128,hk_128x128x64,113.3,0.0255,0.0259,0.0250,0.0014,0.0039,PASS,10,54.2,209.0
1664,6912,2048,hk_128x128x64,320.8,0.1469,0.1468,0.1451,0.0011,0.0156,PASS,10,398.6,80.5
1664,7168,512,hk_128x128x64,238.4,0.0512,0.0519,0.0508,0.0019,0.0078,PASS,10,210.2,113.4
1664,7168,1024,hk_128x128x64,289.7,0.0843,0.0842,0.0832,0.0005,0.0078,PASS,10,323.2,89.6
1664,7168,8192,hk_128x128x64,325.8,0.5998,0.5982,0.5882,0.0049,0.0312,PASS,10,524.2,62.2
1664,7552,512,hk_128x128x64,249.0,0.0517,0.0523,0.0515,0.0016,0.0078,PASS,10,173.8,143.3
1664,7552,4096,hk_128x128x64,348.1,0.2958,0.2944,0.2865,0.0047,0.0156,PASS,10,467.4,74.5
1664,7680,8192,hk_128x128x64,340.1,0.6157,0.6141,0.6055,0.0067,0.0312,PASS,10,516.6,65.8
1664,7808,256,hk_128x128x64,181.1,0.0367,0.0371,0.0354,0.0014,0.0039,PASS,10,122.7,147.6
1664,8064,64,hk_128x128x64,75.3,0.0228,0.0234,0.0219,0.0017,0.0020,PASS,10,42.0,179.3
1728,1920,64,hk_192x192x64,35.9,0.0118,0.0123,0.0109,0.0017,0.0020,PASS,10,18.4,195.3
1728,1920,6144,hk_192x192x64,185.5,0.2198,0.2196,0.2133,0.0048,0.0312,PASS,10,350.6,52.9
1728,2112,192,hk_192x192x64,93.7,0.0150,0.0149,0.0144,0.0003,0.0039,PASS,10,51.5,182.0
1728,2304,6144,hk_192x192x64,220.6,0.2218,0.2219,0.2175,0.0038,0.0156,PASS,10,361.7,61.0
1728,2688,192,hk_192x192x64,112.9,0.0158,0.0158,0.0146,0.0007,0.0039,PASS,10,67.1,168.3
1728,2688,768,hk_192x192x64,206.0,0.0346,0.0349,0.0339,0.0008,0.0078,PASS,10,170.0,121.2
1728,2688,1536,hk_192x192x64,234.1,0.0609,0.0608,0.0601,0.0004,0.0078,PASS,10,243.3,96.2
1728,3072,1536,hk_192x192x64,263.9,0.0618,0.0621,0.0611,0.0013,0.0156,PASS,10,255.7,103.2
1728,3264,384,hk_192x192x64,194.0,0.0223,0.0224,0.0219,0.0003,0.0078,PASS,10,97.4,199.1
1728,3264,768,hk_192x192x64,228.9,0.0378,0.0384,0.0368,0.0017,0.0078,PASS,10,170.3,134.4
1728,3456,192,hk_192x192x64,133.0,0.0172,0.0172,0.0161,0.0009,0.0039,PASS,10,83.6,159.1
1728,3840,192,hk_192x192x64,138.8,0.0184,0.0192,0.0175,0.0032,0.0039,PASS,10,90.7,153.1
1728,3840,6144,hk_192x192x64,326.9,0.2494,0.2484,0.2384,0.0061,0.0312,PASS,10,436.9,74.8
1728,4224,64,hk_192x192x64,62.5,0.0150,0.0154,0.0140,0.0018,0.0020,PASS,10,23.1,270.8
1728,4224,6144,hk_192x192x64,359.5,0.2495,0.2497,0.2471,0.0018,0.0156,PASS,10,421.3,85.3
1728,4416,1536,hk_192x192x64,344.1,0.0681,0.0684,0.0668,0.0021,0.0078,PASS,10,280.7,122.6
1728,4416,3072,hk_192x192x64,367.3,0.1277,0.1272,0.1249,0.0012,0.0156,PASS,10,374.7,98.0
1728,4608,768,hk_192x192x64,286.2,0.0427,0.0426,0.0415,0.0004,0.0078,PASS,10,241.9,118.3
1728,4800,192,hk_192x192x64,157.6,0.0202,0.0201,0.0189,0.0006,0.0039,PASS,10,72.4,217.7
1728,4992,768,hk_192x192x64,287.9,0.0460,0.0465,0.0455,0.0013,0.0078,PASS,10,205.5,140.1
1728,4992,1536,hk_192x192x64,365.8,0.0724,0.0724,0.0707,0.0013,0.0156,PASS,10,289.3,126.5
1728,5184,64,hk_192x192x64,68.9,0.0166,0.0167,0.0154,0.0013,0.0020,PASS,10,26.1,263.9
1728,5376,1536,hk_192x192x64,369.6,0.0772,0.0775,0.0761,0.0014,0.0156,PASS,10,317.8,116.3
1728,5760,64,hk_192x192x64,74.6,0.0171,0.0173,0.0166,0.0010,0.0020,PASS,10,29.5,252.6
1728,5952,192,hk_192x192x64,183.8,0.0215,0.0221,0.0211,0.0015,0.0039,PASS,10,115.5,159.1
1728,6144,384,hk_192x192x64,276.7,0.0295,0.0308,0.0282,0.0033,0.0078,PASS,10,191.5,144.5
1728,6144,3072,hk_192x192x64,475.7,0.1371,0.1378,0.1309,0.0053,0.0156,PASS,10,439.1,108.3
1792,1792,1024,hk_128x128x64,226.3,0.0291,0.0296,0.0286,0.0012,0.0078,PASS,10,166.4,136.0
1792,1792,1024,hk_256x256x64,135.1,0.0487,0.0492,0.0479,0.0014,0.0078,PASS,10,166.4,81.2
1792,1792,2048,hk_128x128x64,261.6,0.0503,0.0502,0.0491,0.0006,0.0156,PASS,10,222.0,117.9
1792,1792,2048,hk_256x256x64,149.7,0.0878,0.0878,0.0841,0.0031,0.0156,PASS,10,222.0,67.5
1792,1792,8192,hk_128x128x64,255.2,0.2062,0.2061,0.2023,0.0031,0.0312,PASS,10,349.0,73.1
1792,1792,8192,hk_256x256x64,161.4,0.3260,0.3257,0.3152,0.0088,0.0312,PASS,10,349.0,46.2
1792,2048,512,hk_128x128x64,182.7,0.0206,0.0207,0.0196,0.0014,0.0078,PASS,10,119.9,152.4
1792,2048,512,hk_256x256x64,118.1,0.0318,0.0319,0.0309,0.0009,0.0078,PASS,10,119.9,98.5
1792,2176,64,hk_128x128x64,50.0,0.0100,0.0100,0.0091,0.0010,0.0020,PASS,10,22.4,223.7
1792,2176,256,hk_128x128x64,141.1,0.0142,0.0144,0.0132,0.0016,0.0039,PASS,10,78.3,180.2
1792,2304,256,hk_128x128x64,145.2,0.0146,0.0150,0.0138,0.0017,0.0039,PASS,10,79.0,183.7
1792,2304,256,hk_256x256x64,89.2,0.0237,0.0246,0.0227,0.0023,0.0039,PASS,10,79.0,112.9
1792,2432,2048,hk_128x128x64,314.4,0.0568,0.0577,0.0557,0.0022,0.0156,PASS,10,271.8,115.7
1792,2560,64,hk_128x128x64,49.8,0.0118,0.0122,0.0111,0.0012,0.0020,PASS,10,24.2,205.4
1792,2560,64,hk_256x256x64,37.1,0.0158,0.0160,0.0147,0.0015,0.0020,PASS,10,24.2,152.9
1792,2688,256,hk_128x128x64,162.7,0.0152,0.0159,0.0144,0.0020,0.0039,PASS,10,86.6,187.8
1792,2688,1024,hk_128x128x64,275.5,0.0358,0.0369,0.0348,0.0023,0.0078,PASS,10,218.1,126.3
1792,2944,512,hk_128x128x64,164.1,0.0329,0.0329,0.0321,0.0006,0.0078,PASS,10,136.4,120.3
1792,2944,4096,hk_128x128x64,245.2,0.1763,0.1766,0.1756,0.0011,0.0156,PASS,10,356.1,68.8
1792,2944,8192,hk_128x128x64,235.4,0.3671,0.3672,0.3646,0.0020,0.0312,PASS,10,440.7,53.4
1792,3072,512,hk_128x128x64,172.9,0.0326,0.0325,0.0315,0.0007,0.0078,PASS,10,152.8,113.2
1792,3072,512,hk_256x256x64,160.7,0.0351,0.0353,0.0342,0.0012,0.0078,PASS,10,152.8,105.1
1792,3072,8192,hk_128x128x64,244.4,0.3691,0.3694,0.3635,0.0031,0.0312,PASS,10,448.9,54.4
1792,3072,8192,hk_256x256x64,256.5,0.3516,0.3540,0.3496,0.0053,0.0312,PASS,10,448.9,57.1
1792,3328,512,hk_128x128x64,187.4,0.0326,0.0325,0.0314,0.0005,0.0078,PASS,10,159.0,117.8
1792,3328,512,hk_256x256x64,176.5,0.0346,0.0348,0.0337,0.0010,0.0078,PASS,10,159.0,111.0
1792,3328,2048,hk_128x128x64,253.9,0.0962,0.0964,0.0955,0.0007,0.0156,PASS,10,303.0,83.8
1792,3328,2048,hk_256x256x64,273.0,0.0895,0.0897,0.0878,0.0015,0.0156,PASS,10,303.0,90.1
1792,3328,4096,hk_128x128x64,275.1,0.1776,0.1773,0.1759,0.0008,0.0156,PASS,10,382.5,71.9
1792,3328,4096,hk_256x256x64,286.8,0.1704,0.1729,0.1697,0.0038,0.0156,PASS,10,382.5,75.0
1792,3328,8192,hk_128x128x64,257.2,0.3798,0.3819,0.3755,0.0069,0.0312,PASS,10,454.1,56.6
1792,3328,8192,hk_256x256x64,270.0,0.3619,0.3630,0.3567,0.0044,0.0312,PASS,10,454.1,59.5
1792,3456,64,hk_128x128x64,51.6,0.0154,0.0154,0.0143,0.0011,0.0020,PASS,10,27.5,187.5
1792,3456,1024,hk_128x128x64,231.8,0.0547,0.0546,0.0536,0.0006,0.0078,PASS,10,225.5,102.8
1792,3712,128,hk_128x128x64,90.0,0.0189,0.0195,0.0185,0.0014,0.0039,PASS,10,60.9,147.9
1792,3968,64,hk_128x128x64,57.6,0.0158,0.0165,0.0148,0.0021,0.0020,PASS,10,35.9,160.4
1792,3968,2048,hk_128x128x64,294.2,0.0990,0.0992,0.0977,0.0010,0.0156,PASS,10,316.0,93.1
1792,4096,64,hk_128x128x64,57.7,0.0163,0.0161,0.0151,0.0006,0.0020,PASS,10,34.2,168.7
1792,4096,64,hk_256x256x64,55.7,0.0169,0.0173,0.0163,0.0011,0.0020,PASS,10,34.2,162.7
1792,4096,1024,hk_128x128x64,264.4,0.0569,0.0569,0.0557,0.0006,0.0078,PASS,10,242.8,108.9
1792,4096,1024,hk_256x256x64,269.5,0.0558,0.0559,0.0547,0.0009,0.0078,PASS,10,242.8,111.0
1792,4096,4096,hk_128x128x64,322.7,0.1863,0.1854,0.1810,0.0027,0.0156,PASS,10,415.4,77.7
1792,4096,4096,hk_256x256x64,325.0,0.1850,0.1862,0.1801,0.0054,0.0156,PASS,10,415.4,78.2
1792,4224,128,hk_128x128x64,103.7,0.0187,0.0190,0.0182,0.0007,0.0039,PASS,10,44.8,231.5
1792,4224,256,hk_128x128x64,165.2,0.0235,0.0234,0.0218,0.0008,0.0039,PASS,10,85.0,194.4
1792,4224,4096,hk_128x128x64,333.0,0.1862,0.1860,0.1828,0.0014,0.0156,PASS,10,379.1,87.9
1792,4352,128,hk_128x128x64,99.6,0.0200,0.0206,0.0194,0.0015,0.0039,PASS,10,63.4,157.0
1792,4352,128,hk_256x256x64,91.4,0.0218,0.0223,0.0207,0.0017,0.0039,PASS,10,63.4,144.0
1792,4352,512,hk_128x128x64,227.4,0.0351,0.0353,0.0343,0.0010,0.0078,PASS,10,183.4,124.0
1792,4352,512,hk_256x256x64,216.0,0.0370,0.0369,0.0362,0.0004,0.0078,PASS,10,183.4,117.8
1792,4480,256,hk_128x128x64,171.7,0.0239,0.0237,0.0227,0.0007,0.0039,PASS,10,88.5,194.1
1792,4608,8192,hk_128x128x64,329.2,0.4110,0.4096,0.3893,0.0085,0.0312,PASS,10,483.8,68.0
1792,4608,8192,hk_256x256x64,348.2,0.3885,0.3883,0.3836,0.0032,0.0312,PASS,10,483.8,72.0
1792,4736,2048,hk_128x128x64,340.3,0.1022,0.1022,0.1012,0.0010,0.0156,PASS,10,334.9,101.6
1792,4864,64,hk_128x128x64,63.0,0.0177,0.0175,0.0168,0.0005,0.0020,PASS,10,40.3,156.3
1792,4864,64,hk_256x256x64,61.2,0.0182,0.0183,0.0177,0.0004,0.0020,PASS,10,40.3,151.9
1792,4864,4096,hk_128x128x64,377.1,0.1894,0.1902,0.1863,0.0029,0.0156,PASS,10,443.0,85.1
1792,4864,4096,hk_256x256x64,368.7,0.1936,0.1951,0.1914,0.0037,0.0156,PASS,10,443.0,83.2
1792,4992,2048,hk_128x128x64,355.3,0.1031,0.1029,0.1015,0.0011,0.0156,PASS,10,341.3,104.1
1792,4992,4096,hk_128x128x64,367.0,0.1997,0.1988,0.1931,0.0031,0.0156,PASS,10,442.0,83.0
1792,5120,512,hk_128x128x64,245.1,0.0383,0.0385,0.0369,0.0019,0.0078,PASS,10,207.0,118.4
1792,5120,512,hk_256x256x64,237.7,0.0395,0.0397,0.0389,0.0007,0.0078,PASS,10,207.0,114.8
1792,5248,64,hk_128x128x64,71.3,0.0169,0.0172,0.0161,0.0012,0.0020,PASS,10,29.4,242.5
1792,5248,512,hk_128x128x64,241.9,0.0398,0.0401,0.0383,0.0017,0.0078,PASS,10,167.3,144.6
1792,5376,64,hk_128x128x64,69.1,0.0178,0.0186,0.0172,0.0018,0.0020,PASS,10,45.4,152.4
1792,5376,64,hk_256x256x64,65.9,0.0187,0.0191,0.0180,0.0013,0.0020,PASS,10,45.4,145.2
1792,5376,8192,hk_128x128x64,362.6,0.4353,0.4277,0.3872,0.0151,0.0312,PASS,10,515.6,70.3
1792,5376,8192,hk_256x256x64,386.8,0.4081,0.4049,0.3908,0.0068,0.0312,PASS,10,515.6,75.0
1792,5504,256,hk_128x128x64,185.0,0.0273,0.0273,0.0258,0.0007,0.0039,PASS,10,78.0,237.2
1792,5632,512,hk_128x128x64,203.1,0.0509,0.0507,0.0496,0.0006,0.0078,PASS,10,204.9,99.1
1792,5632,512,hk_256x256x64,251.7,0.0411,0.0409,0.0398,0.0005,0.0078,PASS,10,204.9,122.9
1792,5760,64,hk_128x128x64,65.5,0.0202,0.0199,0.0190,0.0004,0.0020,PASS,10,28.9,227.0
1792,5760,1024,hk_128x128x64,253.1,0.0835,0.0836,0.0824,0.0012,0.0078,PASS,10,245.7,103.0
1792,5760,4096,hk_128x128x64,316.6,0.2671,0.2670,0.2641,0.0023,0.0156,PASS,10,436.7,72.5
1792,5888,64,hk_128x128x64,62.3,0.0217,0.0223,0.0204,0.0017,0.0020,PASS,10,37.3,166.9
1792,5888,64,hk_256x256x64,70.5,0.0192,0.0191,0.0179,0.0007,0.0020,PASS,10,37.3,188.9
1792,5888,8192,hk_128x128x64,308.3,0.5607,0.5589,0.5458,0.0063,0.0312,PASS,10,486.9,63.3
1792,5888,8192,hk_256x256x64,420.1,0.4115,0.4125,0.4060,0.0046,0.0312,PASS,10,486.9,86.3
1792,6016,256,hk_128x128x64,158.8,0.0348,0.0352,0.0338,0.0017,0.0039,PASS,10,100.9,157.3
1792,6272,128,hk_128x128x64,115.9,0.0248,0.0251,0.0243,0.0012,0.0039,PASS,10,59.3,195.6
1792,6272,512,hk_128x128x64,230.0,0.0500,0.0500,0.0493,0.0005,0.0078,PASS,10,169.9,135.4
1792,6272,2048,hk_128x128x64,310.6,0.1482,0.1484,0.1475,0.0008,0.0156,PASS,10,358.2,86.7
1792,6272,4096,hk_128x128x64,347.3,0.2651,0.2659,0.2637,0.0025,0.0156,PASS,10,452.7,76.7
1792,6656,256,hk_128x128x64,177.7,0.0344,0.0345,0.0335,0.0011,0.0039,PASS,10,137.0,129.8
1792,6656,256,hk_256x256x64,200.2,0.0305,0.0303,0.0295,0.0004,0.0039,PASS,10,137.0,146.1
1792,6784,256,hk_128x128x64,182.0,0.0342,0.0340,0.0324,0.0007,0.0039,PASS,10,110.2,165.2
1792,7040,128,hk_128x128x64,125.5,0.0257,0.0262,0.0255,0.0014,0.0039,PASS,10,58.6,214.0
1792,7168,128,hk_128x128x64,128.2,0.0257,0.0268,0.0247,0.0021,0.0039,PASS,10,97.5,131.4
1792,7168,128,hk_256x256x64,137.8,0.0239,0.0248,0.0236,0.0020,0.0039,PASS,10,97.5,141.3
1792,7168,512,hk_128x128x64,252.6,0.0521,0.0523,0.0506,0.0014,0.0078,PASS,10,245.4,102.9
1792,7168,512,hk_256x256x64,289.3,0.0455,0.0457,0.0445,0.0014,0.0078,PASS,10,245.4,117.9
1792,7168,4096,hk_128x128x64,375.1,0.2805,0.2816,0.2770,0.0038,0.0156,PASS,10,503.0,74.6
1792,7168,4096,hk_256x256x64,463.1,0.2272,0.2283,0.2242,0.0034,0.0156,PASS,10,503.0,92.1
1792,7168,8192,hk_128x128x64,340.9,0.6173,0.6175,0.6093,0.0063,0.0312,PASS,10,499.9,68.2
1792,7168,8192,hk_256x256x64,448.2,0.4695,0.4710,0.4641,0.0059,0.0312,PASS,10,499.9,89.7
1792,7552,512,hk_128x128x64,262.5,0.0528,0.0528,0.0521,0.0004,0.0078,PASS,10,167.1,157.1
1792,7552,1024,hk_128x128x64,321.5,0.0862,0.0862,0.0849,0.0008,0.0078,PASS,10,273.2,117.7
1792,7680,256,hk_128x128x64,194.2,0.0363,0.0362,0.0352,0.0007,0.0039,PASS,10,172.6,112.5
1792,7680,256,hk_256x256x64,211.0,0.0334,0.0338,0.0323,0.0019,0.0039,PASS,10,172.6,122.2
1792,7680,1024,hk_128x128x64,324.1,0.0870,0.0868,0.0859,0.0006,0.0078,PASS,10,351.3,92.3
1792,7680,1024,hk_256x256x64,393.4,0.0716,0.0721,0.0703,0.0017,0.0078,PASS,10,351.3,112.0
1792,7680,2048,hk_128x128x64,348.6,0.1617,0.1609,0.1583,0.0020,0.0156,PASS,10,420.3,82.9
1792,7680,2048,hk_256x256x64,462.5,0.1219,0.1222,0.1206,0.0020,0.0156,PASS,10,420.3,110.0
1792,7808,1024,hk_128x128x64,320.2,0.0895,0.0883,0.0860,0.0020,0.0078,PASS,10,263.6,121.5
1792,7808,2048,hk_128x128x64,372.7,0.1538,0.1544,0.1520,0.0020,0.0156,PASS,10,371.8,100.3
1792,7936,128,hk_128x128x64,125.1,0.0291,0.0288,0.0276,0.0008,0.0039,PASS,10,85.3,146.7
1792,7936,128,hk_256x256x64,135.7,0.0268,0.0271,0.0257,0.0010,0.0039,PASS,10,85.3,159.2
1792,7936,4096,hk_128x128x64,382.5,0.3045,0.3009,0.2852,0.0073,0.0156,PASS,10,489.9,78.1
1792,7936,4096,hk_256x256x64,480.5,0.2425,0.2405,0.2340,0.0037,0.0156,PASS,10,489.9,98.1
1792,8064,128,hk_128x128x64,127.6,0.0290,0.0290,0.0277,0.0010,0.0039,PASS,10,57.6,221.7
1792,8064,256,hk_128x128x64,203.2,0.0364,0.0364,0.0356,0.0004,0.0039,PASS,10,115.2,176.4
1792,8064,1024,hk_128x128x64,326.6,0.0906,0.0905,0.0889,0.0009,0.0078,PASS,10,277.8,117.6
1792,8064,2048,hk_128x128x64,384.2,0.1541,0.1545,0.1526,0.0018,0.0156,PASS,10,366.5,104.8
1920,1920,128,hk_128x128x64,77.2,0.0122,0.0122,0.0110,0.0005,0.0039,PASS,10,37.6,205.3
1920,1920,128,hk_192x192x64,68.8,0.0137,0.0140,0.0132,0.0011,0.0039,PASS,10,37.6,183.1
1920,2048,2048,hk_128x128x64,287.4,0.0560,0.0558,0.0547,0.0007,0.0156,PASS,10,259.7,110.7
1920,2176,128,hk_128x128x64,86.9,0.0123,0.0123,0.0119,0.0003,0.0039,PASS,10,42.1,206.2
1920,2176,1024,hk_128x128x64,244.7,0.0350,0.0345,0.0336,0.0006,0.0078,PASS,10,194.9,125.6
1920,2176,4096,hk_128x128x64,348.6,0.0982,0.0982,0.0962,0.0015,0.0156,PASS,10,333.7,104.5
1920,2304,192,hk_128x128x64,122.8,0.0138,0.0148,0.0134,0.0021,0.0039,PASS,10,61.1,200.9
1920,2304,192,hk_192x192x64,104.1,0.0163,0.0162,0.0155,0.0004,0.0039,PASS,10,61.1,170.3
1920,2304,2048,hk_128x128x64,320.5,0.0565,0.0563,0.0552,0.0008,0.0156,PASS,10,284.6,112.6
1920,2304,2048,hk_192x192x64,272.4,0.0665,0.0672,0.0649,0.0022,0.0156,PASS,10,284.6,95.7
1920,2304,6144,hk_128x128x64,286.5,0.1898,0.1896,0.1873,0.0014,0.0312,PASS,10,380.6,75.3
1920,2304,6144,hk_192x192x64,245.3,0.2216,0.2214,0.2198,0.0012,0.0312,PASS,10,380.6,64.4
1920,2432,8192,hk_128x128x64,319.9,0.2392,0.2387,0.2345,0.0030,0.0312,PASS,10,441.6,72.4
1920,2496,6144,hk_192x192x64,262.4,0.2244,0.2252,0.2224,0.0022,0.0156,PASS,10,378.5,69.3
1920,2560,64,hk_128x128x64,56.4,0.0111,0.0110,0.0104,0.0004,0.0020,PASS,10,27.7,203.9
1920,2560,128,hk_128x128x64,102.9,0.0122,0.0121,0.0114,0.0004,0.0039,PASS,10,50.5,203.6
1920,2688,1536,hk_128x128x64,185.5,0.0855,0.0855,0.0843,0.0006,0.0078,PASS,10,265.8,69.8
1920,2688,1536,hk_192x192x64,253.8,0.0625,0.0622,0.0600,0.0012,0.0078,PASS,10,265.8,95.5
1920,2816,512,hk_128x128x64,166.8,0.0332,0.0331,0.0320,0.0006,0.0078,PASS,10,158.9,105.0
1920,2816,1024,hk_128x128x64,204.1,0.0542,0.0541,0.0530,0.0008,0.0078,PASS,10,229.6,88.9
1920,2880,3072,hk_192x192x64,285.1,0.1192,0.1189,0.1180,0.0006,0.0156,PASS,10,320.5,89.0
1920,3072,64,hk_128x128x64,49.9,0.0151,0.0152,0.0149,0.0003,0.0020,PASS,10,29.8,167.4
1920,3072,64,hk_192x192x64,54.7,0.0138,0.0141,0.0130,0.0011,0.0020,PASS,10,29.8,183.4
1920,3072,2048,hk_128x128x64,248.6,0.0972,0.0974,0.0959,0.0013,0.0156,PASS,10,325.2,76.4
1920,3072,2048,hk_192x192x64,344.5,0.0701,0.0709,0.0688,0.0019,0.0156,PASS,10,325.2,105.9
1920,3072,8192,hk_128x128x64,262.9,0.3675,0.3708,0.3652,0.0062,0.0312,PASS,10,431.6,60.9
1920,3072,8192,hk_192x192x64,346.3,0.2790,0.2795,0.2740,0.0044,0.0312,PASS,10,431.6,80.2
1920,3200,64,hk_128x128x64,48.0,0.0164,0.0169,0.0158,0.0016,0.0020,PASS,10,30.8,155.7
1920,3200,256,hk_128x128x64,139.6,0.0225,0.0224,0.0214,0.0004,0.0039,PASS,10,103.9,134.3
1920,3264,64,hk_192x192x64,58.0,0.0138,0.0137,0.0129,0.0004,0.0020,PASS,10,23.4,247.8
1920,3456,768,hk_128x128x64,205.3,0.0496,0.0497,0.0484,0.0016,0.0078,PASS,10,219.2,93.7
1920,3456,768,hk_192x192x64,256.5,0.0397,0.0402,0.0383,0.0021,0.0078,PASS,10,219.2,117.1
1920,3584,512,hk_128x128x64,211.0,0.0334,0.0338,0.0324,0.0016,0.0078,PASS,10,181.4,116.3
1920,3648,6144,hk_192x192x64,361.8,0.2379,0.2381,0.2347,0.0023,0.0312,PASS,10,423.6,85.4
1920,3840,1024,hk_128x128x64,264.3,0.0571,0.0572,0.0561,0.0008,0.0078,PASS,10,275.1,96.1
1920,3840,1024,hk_192x192x64,314.4,0.0480,0.0482,0.0469,0.0010,0.0078,PASS,10,275.1,114.3
1920,3968,128,hk_128x128x64,97.1,0.0201,0.0197,0.0185,0.0007,0.0039,PASS,10,64.8,149.9
1920,3968,8192,hk_128x128x64,319.5,0.3907,0.3921,0.3863,0.0037,0.0312,PASS,10,456.5,70.0
1920,4032,384,hk_192x192x64,225.4,0.0264,0.0262,0.0254,0.0004,0.0039,PASS,10,120.0,187.8
1920,4096,4096,hk_128x128x64,345.1,0.1867,0.1888,0.1825,0.0061,0.0156,PASS,10,428.2,80.6
1920,4224,384,hk_128x128x64,207.4,0.0300,0.0300,0.0286,0.0011,0.0078,PASS,10,123.2,168.4
1920,4224,384,hk_192x192x64,229.5,0.0271,0.0273,0.0263,0.0008,0.0078,PASS,10,123.2,186.3
1920,4352,1024,hk_128x128x64,293.6,0.0583,0.0584,0.0577,0.0005,0.0078,PASS,10,294.2,99.8
1920,4352,2048,hk_128x128x64,338.1,0.1012,0.1012,0.1007,0.0003,0.0156,PASS,10,357.3,94.6
1920,4416,6144,hk_192x192x64,418.8,0.2488,0.2512,0.2456,0.0056,0.0312,PASS,10,436.6,95.9
1920,4480,4096,hk_128x128x64,366.2,0.1924,0.1949,0.1901,0.0045,0.0156,PASS,10,434.7,84.2
1920,4736,128,hk_128x128x64,112.1,0.0208,0.0211,0.0202,0.0012,0.0039,PASS,10,51.5,217.6
1920,4800,768,hk_192x192x64,298.0,0.0475,0.0474,0.0456,0.0016,0.0078,PASS,10,212.6,140.2
1920,4800,3072,hk_192x192x64,430.7,0.1315,0.1315,0.1290,0.0011,0.0156,PASS,10,396.2,108.7
1920,5184,192,hk_192x192x64,178.5,0.0214,0.0217,0.0208,0.0012,0.0039,PASS,10,76.9,232.2
1920,5248,8192,hk_128x128x64,295.0,0.5595,0.5593,0.5479,0.0058,0.0312,PASS,10,469.2,62.9
1920,5504,64,hk_128x128x64,63.4,0.0213,0.0214,0.0200,0.0010,0.0020,PASS,10,29.7,213.5
1920,5760,1536,hk_128x128x64,265.8,0.1278,0.1282,0.1274,0.0009,0.0156,PASS,10,311.2,85.4
1920,5760,1536,hk_192x192x64,409.8,0.0829,0.0823,0.0799,0.0024,0.0156,PASS,10,311.2,131.7
1920,5760,8192,hk_128x128x64,315.5,0.5743,0.5725,0.5614,0.0063,0.0312,PASS,10,475.8,66.3
1920,5760,8192,hk_192x192x64,496.4,0.3650,0.3608,0.3282,0.0184,0.0312,PASS,10,475.8,104.3
1920,5952,6144,hk_192x192x64,306.1,0.4587,0.4565,0.4403,0.0066,0.0312,PASS,10,516.4,59.3
1920,6016,64,hk_128x128x64,68.4,0.0216,0.0215,0.0204,0.0006,0.0020,PASS,10,31.1,220.0
1920,6144,768,hk_128x128x64,250.0,0.0725,0.0724,0.0712,0.0009,0.0078,PASS,10,288.0,86.8
1920,6144,768,hk_192x192x64,248.5,0.0729,0.0730,0.0717,0.0007,0.0078,PASS,10,288.0,86.3
1920,6272,512,hk_128x128x64,243.5,0.0506,0.0508,0.0503,0.0008,0.0078,PASS,10,177.1,137.5
1920,6400,256,hk_128x128x64,183.5,0.0343,0.0347,0.0330,0.0018,0.0039,PASS,10,166.6,110.2
1920,6528,64,hk_128x128x64,74.7,0.0215,0.0224,0.0207,0.0021,0.0020,PASS,10,32.0,233.6
1920,6528,64,hk_192x192x64,70.7,0.0227,0.0230,0.0220,0.0013,0.0020,PASS,10,32.0,221.2
1920,6528,8192,hk_128x128x64,342.0,0.6005,0.6007,0.5853,0.0093,0.0312,PASS,10,487.3,70.2
1920,6528,8192,hk_192x192x64,350.1,0.5866,0.5856,0.5783,0.0044,0.0312,PASS,10,487.3,71.8
1920,6656,2048,hk_128x128x64,333.0,0.1572,0.1557,0.1499,0.0036,0.0156,PASS,10,427.1,78.0
1920,6912,256,hk_128x128x64,193.9,0.0350,0.0350,0.0344,0.0004,0.0039,PASS,10,163.6,118.5
1920,6912,256,hk_192x192x64,187.5,0.0362,0.0363,0.0358,0.0003,0.0039,PASS,10,163.6,114.6
1920,6912,1024,hk_128x128x64,315.0,0.0863,0.0862,0.0853,0.0008,0.0078,PASS,10,345.9,91.1
1920,6912,1024,hk_192x192x64,314.7,0.0864,0.0864,0.0856,0.0006,0.0078,PASS,10,345.9,91.0
1920,7168,8192,hk_128x128x64,351.8,0.6409,0.6382,0.6233,0.0077,0.0312,PASS,10,525.0,67.0
1920,7552,512,hk_128x128x64,271.3,0.0547,0.0552,0.0542,0.0016,0.0078,PASS,10,207.8,130.6
1920,7680,8192,hk_128x128x64,366.6,0.6591,0.6573,0.6435,0.0096,0.0312,PASS,10,539.3,68.0
1920,7680,8192,hk_192x192x64,408.8,0.5910,0.5900,0.5845,0.0034,0.0312,PASS,10,539.3,75.8
1920,7808,256,hk_128x128x64,181.6,0.0423,0.0423,0.0409,0.0016,0.0039,PASS,10,104.0,174.7
1920,7808,512,hk_128x128x64,235.2,0.0653,0.0654,0.0646,0.0010,0.0078,PASS,10,181.5,129.6
1920,7808,1024,hk_128x128x64,276.1,0.1112,0.1112,0.1099,0.0010,0.0078,PASS,10,269.6,102.4
1920,7808,2048,hk_128x128x64,316.4,0.1941,0.1943,0.1923,0.0015,0.0156,PASS,10,360.0,87.9
1920,7936,64,hk_128x128x64,70.7,0.0276,0.0274,0.0267,0.0004,0.0020,PASS,10,52.3,135.2
1920,7936,128,hk_128x128x64,122.1,0.0320,0.0319,0.0313,0.0003,0.0039,PASS,10,104.3,117.1
1920,8064,64,hk_128x128x64,76.2,0.0260,0.0261,0.0247,0.0013,0.0020,PASS,10,36.8,207.1
1920,8064,64,hk_192x192x64,87.0,0.0228,0.0231,0.0220,0.0013,0.0020,PASS,10,36.8,236.6
1920,8064,2048,hk_128x128x64,322.8,0.1965,0.1973,0.1936,0.0033,0.0156,PASS,10,378.9,85.2
1920,8064,2048,hk_192x192x64,395.4,0.1604,0.1604,0.1592,0.0008,0.0156,PASS,10,378.9,104.4
1920,8064,4096,hk_128x128x64,351.3,0.3610,0.3613,0.3571,0.0027,0.0156,PASS,10,469.5,74.8
1920,8064,4096,hk_192x192x64,423.4,0.2996,0.2993,0.2962,0.0033,0.0156,PASS,10,469.5,90.2
1920,8192,512,hk_128x128x64,237.1,0.0679,0.0676,0.0645,0.0020,0.0078,PASS,10,261.4,90.7
2048,2048,64,hk_128x128x64,42.6,0.0126,0.0126,0.0121,0.0003,0.0020,PASS,10,22.1,193.0
2048,2048,64,hk_256x256x64,34.3,0.0156,0.0156,0.0147,0.0006,0.0020,PASS,10,22.1,155.4
2048,2048,512,hk_128x128x64,192.3,0.0223,0.0222,0.0210,0.0005,0.0078,PASS,10,135.4,142.0
2048,2048,512,hk_256x256x64,123.0,0.0349,0.0341,0.0323,0.0016,0.0078,PASS,10,135.4,90.8
2048,2048,2048,hk_128x128x64,306.5,0.0560,0.0563,0.0548,0.0021,0.0156,PASS,10,254.6,120.4
2048,2048,2048,hk_256x256x64,186.4,0.0922,0.0932,0.0900,0.0033,0.0156,PASS,10,254.6,73.2
2048,2176,64,hk_128x128x64,53.9,0.0106,0.0108,0.0102,0.0009,0.0020,PASS,10,20.5,262.9
2048,2176,128,hk_128x128x64,94.9,0.0120,0.0124,0.0111,0.0012,0.0039,PASS,10,48.3,196.3
2048,2688,1024,hk_128x128x64,208.0,0.0542,0.0552,0.0536,0.0023,0.0078,PASS,10,215.6,96.5
2048,2688,8192,hk_128x128x64,246.6,0.3658,0.3652,0.3616,0.0019,0.0312,PASS,10,466.8,52.8
2048,2816,64,hk_128x128x64,47.2,0.0156,0.0162,0.0151,0.0020,0.0020,PASS,10,24.7,190.8
2048,2816,64,hk_256x256x64,46.5,0.0159,0.0159,0.0154,0.0004,0.0020,PASS,10,24.7,187.9
2048,2816,2048,hk_128x128x64,245.2,0.0963,0.0969,0.0947,0.0024,0.0156,PASS,10,279.8,87.6
2048,2816,2048,hk_256x256x64,262.4,0.0900,0.0908,0.0887,0.0020,0.0156,PASS,10,279.8,93.8
2048,2816,8192,hk_128x128x64,258.8,0.3651,0.3656,0.3630,0.0029,0.0312,PASS,10,441.3,58.6
2048,2816,8192,hk_256x256x64,263.6,0.3584,0.3582,0.3528,0.0037,0.0312,PASS,10,441.3,59.7
2048,2944,512,hk_128x128x64,188.7,0.0327,0.0327,0.0322,0.0003,0.0078,PASS,10,154.9,121.8
2048,3072,64,hk_128x128x64,55.2,0.0146,0.0150,0.0135,0.0016,0.0020,PASS,10,31.9,172.8
2048,3072,64,hk_256x256x64,51.2,0.0157,0.0157,0.0149,0.0004,0.0020,PASS,10,31.9,160.5
2048,3072,128,hk_128x128x64,92.8,0.0174,0.0177,0.0164,0.0015,0.0039,PASS,10,60.2,154.0
2048,3072,128,hk_256x256x64,81.7,0.0197,0.0199,0.0190,0.0011,0.0039,PASS,10,60.2,135.6
2048,3072,1024,hk_128x128x64,234.9,0.0548,0.0556,0.0537,0.0020,0.0078,PASS,10,220.9,106.4
2048,3072,1024,hk_256x256x64,224.1,0.0575,0.0575,0.0557,0.0018,0.0078,PASS,10,220.9,101.5
2048,3072,2048,hk_128x128x64,265.7,0.0970,0.0970,0.0963,0.0004,0.0156,PASS,10,316.8,83.9
2048,3072,2048,hk_256x256x64,272.2,0.0947,0.0946,0.0937,0.0005,0.0156,PASS,10,316.8,85.9
2048,3200,4096,hk_128x128x64,301.3,0.1782,0.1785,0.1775,0.0009,0.0156,PASS,10,367.0,82.1
2048,3328,512,hk_128x128x64,209.0,0.0334,0.0334,0.0323,0.0006,0.0078,PASS,10,163.6,127.7
2048,3328,512,hk_256x256x64,186.6,0.0374,0.0378,0.0367,0.0014,0.0078,PASS,10,163.6,114.0
2048,3328,2048,hk_128x128x64,281.5,0.0992,0.0996,0.0982,0.0014,0.0156,PASS,10,313.0,89.9
2048,3328,2048,hk_256x256x64,276.3,0.1010,0.1007,0.0977,0.0017,0.0156,PASS,10,313.0,88.3
2048,3584,512,hk_128x128x64,219.0,0.0343,0.0342,0.0334,0.0005,0.0078,PASS,10,185.6,118.0
2048,3584,512,hk_256x256x64,206.5,0.0364,0.0363,0.0351,0.0008,0.0078,PASS,10,185.6,111.2
2048,3584,1024,hk_128x128x64,267.6,0.0562,0.0560,0.0550,0.0005,0.0078,PASS,10,265.2,100.9
2048,3584,1024,hk_256x256x64,271.7,0.0553,0.0556,0.0544,0.0011,0.0078,PASS,10,265.2,102.5
2048,3584,2048,hk_128x128x64,300.0,0.1002,0.1003,0.0993,0.0007,0.0156,PASS,10,331.5,90.5
2048,3584,2048,hk_256x256x64,301.5,0.0997,0.0998,0.0964,0.0023,0.0156,PASS,10,331.5,91.0
2048,3712,64,hk_128x128x64,59.3,0.0164,0.0166,0.0152,0.0016,0.0020,PASS,10,34.4,172.6
2048,3712,4096,hk_128x128x64,336.9,0.1848,0.1857,0.1811,0.0031,0.0156,PASS,10,391.4,86.1
2048,3840,1024,hk_128x128x64,280.7,0.0574,0.0577,0.0565,0.0008,0.0078,PASS,10,280.9,99.9
2048,3840,1024,hk_256x256x64,262.6,0.0613,0.0611,0.0594,0.0010,0.0078,PASS,10,280.9,93.5
2048,4224,64,hk_128x128x64,64.5,0.0172,0.0171,0.0168,0.0002,0.0020,PASS,10,27.5,235.1
2048,4352,64,hk_128x128x64,66.0,0.0173,0.0174,0.0166,0.0010,0.0020,PASS,10,43.3,152.4
2048,4352,64,hk_256x256x64,62.4,0.0183,0.0182,0.0177,0.0004,0.0020,PASS,10,43.3,144.1
2048,4352,4096,hk_128x128x64,372.2,0.1962,0.1957,0.1910,0.0021,0.0156,PASS,10,454.4,81.9
2048,4352,4096,hk_256x256x64,382.8,0.1908,0.1917,0.1884,0.0045,0.0156,PASS,10,454.4,84.2
2048,4480,512,hk_128x128x64,242.3,0.0388,0.0389,0.0382,0.0006,0.0078,PASS,10,164.3,147.5
2048,4864,4096,hk_128x128x64,377.3,0.2163,0.2120,0.1981,0.0067,0.0156,PASS,10,476.5,79.2
2048,4864,4096,hk_256x256x64,393.4,0.2074,0.2085,0.2021,0.0053,0.0156,PASS,10,476.5,82.6
2048,4992,1024,hk_128x128x64,251.9,0.0831,0.0829,0.0821,0.0005,0.0078,PASS,10,253.6,99.3
2048,4992,2048,hk_128x128x64,283.6,0.1477,0.1474,0.1455,0.0008,0.0156,PASS,10,344.9,82.2
2048,5248,2048,hk_128x128x64,300.8,0.1463,0.1465,0.1441,0.0019,0.0156,PASS,10,351.2,85.7
2048,5376,64,hk_128x128x64,62.8,0.0225,0.0225,0.0218,0.0006,0.0020,PASS,10,41.0,153.2
2048,5376,64,hk_256x256x64,70.9,0.0199,0.0198,0.0188,0.0008,0.0020,PASS,10,41.0,173.0
2048,5504,2048,hk_128x128x64,310.2,0.1489,0.1485,0.1461,0.0015,0.0156,PASS,10,350.9,88.4
2048,5632,128,hk_128x128x64,107.5,0.0275,0.0273,0.0263,0.0007,0.0039,PASS,10,75.3,142.8
2048,5632,128,hk_256x256x64,124.8,0.0237,0.0236,0.0230,0.0004,0.0039,PASS,10,75.3,165.8
2048,5632,2048,hk_128x128x64,319.6,0.1478,0.1478,0.1468,0.0008,0.0156,PASS,10,387.2,82.5
2048,5632,2048,hk_256x256x64,398.9,0.1184,0.1184,0.1175,0.0006,0.0156,PASS,10,387.2,103.0
2048,5760,512,hk_128x128x64,239.7,0.0504,0.0504,0.0499,0.0004,0.0078,PASS,10,173.8,137.9
2048,5888,512,hk_128x128x64,238.8,0.0517,0.0515,0.0506,0.0005,0.0078,PASS,10,222.7,107.2
2048,5888,512,hk_256x256x64,276.5,0.0447,0.0444,0.0435,0.0005,0.0078,PASS,10,222.7,124.1
2048,5888,2048,hk_128x128x64,331.3,0.1491,0.1491,0.1476,0.0006,0.0156,PASS,10,403.5,82.1
2048,5888,2048,hk_256x256x64,429.1,0.1151,0.1155,0.1131,0.0017,0.0156,PASS,10,403.5,106.3
2048,6016,64,hk_128x128x64,72.3,0.0218,0.0220,0.0211,0.0006,0.0020,PASS,10,31.0,233.3
2048,6144,64,hk_128x128x64,79.2,0.0203,0.0204,0.0195,0.0005,0.0020,PASS,10,49.1,161.3
2048,6144,64,hk_256x256x64,81.0,0.0199,0.0199,0.0188,0.0005,0.0020,PASS,10,49.1,164.9
2048,6144,128,hk_128x128x64,120.8,0.0267,0.0278,0.0250,0.0031,0.0039,PASS,10,91.9,131.4
2048,6144,128,hk_256x256x64,135.7,0.0237,0.0239,0.0235,0.0003,0.0039,PASS,10,91.9,147.6
2048,6144,512,hk_128x128x64,248.0,0.0520,0.0521,0.0507,0.0012,0.0078,PASS,10,230.4,107.6
2048,6144,512,hk_256x256x64,284.9,0.0452,0.0457,0.0447,0.0014,0.0078,PASS,10,230.4,123.7
2048,6144,2048,hk_128x128x64,342.3,0.1506,0.1500,0.1476,0.0017,0.0156,PASS,10,428.7,79.8
2048,6144,2048,hk_256x256x64,431.7,0.1194,0.1196,0.1174,0.0017,0.0156,PASS,10,428.7,100.7
2048,6272,64,hk_128x128x64,71.7,0.0229,0.0230,0.0225,0.0003,0.0020,PASS,10,30.3,236.9
2048,6272,128,hk_128x128x64,125.6,0.0262,0.0260,0.0251,0.0005,0.0039,PASS,10,62.5,201.1
2048,6528,1024,hk_128x128x64,319.7,0.0856,0.0856,0.0847,0.0004,0.0078,PASS,10,274.6,116.4
2048,6656,2048,hk_128x128x64,356.8,0.1565,0.1557,0.1520,0.0026,0.0156,PASS,10,438.6,81.3
2048,6656,2048,hk_256x256x64,469.7,0.1189,0.1185,0.1170,0.0009,0.0156,PASS,10,438.6,107.1
2048,6784,256,hk_128x128x64,194.6,0.0366,0.0365,0.0356,0.0005,0.0039,PASS,10,133.0,146.3
2048,6784,512,hk_128x128x64,259.4,0.0548,0.0546,0.0533,0.0009,0.0078,PASS,10,215.5,120.4
2048,6784,2048,hk_128x128x64,346.8,0.1641,0.1615,0.1504,0.0066,0.0156,PASS,10,382.5,90.7
2048,6784,8192,hk_128x128x64,355.6,0.6401,0.6409,0.6272,0.0107,0.0312,PASS,10,505.1,70.4
2048,6912,128,hk_128x128x64,121.2,0.0299,0.0305,0.0289,0.0023,0.0039,PASS,10,93.7,129.4
2048,6912,128,hk_256x256x64,131.6,0.0275,0.0277,0.0275,0.0002,0.0039,PASS,10,93.7,140.5
2048,6912,512,hk_128x128x64,271.0,0.0535,0.0534,0.0528,0.0004,0.0078,PASS,10,250.2,108.3
2048,6912,512,hk_256x256x64,299.1,0.0485,0.0483,0.0473,0.0005,0.0078,PASS,10,250.2,119.5
2048,6912,8192,hk_128x128x64,367.0,0.6320,0.6445,0.6155,0.0342,0.0312,PASS,10,513.7,71.4
2048,6912,8192,hk_256x256x64,457.8,0.5066,0.5019,0.4589,0.0155,0.0312,PASS,10,513.7,89.1
2048,7040,1024,hk_128x128x64,330.6,0.0893,0.0892,0.0877,0.0009,0.0078,PASS,10,268.4,123.2
2048,7040,2048,hk_128x128x64,363.4,0.1625,0.1595,0.1528,0.0049,0.0156,PASS,10,370.6,98.1
2048,7168,128,hk_128x128x64,134.5,0.0279,0.0280,0.0275,0.0003,0.0039,PASS,10,84.1,159.8
2048,7168,128,hk_256x256x64,149.0,0.0252,0.0251,0.0241,0.0004,0.0039,PASS,10,84.1,177.1
2048,7424,128,hk_128x128x64,120.6,0.0323,0.0327,0.0318,0.0015,0.0039,PASS,10,102.8,117.3
2048,7424,128,hk_256x256x64,150.3,0.0259,0.0264,0.0253,0.0015,0.0039,PASS,10,102.8,146.1
2048,7552,128,hk_128x128x64,123.1,0.0322,0.0325,0.0308,0.0018,0.0039,PASS,10,86.4,142.5
2048,7552,512,hk_128x128x64,241.3,0.0656,0.0657,0.0649,0.0006,0.0078,PASS,10,214.9,112.3
2048,7680,2048,hk_128x128x64,330.4,0.1950,0.1947,0.1928,0.0013,0.0156,PASS,10,452.5,73.0
2048,7680,2048,hk_256x256x64,478.5,0.1346,0.1327,0.1286,0.0039,0.0156,PASS,10,452.5,105.7
2048,7808,2048,hk_128x128x64,319.7,0.2049,0.2019,0.1947,0.0039,0.0156,PASS,10,386.3,82.8
2048,7936,512,hk_128x128x64,246.5,0.0675,0.0677,0.0669,0.0007,0.0078,PASS,10,257.5,95.7
2048,7936,512,hk_256x256x64,324.8,0.0512,0.0511,0.0505,0.0003,0.0078,PASS,10,257.5,126.1
2048,8064,1024,hk_128x128x64,301.9,0.1120,0.1115,0.1103,0.0008,0.0078,PASS,10,300.8,100.4
2048,8192,4096,hk_128x128x64,377.2,0.3644,0.3640,0.3533,0.0073,0.0156,PASS,10,538.6,70.0
2048,8192,4096,hk_256x256x64,575.1,0.2390,0.2403,0.2300,0.0140,0.0156,PASS,10,538.6,106.8
2048,8192,8192,hk_128x128x64,346.4,0.7936,0.7925,0.7753,0.0128,0.0312,PASS,10,601.4,57.6
2048,8192,8192,hk_256x256x64,563.4,0.4879,0.4834,0.4588,0.0168,0.0312,PASS,10,601.4,93.7
2112,2112,64,hk_192x192x64,46.4,0.0123,0.0127,0.0119,0.0014,0.0020,PASS,10,14.1,329.3
2112,2496,1536,hk_192x192x64,254.7,0.0636,0.0638,0.0628,0.0013,0.0156,PASS,10,222.5,114.4
2112,2688,64,hk_192x192x64,54.3,0.0134,0.0132,0.0126,0.0003,0.0020,PASS,10,29.2,185.9
2112,2688,6144,hk_192x192x64,299.5,0.2329,0.2327,0.2293,0.0023,0.0312,PASS,10,414.3,72.3
2112,2880,64,hk_192x192x64,54.9,0.0142,0.0142,0.0131,0.0006,0.0039,PASS,10,21.9,250.0
2112,2880,192,hk_192x192x64,135.2,0.0173,0.0174,0.0171,0.0003,0.0039,PASS,10,63.3,213.7
2112,2880,384,hk_192x192x64,200.2,0.0233,0.0235,0.0223,0.0009,0.0078,PASS,10,108.2,185.1
2112,2880,3072,hk_192x192x64,305.0,0.1225,0.1222,0.1190,0.0013,0.0156,PASS,10,331.6,92.0
2112,3072,768,hk_192x192x64,251.8,0.0396,0.0395,0.0392,0.0003,0.0078,PASS,10,225.4,111.8
2112,3072,3072,hk_192x192x64,317.9,0.1254,0.1253,0.1239,0.0009,0.0156,PASS,10,371.1,85.6
2112,3072,6144,hk_192x192x64,341.2,0.2337,0.2348,0.2321,0.0025,0.0312,PASS,10,458.6,74.4
2112,3264,64,hk_192x192x64,56.4,0.0156,0.0158,0.0144,0.0011,0.0020,PASS,10,22.6,250.0
2112,3264,768,hk_192x192x64,261.7,0.0405,0.0410,0.0400,0.0015,0.0078,PASS,10,184.9,141.5
2112,3456,768,hk_192x192x64,270.7,0.0414,0.0418,0.0407,0.0019,0.0078,PASS,10,222.1,121.9
2112,3456,6144,hk_192x192x64,370.8,0.2419,0.2406,0.2359,0.0034,0.0312,PASS,10,445.2,83.3
2112,3648,768,hk_192x192x64,279.5,0.0423,0.0425,0.0410,0.0016,0.0078,PASS,10,184.3,151.7
2112,4032,6144,hk_192x192x64,414.3,0.2525,0.2521,0.2495,0.0016,0.0156,PASS,10,467.3,88.7
2112,4224,192,hk_192x192x64,163.4,0.0210,0.0221,0.0206,0.0022,0.0039,PASS,10,68.8,237.5
2112,4224,384,hk_192x192x64,239.0,0.0287,0.0291,0.0274,0.0019,0.0078,PASS,10,134.9,177.2
2112,4608,6144,hk_192x192x64,451.2,0.2650,0.2715,0.2578,0.0142,0.0312,PASS,10,478.9,94.2
2112,4800,384,hk_192x192x64,256.5,0.0303,0.0302,0.0292,0.0004,0.0078,PASS,10,122.1,210.0
2112,5376,1536,hk_192x192x64,270.3,0.1290,0.1286,0.1266,0.0010,0.0156,PASS,10,334.4,80.9
2112,5568,6144,hk_192x192x64,311.7,0.4636,0.4639,0.4572,0.0028,0.0312,PASS,10,486.8,64.0
2112,5952,3072,hk_192x192x64,323.6,0.2387,0.2387,0.2372,0.0008,0.0156,PASS,10,411.9,78.6
2112,5952,6144,hk_192x192x64,334.7,0.4615,0.4617,0.4565,0.0032,0.0312,PASS,10,479.8,69.8
2176,2432,8192,hk_128x128x64,227.2,0.3816,0.3809,0.3765,0.0024,0.0312,PASS,10,451.7,50.3
2176,2560,512,hk_128x128x64,171.6,0.0332,0.0332,0.0327,0.0003,0.0078,PASS,10,154.1,111.3
2176,2560,1024,hk_128x128x64,210.5,0.0542,0.0540,0.0527,0.0008,0.0078,PASS,10,218.9,96.2
2176,2688,64,hk_128x128x64,48.4,0.0155,0.0157,0.0148,0.0010,0.0020,PASS,10,26.9,179.8
2176,2688,256,hk_128x128x64,134.6,0.0223,0.0225,0.0214,0.0012,0.0039,PASS,10,95.3,141.3
2176,2816,64,hk_128x128x64,50.2,0.0156,0.0154,0.0146,0.0005,0.0020,PASS,10,30.8,163.1
2176,2944,512,hk_128x128x64,201.7,0.0325,0.0330,0.0319,0.0018,0.0078,PASS,10,154.4,130.7
2176,3072,256,hk_128x128x64,151.4,0.0226,0.0230,0.0216,0.0016,0.0039,PASS,10,97.0,156.0
2176,3200,256,hk_128x128x64,155.5,0.0229,0.0232,0.0221,0.0015,0.0039,PASS,10,104.5,148.8
2176,3200,2048,hk_128x128x64,289.1,0.0987,0.0995,0.0981,0.0019,0.0156,PASS,10,318.2,90.9
2176,3328,1024,hk_128x128x64,265.2,0.0559,0.0563,0.0553,0.0013,0.0078,PASS,10,253.0,104.8
2176,3456,512,hk_128x128x64,224.9,0.0342,0.0341,0.0336,0.0004,0.0078,PASS,10,178.8,125.8
2176,3584,8192,hk_128x128x64,321.1,0.3980,0.4019,0.3962,0.0059,0.0312,PASS,10,489.5,65.6
2176,3712,128,hk_128x128x64,100.5,0.0206,0.0204,0.0196,0.0005,0.0039,PASS,10,57.9,173.7
2176,3712,512,hk_128x128x64,229.7,0.0360,0.0358,0.0350,0.0004,0.0078,PASS,10,172.6,133.1
2176,3840,256,hk_128x128x64,178.4,0.0240,0.0239,0.0233,0.0003,0.0039,PASS,10,129.8,137.5
2176,3840,8192,hk_128x128x64,332.5,0.4117,0.4097,0.3907,0.0066,0.0312,PASS,10,472.6,70.4
2176,3968,1024,hk_128x128x64,302.9,0.0584,0.0582,0.0571,0.0006,0.0078,PASS,10,272.9,111.0
2176,4096,128,hk_128x128x64,113.8,0.0200,0.0202,0.0196,0.0005,0.0039,PASS,10,74.6,152.6
2176,4096,256,hk_128x128x64,174.8,0.0261,0.0262,0.0252,0.0010,0.0039,PASS,10,134.7,129.8
2176,4224,4096,hk_128x128x64,373.5,0.2016,0.2028,0.1979,0.0040,0.0156,PASS,10,433.7,86.1
2176,4352,128,hk_128x128x64,106.1,0.0229,0.0229,0.0216,0.0008,0.0039,PASS,10,75.6,140.3
2176,4608,128,hk_128x128x64,106.5,0.0241,0.0241,0.0233,0.0004,0.0039,PASS,10,77.8,136.9
2176,4608,8192,hk_128x128x64,294.9,0.5570,0.5561,0.5513,0.0028,0.0312,PASS,10,511.4,57.7
2176,4736,64,hk_128x128x64,64.1,0.0206,0.0206,0.0195,0.0005,0.0020,PASS,10,28.0,229.4
2176,4736,2048,hk_128x128x64,285.5,0.1479,0.1475,0.1455,0.0010,0.0156,PASS,10,344.4,82.9
2176,4736,4096,hk_128x128x64,317.4,0.2660,0.2669,0.2645,0.0019,0.0156,PASS,10,461.1,68.8
2176,4864,512,hk_128x128x64,216.8,0.0500,0.0500,0.0491,0.0006,0.0078,PASS,10,208.6,103.9
2176,4864,8192,hk_128x128x64,309.6,0.5601,0.5580,0.5452,0.0064,0.0312,PASS,10,503.1,61.5
2176,5120,64,hk_128x128x64,67.0,0.0213,0.0217,0.0202,0.0019,0.0020,PASS,10,48.0,139.5
2176,5120,2048,hk_128x128x64,308.1,0.1481,0.1492,0.1461,0.0032,0.0156,PASS,10,399.1,77.2
2176,5248,2048,hk_128x128x64,321.6,0.1455,0.1457,0.1451,0.0006,0.0156,PASS,10,371.0,86.7
2176,5248,8192,hk_128x128x64,322.5,0.5802,0.5816,0.5741,0.0058,0.0312,PASS,10,485.1,66.5
2176,5376,512,hk_128x128x64,232.2,0.0516,0.0525,0.0509,0.0023,0.0078,PASS,10,215.3,107.8
2176,5504,8192,hk_128x128x64,329.6,0.5953,0.5940,0.5864,0.0054,0.0312,PASS,10,460.5,71.6
2176,5632,64,hk_128x128x64,66.2,0.0237,0.0238,0.0223,0.0015,0.0039,PASS,10,38.5,172.1
2176,5632,256,hk_128x128x64,184.3,0.0340,0.0345,0.0333,0.0018,0.0039,PASS,10,142.1,129.7
2176,5632,8192,hk_128x128x64,335.2,0.5991,0.6034,0.5902,0.0106,0.0312,PASS,10,491.8,68.2
2176,5760,2048,hk_128x128x64,345.1,0.1487,0.1490,0.1476,0.0009,0.0156,PASS,10,382.9,90.1
2176,5888,2048,hk_128x128x64,335.3,0.1565,0.1556,0.1477,0.0043,0.0156,PASS,10,433.6,77.3
2176,5888,8192,hk_128x128x64,345.6,0.6074,0.6089,0.5944,0.0101,0.0312,PASS,10,519.3,66.5
2176,6016,128,hk_128x128x64,123.5,0.0271,0.0283,0.0255,0.0028,0.0039,PASS,10,76.3,161.7
2176,6016,512,hk_128x128x64,250.1,0.0536,0.0537,0.0519,0.0018,0.0078,PASS,10,203.1,123.1
2176,6016,1024,hk_128x128x64,312.2,0.0859,0.0857,0.0849,0.0005,0.0078,PASS,10,277.4,112.6
2176,6016,2048,hk_128x128x64,350.9,0.1528,0.1528,0.1506,0.0016,0.0156,PASS,10,364.3,96.3
2176,6144,256,hk_128x128x64,191.2,0.0358,0.0360,0.0340,0.0012,0.0039,PASS,10,166.9,114.6
2176,6400,1024,hk_128x128x64,330.4,0.0863,0.0863,0.0857,0.0004,0.0078,PASS,10,323.1,102.3
2176,6528,128,hk_128x128x64,126.3,0.0288,0.0288,0.0283,0.0004,0.0039,PASS,10,81.1,155.7
2176,6528,1024,hk_128x128x64,331.3,0.0878,0.0880,0.0860,0.0016,0.0078,PASS,10,310.5,106.7
2176,6912,4096,hk_128x128x64,345.1,0.3570,0.3551,0.3485,0.0041,0.0156,PASS,10,484.7,71.2
2176,6912,8192,hk_128x128x64,323.2,0.7624,0.7594,0.7294,0.0167,0.0312,PASS,10,518.5,62.3
2176,7040,128,hk_128x128x64,123.2,0.0318,0.0320,0.0311,0.0014,0.0039,PASS,10,56.4,218.3
2176,7040,2048,hk_128x128x64,326.9,0.1919,0.1921,0.1912,0.0011,0.0156,PASS,10,384.1,85.1
2176,7296,256,hk_128x128x64,183.8,0.0442,0.0443,0.0433,0.0012,0.0039,PASS,10,144.6,127.1
2176,7424,256,hk_128x128x64,185.5,0.0446,0.0450,0.0433,0.0013,0.0039,PASS,10,182.1,101.9
2176,7424,512,hk_128x128x64,246.9,0.0670,0.0673,0.0662,0.0014,0.0078,PASS,10,255.2,96.8
2176,7680,1024,hk_128x128x64,308.4,0.1110,0.1114,0.1103,0.0010,0.0078,PASS,10,356.0,86.6
2176,7936,2048,hk_128x128x64,345.6,0.2047,0.2034,0.1986,0.0038,0.0156,PASS,10,456.3,75.7
2176,8064,1024,hk_128x128x64,319.8,0.1124,0.1125,0.1094,0.0017,0.0078,PASS,10,286.6,111.6
2176,8064,4096,hk_128x128x64,370.2,0.3883,0.3889,0.3858,0.0027,0.0156,PASS,10,498.3,74.3
2176,8192,64,hk_128x128x64,81.2,0.0281,0.0290,0.0277,0.0014,0.0020,PASS,10,66.0,123.0
2304,2304,128,hk_128x128x64,77.0,0.0176,0.0177,0.0168,0.0009,0.0039,PASS,10,50.7,151.8
2304,2304,128,hk_192x192x64,90.1,0.0151,0.0157,0.0142,0.0017,0.0039,PASS,10,50.7,177.7
2304,2304,128,hk_256x256x64,70.8,0.0192,0.0191,0.0184,0.0005,0.0039,PASS,10,50.7,139.5
2304,2432,256,hk_128x128x64,124.9,0.0230,0.0233,0.0214,0.0015,0.0039,PASS,10,101.4,123.2
2304,2688,128,hk_128x128x64,86.5,0.0183,0.0186,0.0164,0.0016,0.0039,PASS,10,63.3,136.8
2304,2688,128,hk_192x192x64,102.7,0.0154,0.0158,0.0143,0.0018,0.0039,PASS,10,63.3,162.3
2304,2688,512,hk_128x128x64,192.7,0.0329,0.0332,0.0318,0.0015,0.0078,PASS,10,167.9,114.7
2304,2688,512,hk_192x192x64,232.3,0.0273,0.0278,0.0261,0.0018,0.0078,PASS,10,167.9,138.3
2304,2688,1536,hk_128x128x64,220.6,0.0862,0.0868,0.0850,0.0019,0.0078,PASS,10,294.4,74.9
2304,2688,1536,hk_192x192x64,301.3,0.0631,0.0630,0.0616,0.0005,0.0078,PASS,10,294.4,102.3
2304,2688,2048,hk_128x128x64,260.3,0.0975,0.0981,0.0961,0.0018,0.0156,PASS,10,333.0,78.2
2304,2688,2048,hk_192x192x64,360.3,0.0704,0.0706,0.0699,0.0008,0.0156,PASS,10,333.0,108.2
2304,2688,3072,hk_128x128x64,221.9,0.1715,0.1702,0.1649,0.0045,0.0156,PASS,10,355.3,62.5
2304,2688,3072,hk_192x192x64,314.1,0.1212,0.1215,0.1205,0.0011,0.0156,PASS,10,355.3,88.4
2304,2688,6144,hk_128x128x64,237.7,0.3201,0.3202,0.3157,0.0047,0.0312,PASS,10,444.5,53.5
2304,2688,6144,hk_192x192x64,325.0,0.2342,0.2333,0.2292,0.0019,0.0312,PASS,10,444.5,73.1
2304,2816,256,hk_128x128x64,134.3,0.0247,0.0245,0.0233,0.0006,0.0039,PASS,10,107.2,125.3
2304,2816,256,hk_256x256x64,125.5,0.0265,0.0268,0.0260,0.0013,0.0039,PASS,10,107.2,117.1
2304,2816,1024,hk_128x128x64,241.6,0.0550,0.0549,0.0540,0.0006,0.0078,PASS,10,252.0,95.8
2304,2816,1024,hk_256x256x64,247.5,0.0537,0.0538,0.0523,0.0012,0.0078,PASS,10,252.0,98.2
2304,2880,64,hk_192x192x64,59.3,0.0143,0.0147,0.0138,0.0010,0.0020,PASS,10,29.4,201.7
2304,2880,768,hk_192x192x64,254.0,0.0401,0.0403,0.0384,0.0018,0.0078,PASS,10,175.9,144.4
2304,2880,1536,hk_192x192x64,309.5,0.0659,0.0662,0.0647,0.0020,0.0156,PASS,10,256.8,120.5
2304,2944,128,hk_128x128x64,89.9,0.0193,0.0196,0.0186,0.0016,0.0039,PASS,10,63.9,140.7
2304,2944,1024,hk_128x128x64,249.8,0.0556,0.0560,0.0545,0.0014,0.0078,PASS,10,254.6,98.1
2304,3072,1536,hk_128x128x64,247.4,0.0879,0.0875,0.0860,0.0008,0.0078,PASS,10,319.4,77.5
2304,3072,1536,hk_192x192x64,325.3,0.0668,0.0678,0.0660,0.0025,0.0078,PASS,10,319.4,101.9
2304,3072,1536,hk_256x256x64,273.2,0.0796,0.0790,0.0777,0.0008,0.0078,PASS,10,319.4,85.5
2304,3264,192,hk_192x192x64,151.0,0.0191,0.0191,0.0179,0.0009,0.0039,PASS,10,73.9,204.4
2304,3456,1024,hk_128x128x64,285.4,0.0571,0.0576,0.0558,0.0017,0.0078,PASS,10,257.3,110.9
2304,3456,1024,hk_192x192x64,330.4,0.0494,0.0493,0.0487,0.0003,0.0078,PASS,10,257.3,128.4
2304,3456,3072,hk_128x128x64,284.6,0.1719,0.1718,0.1700,0.0014,0.0156,PASS,10,374.2,76.1
2304,3456,3072,hk_192x192x64,383.7,0.1275,0.1270,0.1242,0.0016,0.0156,PASS,10,374.2,102.5
2304,3584,256,hk_128x128x64,170.1,0.0249,0.0249,0.0242,0.0005,0.0039,PASS,10,126.7,134.2
2304,3584,256,hk_256x256x64,156.2,0.0271,0.0270,0.0260,0.0007,0.0039,PASS,10,126.7,123.3
2304,3584,2048,hk_128x128x64,330.4,0.1024,0.1023,0.1008,0.0006,0.0156,PASS,10,370.5,89.2
2304,3584,2048,hk_256x256x64,324.8,0.1041,0.1049,0.1004,0.0038,0.0156,PASS,10,370.5,87.7
2304,3840,256,hk_128x128x64,179.3,0.0253,0.0250,0.0243,0.0005,0.0039,PASS,10,136.6,131.3
2304,3840,256,hk_192x192x64,191.5,0.0237,0.0236,0.0227,0.0006,0.0039,PASS,10,136.6,140.2
2304,3840,256,hk_256x256x64,160.5,0.0282,0.0280,0.0265,0.0008,0.0039,PASS,10,136.6,117.5
2304,3840,384,hk_128x128x64,213.2,0.0319,0.0316,0.0301,0.0008,0.0078,PASS,10,173.3,123.0
2304,3840,384,hk_192x192x64,238.7,0.0285,0.0282,0.0268,0.0007,0.0078,PASS,10,173.3,137.7
2304,3840,384,hk_256x256x64,201.5,0.0337,0.0341,0.0325,0.0020,0.0078,PASS,10,173.3,116.3
2304,3840,768,hk_128x128x64,255.2,0.0532,0.0536,0.0525,0.0017,0.0078,PASS,10,253.5,100.7
2304,3840,768,hk_192x192x64,305.6,0.0445,0.0443,0.0435,0.0005,0.0078,PASS,10,253.5,120.6
2304,3840,768,hk_256x256x64,266.7,0.0510,0.0510,0.0496,0.0016,0.0078,PASS,10,253.5,105.2
2304,3840,1536,hk_128x128x64,301.6,0.0901,0.0900,0.0885,0.0009,0.0078,PASS,10,342.0,88.2
2304,3840,1536,hk_192x192x64,376.0,0.0723,0.0723,0.0714,0.0005,0.0078,PASS,10,342.0,109.9
2304,3840,1536,hk_256x256x64,314.0,0.0866,0.0864,0.0840,0.0016,0.0078,PASS,10,342.0,91.8
2304,3840,3072,hk_128x128x64,308.8,0.1760,0.1759,0.1741,0.0013,0.0156,PASS,10,415.1,74.4
2304,3840,3072,hk_192x192x64,408.3,0.1331,0.1321,0.1285,0.0021,0.0156,PASS,10,415.1,98.3
2304,3840,3072,hk_256x256x64,350.0,0.1553,0.1565,0.1515,0.0068,0.0156,PASS,10,415.1,84.3
2304,3840,4096,hk_128x128x64,366.4,0.1978,0.1970,0.1952,0.0014,0.0156,PASS,10,469.3,78.1
2304,3840,4096,hk_192x192x64,475.0,0.1526,0.1524,0.1501,0.0009,0.0156,PASS,10,469.3,101.2
2304,3840,4096,hk_256x256x64,370.2,0.1958,0.1989,0.1934,0.0064,0.0156,PASS,10,469.3,78.9
2304,4096,64,hk_128x128x64,67.1,0.0180,0.0180,0.0173,0.0005,0.0020,PASS,10,42.3,158.8
2304,4096,64,hk_256x256x64,61.5,0.0196,0.0205,0.0180,0.0024,0.0020,PASS,10,42.3,145.5
2304,4096,512,hk_128x128x64,244.2,0.0396,0.0397,0.0386,0.0011,0.0078,PASS,10,214.4,113.9
2304,4096,512,hk_256x256x64,237.7,0.0407,0.0404,0.0390,0.0008,0.0078,PASS,10,214.4,110.8
2304,4096,1024,hk_128x128x64,311.0,0.0621,0.0628,0.0617,0.0020,0.0078,PASS,10,321.0,96.9
2304,4096,1024,hk_256x256x64,311.2,0.0621,0.0618,0.0591,0.0012,0.0078,PASS,10,321.0,97.0
2304,4224,64,hk_128x128x64,72.3,0.0172,0.0174,0.0166,0.0005,0.0020,PASS,10,28.6,252.6
2304,4224,64,hk_192x192x64,78.5,0.0159,0.0162,0.0148,0.0016,0.0020,PASS,10,28.6,274.2
2304,4224,192,hk_128x128x64,162.4,0.0230,0.0234,0.0225,0.0015,0.0039,PASS,10,84.2,192.9
2304,4224,192,hk_192x192x64,176.5,0.0212,0.0222,0.0204,0.0030,0.0039,PASS,10,84.2,209.7
2304,4224,6144,hk_128x128x64,343.9,0.3478,0.3461,0.3411,0.0029,0.0312,PASS,10,461.2,74.6
2304,4224,6144,hk_192x192x64,457.9,0.2612,0.2606,0.2547,0.0046,0.0312,PASS,10,461.2,99.3
2304,4224,8192,hk_128x128x64,357.7,0.4458,0.4458,0.4371,0.0052,0.0312,PASS,10,459.2,77.9
2304,4224,8192,hk_192x192x64,466.7,0.3416,0.3407,0.3235,0.0078,0.0312,PASS,10,459.2,101.6
2304,4352,256,hk_128x128x64,156.4,0.0328,0.0327,0.0311,0.0010,0.0039,PASS,10,128.6,121.6
2304,4352,256,hk_256x256x64,176.9,0.0290,0.0295,0.0281,0.0016,0.0039,PASS,10,128.6,137.6
2304,4352,1024,hk_128x128x64,245.7,0.0836,0.0841,0.0827,0.0017,0.0078,PASS,10,316.6,77.6
2304,4352,1024,hk_256x256x64,323.8,0.0634,0.0636,0.0620,0.0019,0.0078,PASS,10,316.6,102.3
2304,4352,2048,hk_128x128x64,279.7,0.1469,0.1467,0.1451,0.0008,0.0156,PASS,10,401.7,69.6
2304,4352,2048,hk_256x256x64,385.3,0.1066,0.1060,0.1028,0.0022,0.0156,PASS,10,401.7,95.9
2304,4352,4096,hk_128x128x64,309.3,0.2656,0.2645,0.2607,0.0021,0.0156,PASS,10,473.4,65.3
2304,4352,4096,hk_256x256x64,392.3,0.2094,0.2083,0.1965,0.0084,0.0156,PASS,10,473.4,82.9
2304,4480,64,hk_128x128x64,62.3,0.0212,0.0212,0.0201,0.0005,0.0020,PASS,10,28.0,222.9
2304,4480,128,hk_128x128x64,108.4,0.0244,0.0243,0.0237,0.0004,0.0039,PASS,10,59.8,181.4
2304,4480,2048,hk_128x128x64,286.0,0.1478,0.1478,0.1466,0.0007,0.0156,PASS,10,343.7,83.2
2304,4480,8192,hk_128x128x64,303.2,0.5577,0.5592,0.5532,0.0055,0.0312,PASS,10,483.9,62.7
2304,4608,1024,hk_128x128x64,260.5,0.0835,0.0845,0.0816,0.0032,0.0078,PASS,10,333.5,78.1
2304,4608,1024,hk_192x192x64,387.4,0.0561,0.0564,0.0546,0.0012,0.0078,PASS,10,333.5,116.1
2304,4608,1024,hk_256x256x64,331.1,0.0657,0.0648,0.0631,0.0014,0.0078,PASS,10,333.5,99.3
2304,4736,64,hk_128x128x64,65.6,0.0213,0.0217,0.0204,0.0017,0.0020,PASS,10,30.9,212.1
2304,4736,4096,hk_128x128x64,335.1,0.2668,0.2667,0.2634,0.0028,0.0156,PASS,10,443.3,75.6
2304,4736,8192,hk_128x128x64,312.8,0.5715,0.5698,0.5605,0.0064,0.0312,PASS,10,491.2,63.7
2304,4864,64,hk_128x128x64,69.5,0.0206,0.0211,0.0195,0.0020,0.0020,PASS,10,46.7,148.7
2304,4864,64,hk_256x256x64,73.5,0.0195,0.0202,0.0190,0.0018,0.0020,PASS,10,46.7,157.3
2304,4864,4096,hk_128x128x64,339.7,0.2702,0.2715,0.2666,0.0034,0.0156,PASS,10,506.4,67.1
2304,4864,4096,hk_256x256x64,422.4,0.2173,0.2161,0.2116,0.0025,0.0156,PASS,10,506.4,83.4
2304,4864,8192,hk_128x128x64,319.7,0.5743,0.5730,0.5570,0.0076,0.0312,PASS,10,520.7,61.4
2304,4864,8192,hk_256x256x64,424.3,0.4328,0.4318,0.4244,0.0038,0.0312,PASS,10,520.7,81.5
2304,4992,64,hk_128x128x64,66.9,0.0220,0.0218,0.0207,0.0007,0.0020,PASS,10,27.2,246.1
2304,4992,64,hk_192x192x64,63.4,0.0232,0.0231,0.0225,0.0003,0.0020,PASS,10,27.2,233.3
2304,4992,384,hk_128x128x64,209.0,0.0423,0.0424,0.0412,0.0014,0.0078,PASS,10,141.4,147.8
2304,4992,384,hk_192x192x64,196.9,0.0449,0.0448,0.0440,0.0004,0.0078,PASS,10,141.4,139.2
2304,4992,1024,hk_128x128x64,281.9,0.0836,0.0835,0.0829,0.0006,0.0078,PASS,10,253.8,111.1
2304,4992,1024,hk_192x192x64,272.8,0.0864,0.0863,0.0855,0.0005,0.0078,PASS,10,253.8,107.5
2304,4992,3072,hk_128x128x64,279.8,0.2526,0.2530,0.2510,0.0021,0.0156,PASS,10,412.0,67.9
2304,4992,3072,hk_192x192x64,297.3,0.2377,0.2380,0.2348,0.0026,0.0156,PASS,10,412.0,72.2
2304,5120,128,hk_128x128x64,108.1,0.0279,0.0280,0.0271,0.0010,0.0039,PASS,10,90.6,119.2
2304,5120,128,hk_256x256x64,125.3,0.0241,0.0242,0.0234,0.0005,0.0039,PASS,10,90.6,138.3
2304,5120,1024,hk_128x128x64,282.9,0.0854,0.0855,0.0841,0.0015,0.0078,PASS,10,304.2,93.0
2304,5120,1024,hk_256x256x64,365.6,0.0661,0.0667,0.0650,0.0019,0.0078,PASS,10,304.2,120.2
2304,5120,4096,hk_128x128x64,343.9,0.2810,0.2813,0.2762,0.0036,0.0156,PASS,10,520.9,66.0
2304,5120,4096,hk_256x256x64,432.7,0.2233,0.2227,0.2174,0.0042,0.0156,PASS,10,520.9,83.1
2304,5184,6144,hk_192x192x64,320.6,0.4578,0.4572,0.4522,0.0024,0.0312,PASS,10,457.5,70.1
2304,5376,128,hk_128x128x64,120.0,0.0264,0.0265,0.0255,0.0007,0.0039,PASS,10,97.2,123.5
2304,5376,128,hk_192x192x64,116.3,0.0273,0.0270,0.0256,0.0007,0.0039,PASS,10,97.2,119.7
2304,5376,128,hk_256x256x64,135.2,0.0235,0.0236,0.0230,0.0006,0.0039,PASS,10,97.2,139.1
2304,5376,192,hk_128x128x64,158.0,0.0301,0.0305,0.0296,0.0013,0.0039,PASS,10,133.3,118.5
2304,5376,192,hk_192x192x64,150.7,0.0316,0.0323,0.0310,0.0017,0.0039,PASS,10,133.3,113.1
2304,5376,192,hk_256x256x64,179.5,0.0265,0.0264,0.0256,0.0004,0.0039,PASS,10,133.3,134.6
2304,5376,8192,hk_128x128x64,336.9,0.6024,0.6014,0.5910,0.0060,0.0312,PASS,10,518.5,65.0
2304,5376,8192,hk_192x192x64,344.3,0.5895,0.5874,0.5773,0.0060,0.0312,PASS,10,518.5,66.4
2304,5376,8192,hk_256x256x64,438.5,0.4628,0.4593,0.4458,0.0067,0.0312,PASS,10,518.5,84.6
2304,5632,4096,hk_128x128x64,357.0,0.2977,0.2966,0.2918,0.0037,0.0156,PASS,10,500.4,71.3
2304,5632,4096,hk_256x256x64,453.1,0.2346,0.2343,0.2277,0.0035,0.0156,PASS,10,500.4,90.5
2304,5632,8192,hk_128x128x64,343.4,0.6192,0.6202,0.6105,0.0059,0.0312,PASS,10,502.2,68.4
2304,5632,8192,hk_256x256x64,433.5,0.4904,0.4809,0.4577,0.0161,0.0312,PASS,10,502.2,86.3
2304,5760,768,hk_128x128x64,274.2,0.0743,0.0746,0.0733,0.0014,0.0078,PASS,10,231.6,118.4
2304,5760,768,hk_192x192x64,274.8,0.0742,0.0742,0.0738,0.0003,0.0078,PASS,10,231.6,118.6
2304,5760,1024,hk_128x128x64,318.4,0.0854,0.0858,0.0844,0.0016,0.0078,PASS,10,278.5,114.3
2304,5760,1024,hk_192x192x64,313.1,0.0868,0.0867,0.0856,0.0005,0.0078,PASS,10,278.5,112.4
2304,5888,128,hk_128x128x64,127.6,0.0272,0.0276,0.0263,0.0013,0.0039,PASS,10,103.9,122.8
2304,5888,128,hk_256x256x64,138.4,0.0251,0.0249,0.0241,0.0006,0.0039,PASS,10,103.9,133.2
2304,5952,768,hk_192x192x64,287.3,0.0733,0.0737,0.0727,0.0015,0.0078,PASS,10,237.3,121.0
2304,6144,512,hk_128x128x64,272.3,0.0532,0.0533,0.0531,0.0002,0.0078,PASS,10,266.6,102.1
2304,6144,512,hk_192x192x64,270.4,0.0536,0.0543,0.0514,0.0030,0.0078,PASS,10,266.6,101.4
2304,6144,512,hk_256x256x64,301.0,0.0481,0.0485,0.0470,0.0016,0.0078,PASS,10,266.6,112.9
2304,6144,4096,hk_128x128x64,372.3,0.3115,0.3084,0.2984,0.0072,0.0156,PASS,10,520.1,71.6
2304,6144,4096,hk_192x192x64,393.6,0.2946,0.2945,0.2924,0.0010,0.0156,PASS,10,520.1,75.7
2304,6144,4096,hk_256x256x64,482.2,0.2405,0.2401,0.2313,0.0033,0.0156,PASS,10,520.1,92.7
2304,6272,128,hk_128x128x64,125.0,0.0296,0.0295,0.0289,0.0004,0.0039,PASS,10,80.0,156.2
2304,6656,64,hk_128x128x64,76.3,0.0257,0.0259,0.0247,0.0013,0.0020,PASS,10,58.4,130.5
2304,6656,64,hk_256x256x64,91.7,0.0214,0.0219,0.0211,0.0015,0.0020,PASS,10,58.4,156.9
2304,6784,256,hk_128x128x64,181.1,0.0442,0.0445,0.0437,0.0012,0.0039,PASS,10,111.8,162.1
2304,6784,4096,hk_128x128x64,354.8,0.3609,0.3598,0.3545,0.0034,0.0156,PASS,10,494.5,71.8
2304,6912,1024,hk_128x128x64,299.4,0.1089,0.1089,0.1082,0.0005,0.0078,PASS,10,370.1,80.9
2304,6912,1024,hk_192x192x64,359.2,0.0908,0.0912,0.0898,0.0015,0.0078,PASS,10,370.1,97.0
2304,6912,1024,hk_256x256x64,414.2,0.0787,0.0785,0.0771,0.0006,0.0078,PASS,10,370.1,111.9
2304,7296,512,hk_128x128x64,256.9,0.0670,0.0668,0.0658,0.0006,0.0078,PASS,10,230.1,111.7
2304,7296,512,hk_192x192x64,305.2,0.0564,0.0564,0.0556,0.0006,0.0078,PASS,10,230.1,132.6
2304,7296,4096,hk_128x128x64,359.5,0.3831,0.3834,0.3787,0.0048,0.0156,PASS,10,490.3,73.3
2304,7296,4096,hk_192x192x64,448.3,0.3072,0.3067,0.3043,0.0016,0.0156,PASS,10,490.3,91.4
2304,7424,64,hk_128x128x64,72.6,0.0301,0.0299,0.0285,0.0009,0.0020,PASS,10,59.1,122.9
2304,7424,64,hk_256x256x64,94.5,0.0232,0.0231,0.0223,0.0004,0.0020,PASS,10,59.1,159.9
2304,7680,128,hk_128x128x64,131.5,0.0344,0.0349,0.0339,0.0015,0.0039,PASS,10,119.9,109.7
2304,7680,128,hk_192x192x64,156.9,0.0289,0.0294,0.0283,0.0018,0.0039,PASS,10,119.9,130.8
2304,7680,128,hk_256x256x64,168.6,0.0269,0.0271,0.0257,0.0015,0.0039,PASS,10,119.9,140.6
2304,7680,1024,hk_128x128x64,324.2,0.1118,0.1124,0.1114,0.0019,0.0078,PASS,10,375.8,86.3
2304,7680,1024,hk_192x192x64,384.5,0.0943,0.0947,0.0922,0.0024,0.0078,PASS,10,375.8,102.3
2304,7680,1024,hk_256x256x64,450.1,0.0805,0.0803,0.0795,0.0005,0.0078,PASS,10,375.8,119.8
2304,7808,128,hk_128x128x64,132.9,0.0346,0.0346,0.0342,0.0002,0.0039,PASS,10,68.8,193.3
2304,7808,2048,hk_128x128x64,352.3,0.2092,0.2065,0.1956,0.0058,0.0156,PASS,10,373.9,94.2
2304,7936,8192,hk_128x128x64,374.9,0.7991,0.8074,0.7835,0.0286,0.0312,PASS,10,524.2,71.5
2304,7936,8192,hk_256x256x64,546.0,0.5487,0.5519,0.5315,0.0214,0.0312,PASS,10,524.2,104.1
2304,8064,256,hk_128x128x64,206.9,0.0460,0.0468,0.0445,0.0020,0.0039,PASS,10,107.5,192.5
2304,8064,256,hk_192x192x64,226.8,0.0419,0.0425,0.0413,0.0017,0.0039,PASS,10,107.5,211.1
2304,8064,512,hk_128x128x64,281.5,0.0676,0.0677,0.0663,0.0013,0.0078,PASS,10,198.7,141.6
2304,8064,512,hk_192x192x64,317.0,0.0600,0.0596,0.0588,0.0007,0.0078,PASS,10,198.7,159.5
2304,8192,2048,hk_128x128x64,376.3,0.2054,0.2070,0.2045,0.0031,0.0156,PASS,10,527.0,71.4
2304,8192,2048,hk_256x256x64,540.9,0.1429,0.1463,0.1414,0.0051,0.0156,PASS,10,527.0,102.6
2432,2432,512,hk_128x128x64,179.0,0.0338,0.0343,0.0332,0.0014,0.0078,PASS,10,150.9,118.6
2432,2432,8192,hk_128x128x64,253.8,0.3818,0.3848,0.3784,0.0087,0.0312,PASS,10,454.1,55.9
2432,2688,8192,hk_128x128x64,274.4,0.3904,0.3902,0.3807,0.0065,0.0312,PASS,10,453.6,60.5
2432,2816,1024,hk_128x128x64,251.5,0.0558,0.0555,0.0544,0.0005,0.0078,PASS,10,244.0,103.1
2432,2816,4096,hk_128x128x64,311.3,0.1802,0.1801,0.1788,0.0009,0.0156,PASS,10,403.6,77.1
2432,2944,256,hk_128x128x64,153.7,0.0239,0.0239,0.0232,0.0004,0.0039,PASS,10,106.9,143.7
2432,3072,2048,hk_128x128x64,303.0,0.1010,0.1007,0.0998,0.0008,0.0156,PASS,10,355.2,85.3
2432,3200,2048,hk_128x128x64,316.5,0.1007,0.1006,0.0998,0.0005,0.0156,PASS,10,356.2,88.9
2432,3200,8192,hk_128x128x64,314.6,0.4053,0.4072,0.3992,0.0059,0.0312,PASS,10,477.4,65.9
2432,3584,256,hk_128x128x64,176.7,0.0253,0.0249,0.0239,0.0006,0.0039,PASS,10,129.6,136.3
2432,3584,2048,hk_128x128x64,344.0,0.1038,0.1039,0.1022,0.0012,0.0156,PASS,10,371.8,92.5
2432,3712,512,hk_128x128x64,241.9,0.0382,0.0383,0.0374,0.0007,0.0078,PASS,10,200.7,120.6
2432,3712,2048,hk_128x128x64,353.5,0.1046,0.1055,0.1035,0.0020,0.0156,PASS,10,360.1,98.2
2432,3968,2048,hk_128x128x64,371.8,0.1063,0.1067,0.1052,0.0015,0.0156,PASS,10,366.2,101.5
2432,3968,8192,hk_128x128x64,360.9,0.4380,0.4365,0.4120,0.0097,0.0312,PASS,10,504.2,71.6
2432,4096,64,hk_128x128x64,63.4,0.0201,0.0200,0.0185,0.0010,0.0020,PASS,10,42.0,150.8
2432,4096,128,hk_128x128x64,115.0,0.0222,0.0222,0.0216,0.0006,0.0039,PASS,10,86.4,133.1
2432,4096,4096,hk_128x128x64,385.3,0.2118,0.2111,0.2031,0.0050,0.0156,PASS,10,481.6,80.0
2432,4224,1024,hk_128x128x64,251.0,0.0838,0.0838,0.0829,0.0007,0.0078,PASS,10,245.8,102.1
2432,4352,128,hk_128x128x64,104.8,0.0259,0.0258,0.0251,0.0004,0.0039,PASS,10,86.5,121.1
2432,4352,2048,hk_128x128x64,294.5,0.1472,0.1475,0.1444,0.0028,0.0156,PASS,10,393.4,74.9
2432,4480,256,hk_128x128x64,166.8,0.0334,0.0337,0.0328,0.0013,0.0039,PASS,10,98.5,169.4
2432,4480,1024,hk_128x128x64,268.5,0.0831,0.0830,0.0822,0.0005,0.0078,PASS,10,251.6,106.7
2432,4608,512,hk_128x128x64,224.8,0.0510,0.0512,0.0498,0.0011,0.0078,PASS,10,227.7,98.7
2432,4608,2048,hk_128x128x64,311.2,0.1475,0.1478,0.1469,0.0009,0.0156,PASS,10,400.3,77.7
2432,4608,4096,hk_128x128x64,333.9,0.2749,0.2742,0.2708,0.0025,0.0156,PASS,10,506.7,65.9
2432,4736,64,hk_128x128x64,65.7,0.0225,0.0224,0.0214,0.0005,0.0020,PASS,10,29.5,222.7
2432,4736,2048,hk_128x128x64,318.5,0.1481,0.1478,0.1463,0.0010,0.0156,PASS,10,360.2,88.4
2432,4864,4096,hk_128x128x64,358.6,0.2703,0.2704,0.2651,0.0049,0.0156,PASS,10,485.7,73.8
2432,4992,1024,hk_128x128x64,295.5,0.0842,0.0844,0.0834,0.0009,0.0078,PASS,10,263.6,112.1
2432,5120,64,hk_128x128x64,80.8,0.0197,0.0198,0.0194,0.0004,0.0020,PASS,10,53.4,151.4
2432,5120,128,hk_128x128x64,124.4,0.0256,0.0259,0.0252,0.0006,0.0039,PASS,10,94.1,132.2
2432,5120,512,hk_128x128x64,247.3,0.0516,0.0519,0.0508,0.0015,0.0078,PASS,10,226.8,109.0
2432,5120,4096,hk_128x128x64,361.7,0.2820,0.2808,0.2745,0.0038,0.0156,PASS,10,498.0,72.6
2432,5504,8192,hk_128x128x64,340.3,0.6444,0.6378,0.6206,0.0130,0.0312,PASS,10,482.8,70.5
2432,5632,256,hk_128x128x64,192.9,0.0364,0.0370,0.0352,0.0025,0.0039,PASS,10,147.5,130.8
2432,5632,1024,hk_128x128x64,322.4,0.0870,0.0872,0.0851,0.0018,0.0078,PASS,10,331.6,97.2
2432,5888,4096,hk_128x128x64,382.5,0.3067,0.3074,0.3012,0.0052,0.0156,PASS,10,535.6,71.4
2432,5888,8192,hk_128x128x64,357.0,0.6572,0.6546,0.6436,0.0059,0.0312,PASS,10,528.2,67.6
2432,6016,2048,hk_128x128x64,373.6,0.1604,0.1597,0.1557,0.0024,0.0156,PASS,10,381.6,97.9
2432,6144,128,hk_128x128x64,131.4,0.0291,0.0289,0.0277,0.0007,0.0039,PASS,10,87.6,150.0
2432,6144,8192,hk_128x128x64,386.3,0.6337,0.6482,0.6171,0.0327,0.0312,PASS,10,516.3,74.8
2432,6400,512,hk_128x128x64,242.1,0.0658,0.0662,0.0638,0.0017,0.0078,PASS,10,240.4,100.7
2432,6528,1024,hk_128x128x64,293.5,0.1108,0.1107,0.1091,0.0008,0.0078,PASS,10,275.3,106.6
2432,7040,128,hk_128x128x64,131.2,0.0334,0.0332,0.0326,0.0004,0.0039,PASS,10,69.5,188.7
2432,7168,1024,hk_128x128x64,324.1,0.1102,0.1102,0.1095,0.0005,0.0078,PASS,10,379.1,85.5
2432,7296,128,hk_128x128x64,132.8,0.0342,0.0348,0.0334,0.0021,0.0039,PASS,10,87.8,151.2
2432,7296,512,hk_128x128x64,267.5,0.0679,0.0684,0.0665,0.0023,0.0078,PASS,10,227.2,117.8
2432,7424,64,hk_128x128x64,81.8,0.0283,0.0283,0.0277,0.0003,0.0020,PASS,10,70.1,116.6
2432,7424,128,hk_128x128x64,134.7,0.0343,0.0343,0.0336,0.0003,0.0039,PASS,10,124.4,108.3
2432,7424,8192,hk_128x128x64,350.0,0.8451,0.8408,0.8269,0.0137,0.0312,PASS,10,513.1,68.2
2432,7552,64,hk_128x128x64,76.7,0.0306,0.0308,0.0288,0.0023,0.0020,PASS,10,44.8,171.3
2432,7552,4096,hk_128x128x64,373.4,0.4030,0.4023,0.3972,0.0040,0.0156,PASS,10,508.6,73.4
2432,7680,8192,hk_128x128x64,372.4,0.8218,0.8268,0.8041,0.0244,0.0312,PASS,10,565.2,65.9
2432,7808,512,hk_128x128x64,285.6,0.0681,0.0688,0.0678,0.0018,0.0078,PASS,10,235.2,121.4
2432,8064,1024,hk_128x128x64,336.4,0.1194,0.1182,0.1141,0.0029,0.0078,PASS,10,317.0,106.1
2496,2496,384,hk_192x192x64,200.6,0.0239,0.0238,0.0231,0.0006,0.0078,PASS,10,96.3,208.2
2496,2880,192,hk_192x192x64,151.3,0.0182,0.0182,0.0177,0.0003,0.0039,PASS,10,68.0,222.4
2496,2880,3072,hk_192x192x64,347.1,0.1273,0.1266,0.1231,0.0017,0.0156,PASS,10,339.3,102.3
2496,2880,6144,hk_192x192x64,356.9,0.2475,0.2475,0.2456,0.0012,0.0312,PASS,10,438.9,81.3
2496,3264,384,hk_192x192x64,228.5,0.0274,0.0272,0.0265,0.0005,0.0078,PASS,10,123.7,184.8
2496,3264,3072,hk_192x192x64,383.1,0.1307,0.1308,0.1296,0.0010,0.0156,PASS,10,377.1,101.6
2496,3456,1536,hk_192x192x64,369.9,0.0716,0.0714,0.0704,0.0007,0.0156,PASS,10,331.6,111.5
2496,3840,64,hk_192x192x64,70.0,0.0175,0.0174,0.0167,0.0004,0.0020,PASS,10,33.3,210.3
2496,3840,3072,hk_192x192x64,438.4,0.1343,0.1346,0.1305,0.0027,0.0156,PASS,10,419.5,104.5
2496,4032,64,hk_192x192x64,70.8,0.0182,0.0178,0.0163,0.0008,0.0020,PASS,10,26.1,271.1
2496,4224,1536,hk_192x192x64,408.6,0.0793,0.0794,0.0770,0.0014,0.0156,PASS,10,311.3,131.3
2496,4416,1536,hk_192x192x64,418.9,0.0808,0.0808,0.0799,0.0007,0.0078,PASS,10,322.2,130.0
2496,4800,192,hk_192x192x64,147.3,0.0312,0.0308,0.0297,0.0007,0.0039,PASS,10,87.3,168.8
2496,4800,1536,hk_192x192x64,288.3,0.1277,0.1276,0.1271,0.0004,0.0156,PASS,10,331.4,87.0
2496,5184,64,hk_192x192x64,71.8,0.0231,0.0228,0.0217,0.0004,0.0020,PASS,10,40.0,179.5
2496,5184,384,hk_192x192x64,228.4,0.0435,0.0440,0.0431,0.0014,0.0078,PASS,10,177.3,128.8
2496,5184,6144,hk_192x192x64,346.1,0.4595,0.4585,0.4530,0.0031,0.0312,PASS,10,486.9,71.1
2496,5568,1536,hk_192x192x64,327.0,0.1306,0.1311,0.1303,0.0014,0.0156,PASS,10,340.4,96.0
2496,5760,384,hk_192x192x64,252.9,0.0437,0.0437,0.0427,0.0007,0.0078,PASS,10,146.0,173.2
2496,5760,3072,hk_192x192x64,367.1,0.2406,0.2405,0.2394,0.0008,0.0156,PASS,10,433.1,84.8
2496,5760,6144,hk_192x192x64,381.1,0.4635,0.4643,0.4507,0.0094,0.0312,PASS,10,465.1,81.9
2496,6144,1536,hk_192x192x64,359.8,0.1309,0.1310,0.1301,0.0005,0.0078,PASS,10,417.1,86.3
2560,2560,2048,hk_128x128x64,274.1,0.0979,0.0983,0.0970,0.0018,0.0156,PASS,10,344.4,79.6
2560,2560,2048,hk_256x256x64,274.4,0.0978,0.0969,0.0943,0.0021,0.0156,PASS,10,344.4,79.7
2560,2560,4096,hk_128x128x64,299.3,0.1794,0.1794,0.1775,0.0012,0.0156,PASS,10,395.9,75.6
2560,2560,4096,hk_256x256x64,298.3,0.1800,0.1793,0.1762,0.0019,0.0156,PASS,10,395.9,75.3
2560,2688,256,hk_128x128x64,154.7,0.0228,0.0226,0.0220,0.0004,0.0039,PASS,10,114.6,135.0
2560,3072,128,hk_128x128x64,110.9,0.0182,0.0187,0.0173,0.0021,0.0039,PASS,10,71.9,154.1
2560,3072,128,hk_256x256x64,96.8,0.0208,0.0209,0.0197,0.0011,0.0039,PASS,10,71.9,134.5
2560,3072,1024,hk_128x128x64,280.1,0.0575,0.0579,0.0571,0.0011,0.0078,PASS,10,249.2,112.4
2560,3072,1024,hk_256x256x64,274.4,0.0587,0.0577,0.0548,0.0021,0.0078,PASS,10,249.2,110.1
2560,3200,512,hk_128x128x64,235.1,0.0357,0.0360,0.0352,0.0011,0.0078,PASS,10,190.2,123.6
2560,3328,128,hk_128x128x64,107.9,0.0202,0.0204,0.0196,0.0007,0.0039,PASS,10,76.6,140.9
2560,3328,128,hk_256x256x64,100.2,0.0218,0.0218,0.0209,0.0006,0.0039,PASS,10,76.6,130.8
2560,3456,1024,hk_128x128x64,304.5,0.0595,0.0594,0.0579,0.0007,0.0078,PASS,10,281.4,108.2
2560,3584,128,hk_128x128x64,117.9,0.0199,0.0202,0.0193,0.0010,0.0039,PASS,10,76.9,153.3
2560,3584,128,hk_256x256x64,103.3,0.0227,0.0228,0.0223,0.0004,0.0039,PASS,10,76.9,134.4
2560,3712,8192,hk_128x128x64,369.4,0.4215,0.4229,0.4171,0.0065,0.0312,PASS,10,496.3,74.4
2560,3840,128,hk_128x128x64,120.2,0.0209,0.0211,0.0205,0.0004,0.0039,PASS,10,78.0,154.2
2560,3840,128,hk_256x256x64,106.9,0.0235,0.0241,0.0227,0.0023,0.0039,PASS,10,78.0,137.1
2560,3840,1024,hk_128x128x64,318.0,0.0633,0.0635,0.0621,0.0017,0.0078,PASS,10,310.0,102.6
2560,3840,1024,hk_256x256x64,326.5,0.0617,0.0622,0.0611,0.0015,0.0078,PASS,10,310.0,105.3
2560,4096,1024,hk_128x128x64,263.1,0.0816,0.0820,0.0796,0.0017,0.0078,PASS,10,319.4,82.4
2560,4096,1024,hk_256x256x64,339.9,0.0632,0.0632,0.0620,0.0007,0.0078,PASS,10,319.4,106.4
2560,4096,2048,hk_128x128x64,295.5,0.1453,0.1453,0.1440,0.0007,0.0156,PASS,10,396.5,74.5
2560,4096,2048,hk_256x256x64,382.9,0.1122,0.1119,0.1107,0.0008,0.0156,PASS,10,396.5,96.6
2560,4096,8192,hk_128x128x64,308.3,0.5572,0.5569,0.5511,0.0028,0.0312,PASS,10,492.8,62.6
2560,4096,8192,hk_256x256x64,435.0,0.3950,0.3948,0.3911,0.0025,0.0312,PASS,10,492.8,88.3
2560,4224,256,hk_128x128x64,166.2,0.0333,0.0333,0.0325,0.0005,0.0039,PASS,10,98.4,168.9
2560,4224,8192,hk_128x128x64,311.4,0.5690,0.5698,0.5584,0.0098,0.0312,PASS,10,498.8,62.4
2560,4352,4096,hk_128x128x64,320.7,0.2846,0.2801,0.2728,0.0066,0.0156,PASS,10,520.6,61.6
2560,4352,4096,hk_256x256x64,430.7,0.2119,0.2118,0.2095,0.0020,0.0156,PASS,10,520.6,82.7
2560,4480,128,hk_128x128x64,113.2,0.0259,0.0261,0.0245,0.0016,0.0039,PASS,10,55.5,204.0
2560,4992,128,hk_128x128x64,122.9,0.0266,0.0270,0.0255,0.0019,0.0039,PASS,10,62.9,195.3
2560,4992,1024,hk_128x128x64,305.5,0.0857,0.0856,0.0842,0.0009,0.0078,PASS,10,273.3,111.8
2560,4992,4096,hk_128x128x64,362.4,0.2889,0.2886,0.2794,0.0043,0.0156,PASS,10,463.2,78.2
2560,5120,256,hk_128x128x64,181.9,0.0369,0.0367,0.0358,0.0006,0.0039,PASS,10,157.3,115.7
2560,5120,256,hk_256x256x64,202.9,0.0331,0.0331,0.0323,0.0009,0.0039,PASS,10,157.3,129.0
2560,5120,1024,hk_128x128x64,314.0,0.0855,0.0858,0.0837,0.0015,0.0078,PASS,10,317.8,98.8
2560,5120,1024,hk_256x256x64,382.6,0.0702,0.0699,0.0686,0.0010,0.0078,PASS,10,317.8,120.4
2560,5248,4096,hk_128x128x64,372.7,0.2953,0.2961,0.2848,0.0054,0.0156,PASS,10,473.0,78.8
2560,5376,128,hk_128x128x64,120.4,0.0293,0.0292,0.0281,0.0007,0.0039,PASS,10,83.7,143.8
2560,5376,128,hk_256x256x64,137.7,0.0256,0.0256,0.0238,0.0008,0.0039,PASS,10,83.7,164.6
2560,5376,256,hk_128x128x64,198.6,0.0355,0.0357,0.0343,0.0011,0.0039,PASS,10,155.1,128.0
2560,5376,256,hk_256x256x64,220.2,0.0320,0.0320,0.0307,0.0006,0.0039,PASS,10,155.1,142.0
2560,5376,4096,hk_128x128x64,365.6,0.3083,0.3042,0.2897,0.0071,0.0156,PASS,10,497.2,73.5
2560,5376,4096,hk_256x256x64,472.1,0.2388,0.2385,0.2369,0.0010,0.0156,PASS,10,497.2,95.0
2560,5504,4096,hk_128x128x64,376.0,0.3070,0.3093,0.3046,0.0059,0.0156,PASS,10,490.3,76.7
2560,5632,256,hk_128x128x64,195.9,0.0377,0.0377,0.0367,0.0008,0.0039,PASS,10,159.1,123.1
2560,5632,256,hk_256x256x64,214.3,0.0344,0.0350,0.0330,0.0020,0.0039,PASS,10,159.1,134.7
2560,5632,2048,hk_128x128x64,348.6,0.1694,0.1681,0.1622,0.0026,0.0156,PASS,10,457.4,76.2
2560,5632,2048,hk_256x256x64,462.9,0.1276,0.1278,0.1258,0.0015,0.0156,PASS,10,457.4,101.2
2560,5760,64,hk_128x128x64,81.9,0.0231,0.0233,0.0225,0.0009,0.0020,PASS,10,30.1,271.8
2560,5760,4096,hk_128x128x64,386.6,0.3125,0.3124,0.3059,0.0042,0.0156,PASS,10,457.1,84.6
2560,5888,128,hk_128x128x64,115.0,0.0336,0.0344,0.0326,0.0017,0.0039,PASS,10,82.4,139.5
2560,5888,128,hk_256x256x64,145.8,0.0265,0.0270,0.0258,0.0017,0.0039,PASS,10,82.4,177.0
2560,5888,256,hk_128x128x64,180.9,0.0427,0.0427,0.0417,0.0006,0.0039,PASS,10,153.9,117.6
2560,5888,256,hk_256x256x64,226.7,0.0340,0.0341,0.0330,0.0007,0.0039,PASS,10,153.9,147.4
2560,6016,1024,hk_128x128x64,283.5,0.1113,0.1111,0.1101,0.0006,0.0078,PASS,10,274.8,103.2
2560,6144,128,hk_128x128x64,125.4,0.0321,0.0320,0.0312,0.0004,0.0039,PASS,10,93.3,134.5
2560,6144,128,hk_256x256x64,159.7,0.0252,0.0251,0.0241,0.0006,0.0039,PASS,10,93.3,171.2
2560,6144,8192,hk_128x128x64,341.6,0.7543,0.7625,0.7340,0.0252,0.0312,PASS,10,528.7,64.6
2560,6144,8192,hk_256x256x64,520.8,0.4948,0.4984,0.4846,0.0150,0.0312,PASS,10,528.7,98.5
2560,6272,128,hk_128x128x64,125.8,0.0327,0.0327,0.0315,0.0007,0.0039,PASS,10,79.8,157.7
2560,6400,64,hk_128x128x64,79.6,0.0263,0.0267,0.0253,0.0018,0.0020,PASS,10,56.9,140.0
2560,6400,64,hk_256x256x64,96.7,0.0217,0.0219,0.0208,0.0011,0.0020,PASS,10,56.9,170.1
2560,6400,128,hk_128x128x64,125.7,0.0334,0.0341,0.0326,0.0020,0.0039,PASS,10,101.0,124.5
2560,6400,128,hk_256x256x64,157.3,0.0267,0.0269,0.0256,0.0013,0.0039,PASS,10,101.0,155.8
2560,6528,64,hk_128x128x64,81.0,0.0264,0.0268,0.0255,0.0015,0.0020,PASS,10,39.7,203.9
2560,6528,256,hk_128x128x64,192.1,0.0445,0.0451,0.0439,0.0016,0.0039,PASS,10,128.6,149.4
2560,6784,128,hk_128x128x64,133.0,0.0334,0.0338,0.0327,0.0015,0.0039,PASS,10,71.8,185.1
2560,6784,1024,hk_128x128x64,315.9,0.1126,0.1129,0.1105,0.0020,0.0078,PASS,10,292.0,108.2
2560,6912,1024,hk_128x128x64,324.6,0.1117,0.1116,0.1091,0.0012,0.0078,PASS,10,385.5,84.2
2560,6912,1024,hk_256x256x64,436.9,0.0830,0.0828,0.0807,0.0008,0.0078,PASS,10,385.5,113.3
2560,6912,4096,hk_128x128x64,394.7,0.3672,0.3676,0.3626,0.0033,0.0156,PASS,10,504.8,78.2
2560,6912,4096,hk_256x256x64,533.6,0.2717,0.2708,0.2528,0.0136,0.0156,PASS,10,504.8,105.7
2560,7040,512,hk_128x128x64,272.2,0.0678,0.0680,0.0665,0.0012,0.0078,PASS,10,237.8,114.5
2560,7040,1024,hk_128x128x64,324.3,0.1138,0.1135,0.1123,0.0009,0.0078,PASS,10,297.9,108.8
2560,7680,64,hk_128x128x64,86.9,0.0289,0.0287,0.0278,0.0005,0.0020,PASS,10,73.2,118.7
2560,7680,64,hk_256x256x64,109.7,0.0229,0.0228,0.0222,0.0003,0.0020,PASS,10,73.2,149.8
2560,7680,512,hk_128x128x64,285.3,0.0706,0.0705,0.0699,0.0004,0.0078,PASS,10,274.6,103.9
2560,7680,512,hk_256x256x64,361.5,0.0557,0.0561,0.0542,0.0020,0.0078,PASS,10,274.6,131.7
2560,7808,2048,hk_128x128x64,336.7,0.2432,0.2430,0.2371,0.0038,0.0156,PASS,10,406.7,82.8
2560,7936,256,hk_128x128x64,193.2,0.0538,0.0536,0.0525,0.0006,0.0039,PASS,10,199.1,97.0
2560,7936,256,hk_256x256x64,187.2,0.0556,0.0554,0.0544,0.0005,0.0039,PASS,10,199.1,94.0
2560,7936,2048,hk_128x128x64,329.1,0.2528,0.2515,0.2444,0.0042,0.0156,PASS,10,469.8,70.1
2560,7936,2048,hk_256x256x64,336.9,0.2470,0.2480,0.2450,0.0021,0.0156,PASS,10,469.8,71.7
2688,2688,64,hk_128x128x64,56.0,0.0165,0.0165,0.0154,0.0007,0.0020,PASS,10,36.3,154.4
2688,2688,64,hk_192x192x64,61.7,0.0150,0.0148,0.0142,0.0004,0.0020,PASS,10,36.3,170.0
2688,2688,2048,hk_128x128x64,298.0,0.0993,0.0993,0.0984,0.0006,0.0156,PASS,10,338.0,88.2
2688,2688,2048,hk_192x192x64,383.7,0.0771,0.0767,0.0753,0.0009,0.0156,PASS,10,338.0,113.5
2688,2816,512,hk_128x128x64,223.5,0.0347,0.0346,0.0343,0.0003,0.0078,PASS,10,197.1,113.4
2688,2816,1024,hk_128x128x64,274.6,0.0564,0.0572,0.0558,0.0019,0.0078,PASS,10,276.6,99.3
2688,2880,384,hk_192x192x64,221.3,0.0269,0.0267,0.0256,0.0005,0.0039,PASS,10,120.9,183.1
2688,2944,128,hk_128x128x64,108.4,0.0187,0.0188,0.0183,0.0004,0.0039,PASS,10,71.9,150.9
2688,3072,384,hk_128x128x64,212.0,0.0299,0.0305,0.0292,0.0020,0.0078,PASS,10,167.2,126.8
2688,3072,384,hk_192x192x64,231.3,0.0274,0.0281,0.0263,0.0018,0.0078,PASS,10,167.2,138.3
2688,3200,512,hk_128x128x64,238.0,0.0370,0.0376,0.0363,0.0019,0.0078,PASS,10,211.2,112.7
2688,3200,2048,hk_128x128x64,338.4,0.1041,0.1041,0.1024,0.0009,0.0156,PASS,10,384.4,88.0
2688,3200,8192,hk_128x128x64,338.9,0.4159,0.4155,0.4072,0.0039,0.0312,PASS,10,482.9,70.2
2688,3264,768,hk_192x192x64,291.3,0.0463,0.0462,0.0456,0.0004,0.0078,PASS,10,207.9,140.1
2688,3328,8192,hk_128x128x64,347.8,0.4214,0.4215,0.4129,0.0049,0.0312,PASS,10,487.4,71.4
2688,3456,1536,hk_128x128x64,302.3,0.0944,0.0939,0.0920,0.0010,0.0078,PASS,10,342.9,88.2
2688,3456,1536,hk_192x192x64,370.7,0.0770,0.0768,0.0761,0.0004,0.0078,PASS,10,342.9,108.1
2688,3584,64,hk_128x128x64,75.6,0.0163,0.0164,0.0154,0.0006,0.0020,PASS,10,44.6,169.3
2688,3584,4096,hk_128x128x64,373.1,0.2115,0.2085,0.1906,0.0083,0.0156,PASS,10,473.9,78.7
2688,3648,3072,hk_192x192x64,434.3,0.1387,0.1377,0.1334,0.0021,0.0156,PASS,10,373.1,116.4
2688,3712,128,hk_128x128x64,102.3,0.0250,0.0253,0.0240,0.0012,0.0039,PASS,10,62.6,163.4
2688,3712,512,hk_128x128x64,211.8,0.0482,0.0484,0.0467,0.0013,0.0078,PASS,10,201.3,105.2
2688,3840,192,hk_128x128x64,138.5,0.0286,0.0291,0.0278,0.0016,0.0039,PASS,10,112.7,122.8
2688,3840,192,hk_192x192x64,180.1,0.0220,0.0225,0.0214,0.0013,0.0039,PASS,10,112.7,159.7
2688,3840,2048,hk_128x128x64,286.5,0.1476,0.1480,0.1461,0.0015,0.0156,PASS,10,378.1,75.8
2688,3840,2048,hk_192x192x64,451.0,0.0937,0.0936,0.0909,0.0017,0.0156,PASS,10,378.1,119.3
2688,3968,2048,hk_128x128x64,296.4,0.1474,0.1470,0.1436,0.0020,0.0156,PASS,10,385.9,76.8
2688,3968,8192,hk_128x128x64,309.0,0.5656,0.5660,0.5600,0.0055,0.0312,PASS,10,480.2,64.3
2688,4096,128,hk_128x128x64,108.2,0.0261,0.0259,0.0249,0.0006,0.0039,PASS,10,84.4,128.2
2688,4096,256,hk_128x128x64,167.0,0.0338,0.0340,0.0326,0.0011,0.0039,PASS,10,138.1,120.9
2688,4096,1024,hk_128x128x64,267.9,0.0842,0.0842,0.0823,0.0016,0.0078,PASS,10,310.0,86.4
2688,4096,8192,hk_128x128x64,315.1,0.5726,0.5745,0.5626,0.0098,0.0312,PASS,10,504.4,62.5
2688,4224,1024,hk_128x128x64,279.0,0.0834,0.0835,0.0819,0.0016,0.0078,PASS,10,264.6,105.4
2688,4224,1024,hk_192x192x64,270.9,0.0858,0.0859,0.0853,0.0004,0.0078,PASS,10,264.6,102.4
2688,4224,4096,hk_128x128x64,333.1,0.2792,0.2779,0.2688,0.0063,0.0156,PASS,10,455.3,73.2
2688,4224,4096,hk_192x192x64,323.9,0.2871,0.2865,0.2827,0.0014,0.0156,PASS,10,455.3,71.1
2688,4352,512,hk_128x128x64,234.7,0.0510,0.0507,0.0498,0.0006,0.0078,PASS,10,236.9,99.1
2688,4416,6144,hk_192x192x64,309.4,0.4715,0.4702,0.4645,0.0034,0.0312,PASS,10,478.6,64.6
2688,4608,1024,hk_128x128x64,300.0,0.0846,0.0845,0.0824,0.0012,0.0078,PASS,10,344.8,87.0
2688,4608,1024,hk_192x192x64,296.2,0.0856,0.0854,0.0844,0.0004,0.0078,PASS,10,344.8,85.9
2688,4800,3072,hk_192x192x64,325.0,0.2439,0.2427,0.2395,0.0023,0.0156,PASS,10,430.3,75.5
2688,4992,1536,hk_128x128x64,298.3,0.1382,0.1379,0.1362,0.0010,0.0156,PASS,10,330.0,90.4
2688,4992,1536,hk_192x192x64,309.1,0.1333,0.1335,0.1315,0.0010,0.0156,PASS,10,330.0,93.7
2688,5120,64,hk_128x128x64,86.7,0.0203,0.0204,0.0201,0.0002,0.0020,PASS,10,57.5,150.7
2688,5184,1536,hk_192x192x64,327.3,0.1308,0.1310,0.1299,0.0008,0.0156,PASS,10,343.3,95.3
2688,5248,256,hk_128x128x64,198.8,0.0363,0.0362,0.0355,0.0004,0.0039,PASS,10,121.2,164.0
2688,5248,8192,hk_128x128x64,358.5,0.6447,0.6437,0.6354,0.0039,0.0312,PASS,10,518.1,69.2
2688,5376,64,hk_128x128x64,70.8,0.0261,0.0258,0.0238,0.0018,0.0020,PASS,10,49.0,144.3
2688,5376,64,hk_192x192x64,74.3,0.0249,0.0250,0.0241,0.0006,0.0020,PASS,10,49.0,151.5
2688,5376,768,hk_128x128x64,284.5,0.0780,0.0780,0.0760,0.0013,0.0078,PASS,10,331.5,85.8
2688,5376,768,hk_192x192x64,295.6,0.0751,0.0754,0.0737,0.0019,0.0078,PASS,10,331.5,89.2
2688,5504,8192,hk_128x128x64,374.7,0.6469,0.6548,0.6159,0.0334,0.0312,PASS,10,490.7,76.4
2688,5568,768,hk_192x192x64,306.8,0.0749,0.0759,0.0745,0.0023,0.0078,PASS,10,250.0,122.7
2688,5632,2048,hk_128x128x64,329.6,0.1881,0.1884,0.1872,0.0013,0.0156,PASS,10,449.3,73.4
2688,5760,192,hk_128x128x64,160.1,0.0371,0.0393,0.0362,0.0063,0.0039,PASS,10,94.5,169.4
2688,5760,192,hk_192x192x64,194.6,0.0306,0.0308,0.0295,0.0011,0.0039,PASS,10,94.5,205.9
2688,5760,1536,hk_128x128x64,286.3,0.1661,0.1666,0.1643,0.0023,0.0156,PASS,10,346.0,82.8
2688,5760,1536,hk_192x192x64,364.4,0.1305,0.1308,0.1301,0.0007,0.0156,PASS,10,346.0,105.3
2688,5760,2048,hk_128x128x64,330.7,0.1918,0.1914,0.1897,0.0010,0.0156,PASS,10,400.8,82.5
2688,5760,2048,hk_192x192x64,397.3,0.1596,0.1596,0.1586,0.0007,0.0156,PASS,10,400.8,99.1
2688,5888,256,hk_128x128x64,178.9,0.0453,0.0452,0.0439,0.0007,0.0039,PASS,10,185.1,96.6
2688,5952,64,hk_192x192x64,89.6,0.0229,0.0228,0.0221,0.0006,0.0020,PASS,10,36.7,244.4
2688,5952,1536,hk_192x192x64,376.7,0.1305,0.1304,0.1296,0.0004,0.0156,PASS,10,348.1,108.2
2688,6016,512,hk_128x128x64,247.9,0.0668,0.0666,0.0655,0.0007,0.0078,PASS,10,197.1,125.7
2688,6144,64,hk_128x128x64,80.4,0.0263,0.0264,0.0256,0.0008,0.0020,PASS,10,66.9,120.1
2688,6144,64,hk_192x192x64,87.9,0.0241,0.0239,0.0233,0.0005,0.0020,PASS,10,66.9,131.3
2688,6144,384,hk_128x128x64,227.6,0.0557,0.0558,0.0541,0.0017,0.0078,PASS,10,247.9,91.8
2688,6144,384,hk_192x192x64,274.1,0.0463,0.0468,0.0452,0.0017,0.0078,PASS,10,247.9,110.6
2688,6144,4096,hk_128x128x64,359.7,0.3761,0.3771,0.3738,0.0029,0.0156,PASS,10,543.7,66.2
2688,6144,4096,hk_192x192x64,434.2,0.3116,0.3105,0.3040,0.0045,0.0156,PASS,10,543.7,79.9
2688,6656,128,hk_128x128x64,119.1,0.0384,0.0382,0.0368,0.0010,0.0039,PASS,10,120.1,99.2
2688,6784,64,hk_128x128x64,81.2,0.0287,0.0288,0.0285,0.0003,0.0020,PASS,10,48.4,167.9
2688,6912,512,hk_128x128x64,272.7,0.0698,0.0698,0.0681,0.0017,0.0078,PASS,10,271.6,100.4
2688,6912,512,hk_192x192x64,316.4,0.0601,0.0605,0.0593,0.0014,0.0078,PASS,10,271.6,116.5
2688,7040,64,hk_128x128x64,87.7,0.0276,0.0280,0.0270,0.0014,0.0020,PASS,10,51.1,171.7
2688,7040,128,hk_128x128x64,139.5,0.0347,0.0350,0.0335,0.0018,0.0039,PASS,10,96.9,144.0
2688,7168,2048,hk_128x128x64,361.6,0.2182,0.2165,0.2055,0.0078,0.0156,PASS,10,487.0,74.3
2688,7168,4096,hk_128x128x64,380.3,0.4150,0.4148,0.3883,0.0104,0.0156,PASS,10,533.7,71.3
2688,7296,4096,hk_128x128x64,397.5,0.4042,0.4050,0.3861,0.0090,0.0156,PASS,10,464.0,85.7
2688,7296,4096,hk_192x192x64,504.3,0.3186,0.3205,0.3083,0.0074,0.0156,PASS,10,464.0,108.7
2688,7424,2048,hk_128x128x64,341.4,0.2394,0.2383,0.2322,0.0029,0.0156,PASS,10,446.6,76.5
2688,7552,1024,hk_128x128x64,300.4,0.1384,0.1377,0.1354,0.0012,0.0078,PASS,10,320.4,93.7
2688,7808,64,hk_128x128x64,85.4,0.0315,0.0313,0.0304,0.0005,0.0020,PASS,10,55.7,153.4
2688,7808,8192,hk_128x128x64,352.8,0.9748,0.9744,0.9566,0.0125,0.0312,PASS,10,527.2,66.9
2688,7936,128,hk_128x128x64,133.3,0.0410,0.0415,0.0397,0.0020,0.0039,PASS,10,110.0,121.1
2688,7936,4096,hk_128x128x64,360.0,0.4854,0.4828,0.4632,0.0090,0.0156,PASS,10,500.5,71.9
2688,8064,512,hk_128x128x64,271.4,0.0818,0.0815,0.0801,0.0008,0.0078,PASS,10,217.5,124.8
2688,8064,512,hk_192x192x64,344.7,0.0644,0.0646,0.0634,0.0010,0.0078,PASS,10,217.5,158.5
2688,8192,64,hk_128x128x64,87.8,0.0321,0.0320,0.0307,0.0005,0.0020,PASS,10,62.7,139.9
2816,2944,128,hk_128x128x64,110.3,0.0192,0.0191,0.0184,0.0004,0.0039,PASS,10,71.2,154.8
2816,2944,8192,hk_128x128x64,332.6,0.4083,0.4082,0.3982,0.0079,0.0312,PASS,10,475.9,69.9
2816,3072,4096,hk_128x128x64,372.4,0.1903,0.1887,0.1844,0.0029,0.0156,PASS,10,474.8,78.4
2816,3072,4096,hk_256x256x64,376.9,0.1880,0.1875,0.1847,0.0021,0.0156,PASS,10,474.8,79.4
2816,3200,64,hk_128x128x64,69.7,0.0166,0.0166,0.0158,0.0007,0.0020,PASS,10,42.4,164.2
2816,3200,256,hk_128x128x64,179.5,0.0257,0.0257,0.0242,0.0007,0.0039,PASS,10,130.0,138.1
2816,3200,512,hk_128x128x64,242.8,0.0380,0.0385,0.0374,0.0011,0.0078,PASS,10,206.6,117.5
2816,3328,8192,hk_128x128x64,357.3,0.4297,0.4306,0.4215,0.0075,0.0312,PASS,10,512.3,69.7
2816,3328,8192,hk_256x256x64,407.8,0.3765,0.3771,0.3701,0.0047,0.0312,PASS,10,512.3,79.6
2816,3456,256,hk_128x128x64,189.2,0.0263,0.0262,0.0253,0.0007,0.0039,PASS,10,142.9,132.4
2816,3456,4096,hk_128x128x64,375.6,0.2122,0.2119,0.2085,0.0018,0.0156,PASS,10,476.0,78.9
2816,3584,64,hk_128x128x64,54.2,0.0238,0.0236,0.0218,0.0016,0.0020,PASS,10,36.2,149.8
2816,3584,64,hk_256x256x64,63.7,0.0203,0.0206,0.0196,0.0011,0.0020,PASS,10,36.2,175.9
2816,3584,1024,hk_128x128x64,248.5,0.0832,0.0831,0.0821,0.0007,0.0078,PASS,10,306.0,81.2
2816,3584,1024,hk_256x256x64,315.5,0.0655,0.0651,0.0627,0.0011,0.0078,PASS,10,306.0,103.1
2816,3584,2048,hk_128x128x64,279.5,0.1479,0.1479,0.1463,0.0011,0.0156,PASS,10,383.9,72.8
2816,3584,2048,hk_256x256x64,388.8,0.1063,0.1065,0.1046,0.0016,0.0156,PASS,10,383.9,101.3
2816,3712,1024,hk_128x128x64,255.2,0.0839,0.0839,0.0834,0.0004,0.0078,PASS,10,296.5,86.1
2816,3840,64,hk_128x128x64,64.2,0.0216,0.0215,0.0211,0.0003,0.0020,PASS,10,43.0,149.1
2816,3840,64,hk_256x256x64,68.8,0.0201,0.0201,0.0194,0.0003,0.0020,PASS,10,43.0,159.8
2816,3968,64,hk_128x128x64,66.7,0.0214,0.0217,0.0204,0.0014,0.0020,PASS,10,47.8,139.4
2816,4096,128,hk_128x128x64,113.5,0.0260,0.0283,0.0254,0.0073,0.0039,PASS,10,81.2,139.8
2816,4096,128,hk_256x256x64,125.3,0.0236,0.0237,0.0224,0.0010,0.0039,PASS,10,81.2,154.2
2816,4096,512,hk_128x128x64,229.4,0.0515,0.0517,0.0507,0.0011,0.0078,PASS,10,223.0,102.9
2816,4096,512,hk_256x256x64,273.0,0.0433,0.0444,0.0427,0.0035,0.0078,PASS,10,223.0,122.4
2816,4480,256,hk_128x128x64,190.4,0.0339,0.0343,0.0330,0.0018,0.0039,PASS,10,116.7,163.1
2816,4480,2048,hk_128x128x64,344.2,0.1501,0.1504,0.1487,0.0013,0.0156,PASS,10,354.5,97.1
2816,4608,2048,hk_128x128x64,335.7,0.1583,0.1567,0.1511,0.0023,0.0156,PASS,10,438.8,76.5
2816,4608,2048,hk_256x256x64,435.2,0.1221,0.1218,0.1193,0.0010,0.0156,PASS,10,438.8,99.2
2816,4736,2048,hk_128x128x64,344.7,0.1585,0.1579,0.1532,0.0027,0.0156,PASS,10,383.4,89.9
2816,4864,128,hk_128x128x64,129.2,0.0271,0.0274,0.0266,0.0008,0.0039,PASS,10,97.0,133.2
2816,4864,128,hk_256x256x64,138.6,0.0253,0.0252,0.0241,0.0007,0.0039,PASS,10,97.0,142.9
2816,4864,4096,hk_128x128x64,373.1,0.3008,0.3025,0.2967,0.0045,0.0156,PASS,10,509.0,73.3
2816,4864,4096,hk_256x256x64,481.6,0.2330,0.2340,0.2319,0.0025,0.0156,PASS,10,509.0,94.6
2816,5120,256,hk_128x128x64,197.6,0.0374,0.0374,0.0364,0.0009,0.0039,PASS,10,175.5,112.6
2816,5120,256,hk_256x256x64,223.7,0.0330,0.0329,0.0323,0.0003,0.0039,PASS,10,175.5,127.5
2816,5248,64,hk_128x128x64,82.5,0.0229,0.0231,0.0223,0.0008,0.0020,PASS,10,34.1,241.6
2816,5376,128,hk_128x128x64,122.4,0.0317,0.0319,0.0304,0.0012,0.0039,PASS,10,90.7,134.9
2816,5376,128,hk_256x256x64,153.2,0.0253,0.0257,0.0247,0.0015,0.0039,PASS,10,90.7,168.9
2816,5632,512,hk_128x128x64,243.9,0.0666,0.0669,0.0655,0.0016,0.0078,PASS,10,243.3,100.2
2816,5632,512,hk_256x256x64,324.1,0.0501,0.0505,0.0495,0.0018,0.0078,PASS,10,243.3,133.2
2816,6272,128,hk_128x128x64,133.5,0.0339,0.0344,0.0335,0.0015,0.0039,PASS,10,88.4,151.0
2816,6272,2048,hk_128x128x64,358.7,0.2017,0.2008,0.1972,0.0020,0.0156,PASS,10,400.9,89.5
2816,6656,1024,hk_128x128x64,331.9,0.1157,0.1150,0.1131,0.0014,0.0078,PASS,10,421.8,78.7
2816,6656,1024,hk_256x256x64,457.7,0.0839,0.0837,0.0826,0.0006,0.0078,PASS,10,421.8,108.5
2816,6912,256,hk_128x128x64,213.7,0.0466,0.0466,0.0461,0.0004,0.0039,PASS,10,202.9,105.3
2816,6912,256,hk_256x256x64,258.4,0.0386,0.0392,0.0376,0.0020,0.0039,PASS,10,202.9,127.3
2816,7040,256,hk_128x128x64,213.5,0.0475,0.0477,0.0465,0.0011,0.0039,PASS,10,130.1,164.1
2816,7168,128,hk_128x128x64,129.1,0.0400,0.0401,0.0383,0.0014,0.0039,PASS,10,111.4,115.9
2816,7168,128,hk_256x256x64,126.6,0.0408,0.0410,0.0396,0.0015,0.0039,PASS,10,111.4,113.7
2816,7296,256,hk_128x128x64,196.5,0.0535,0.0539,0.0530,0.0011,0.0039,PASS,10,162.1,121.3
2816,7296,512,hk_128x128x64,260.2,0.0809,0.0808,0.0795,0.0009,0.0078,PASS,10,242.7,107.2
2816,7296,1024,hk_128x128x64,308.6,0.1364,0.1356,0.1321,0.0018,0.0078,PASS,10,305.9,100.9
2816,7424,1024,hk_128x128x64,303.8,0.1409,0.1394,0.1347,0.0024,0.0078,PASS,10,401.8,75.6
2816,7424,1024,hk_256x256x64,309.7,0.1382,0.1386,0.1368,0.0017,0.0078,PASS,10,401.8,77.1
2816,7552,2048,hk_128x128x64,338.3,0.2575,0.2571,0.2522,0.0030,0.0156,PASS,10,435.6,77.7
2816,7680,64,hk_128x128x64,75.1,0.0368,0.0367,0.0360,0.0005,0.0020,PASS,10,68.2,110.1
2816,7680,64,hk_256x256x64,79.5,0.0348,0.0347,0.0324,0.0019,0.0020,PASS,10,68.2,116.5
2816,7808,128,hk_128x128x64,139.4,0.0404,0.0403,0.0395,0.0006,0.0039,PASS,10,72.4,192.6
2816,8064,256,hk_128x128x64,211.5,0.0550,0.0555,0.0536,0.0022,0.0039,PASS,10,127.8,165.6
2816,8192,64,hk_128x128x64,86.3,0.0342,0.0350,0.0334,0.0021,0.0039,PASS,10,75.5,114.3
2816,8192,64,hk_256x256x64,88.9,0.0332,0.0340,0.0324,0.0026,0.0039,PASS,10,75.5,117.8
2816,8192,512,hk_128x128x64,283.0,0.0835,0.0837,0.0823,0.0014,0.0078,PASS,10,308.5,91.7
2816,8192,512,hk_256x256x64,275.7,0.0857,0.0854,0.0836,0.0014,0.0078,PASS,10,308.5,89.4
2880,2880,192,hk_192x192x64,155.5,0.0205,0.0208,0.0196,0.0011,0.0039,PASS,10,86.3,180.2
2880,3072,192,hk_192x192x64,166.8,0.0204,0.0206,0.0195,0.0014,0.0039,PASS,10,95.5,174.6
2880,3072,384,hk_192x192x64,244.9,0.0277,0.0282,0.0272,0.0016,0.0078,PASS,10,159.6,153.5
2880,3456,64,hk_192x192x64,76.2,0.0167,0.0172,0.0162,0.0019,0.0039,PASS,10,45.5,167.4
2880,3456,3072,hk_192x192x64,449.3,0.1361,0.1368,0.1349,0.0019,0.0156,PASS,10,414.1,108.5
2880,3648,384,hk_192x192x64,262.7,0.0307,0.0307,0.0297,0.0005,0.0078,PASS,10,160.4,163.8
2880,3648,1536,hk_192x192x64,410.9,0.0785,0.0785,0.0771,0.0008,0.0156,PASS,10,303.1,135.6
2880,3648,3072,hk_192x192x64,462.8,0.1395,0.1395,0.1359,0.0025,0.0156,PASS,10,404.1,114.5
2880,3840,384,hk_192x192x64,262.8,0.0323,0.0326,0.0315,0.0012,0.0078,PASS,10,188.8,139.2
2880,3840,1536,hk_192x192x64,437.7,0.0776,0.0778,0.0768,0.0009,0.0078,PASS,10,391.0,111.9
2880,4032,64,hk_192x192x64,64.6,0.0230,0.0228,0.0216,0.0006,0.0020,PASS,10,30.4,212.4
2880,4032,384,hk_192x192x64,204.3,0.0437,0.0436,0.0423,0.0005,0.0078,PASS,10,149.8,136.4
2880,4224,6144,hk_192x192x64,323.0,0.4628,0.4610,0.4502,0.0048,0.0156,PASS,10,500.5,64.5
2880,4416,192,hk_192x192x64,159.0,0.0307,0.0312,0.0296,0.0020,0.0039,PASS,10,85.4,186.2
2880,4416,1536,hk_192x192x64,303.1,0.1289,0.1288,0.1275,0.0007,0.0156,PASS,10,323.8,93.6
2880,4800,64,hk_192x192x64,79.8,0.0222,0.0220,0.0211,0.0006,0.0020,PASS,10,32.9,242.5
2880,4992,768,hk_192x192x64,299.0,0.0738,0.0737,0.0728,0.0005,0.0078,PASS,10,236.7,126.3
2880,5568,384,hk_192x192x64,270.2,0.0456,0.0458,0.0448,0.0009,0.0078,PASS,10,164.7,164.0
2880,5760,3072,hk_192x192x64,419.5,0.2430,0.2428,0.2413,0.0011,0.0156,PASS,10,432.8,96.9
2880,5952,192,hk_192x192x64,198.5,0.0332,0.0331,0.0323,0.0006,0.0039,PASS,10,120.9,164.2
2880,6144,3072,hk_192x192x64,425.1,0.2557,0.2553,0.2513,0.0027,0.0156,PASS,10,517.6,82.1
2944,2944,1024,hk_128x128x64,300.0,0.0592,0.0589,0.0573,0.0008,0.0078,PASS,10,263.7,113.8
2944,2944,2048,hk_128x128x64,345.8,0.1027,0.1026,0.1014,0.0008,0.0156,PASS,10,352.4,98.1
2944,3072,256,hk_128x128x64,178.0,0.0260,0.0260,0.0255,0.0005,0.0039,PASS,10,137.8,129.1
2944,3328,4096,hk_128x128x64,380.9,0.2107,0.2101,0.2060,0.0015,0.0156,PASS,10,487.1,78.2
2944,3456,512,hk_128x128x64,203.2,0.0513,0.0517,0.0496,0.0022,0.0078,PASS,10,205.9,98.7
2944,3456,1024,hk_128x128x64,249.5,0.0835,0.0836,0.0829,0.0005,0.0078,PASS,10,288.4,86.5
2944,3456,4096,hk_128x128x64,279.9,0.2978,0.2872,0.2649,0.0171,0.0156,PASS,10,469.3,59.6
2944,3584,128,hk_128x128x64,98.6,0.0274,0.0279,0.0263,0.0019,0.0039,PASS,10,71.7,137.5
2944,3712,2048,hk_128x128x64,306.0,0.1463,0.1466,0.1452,0.0013,0.0156,PASS,10,391.9,78.1
2944,3968,8192,hk_128x128x64,327.5,0.5844,0.5830,0.5756,0.0043,0.0312,PASS,10,486.6,67.3
2944,4096,256,hk_128x128x64,184.2,0.0335,0.0340,0.0324,0.0016,0.0039,PASS,10,165.1,111.6
2944,4224,4096,hk_128x128x64,345.6,0.2948,0.2943,0.2848,0.0052,0.0156,PASS,10,479.2,72.1
2944,4224,8192,hk_128x128x64,333.4,0.6111,0.6097,0.5931,0.0102,0.0312,PASS,10,492.2,67.7
2944,4352,2048,hk_128x128x64,329.5,0.1593,0.1590,0.1552,0.0021,0.0156,PASS,10,436.3,75.5
2944,4352,4096,hk_128x128x64,354.6,0.2960,0.2954,0.2926,0.0015,0.0156,PASS,10,485.3,73.1
2944,4480,8192,hk_128x128x64,344.9,0.6266,0.6244,0.6136,0.0065,0.0312,PASS,10,491.0,70.2
2944,4608,2048,hk_128x128x64,344.9,0.1611,0.1615,0.1586,0.0022,0.0156,PASS,10,435.7,79.2
2944,4864,64,hk_128x128x64,75.6,0.0243,0.0249,0.0236,0.0013,0.0020,PASS,10,52.2,144.6
2944,4864,8192,hk_128x128x64,373.3,0.6285,0.6324,0.6175,0.0140,0.0312,PASS,10,542.5,68.8
2944,4992,1024,hk_128x128x64,331.7,0.0907,0.0908,0.0890,0.0016,0.0078,PASS,10,284.5,116.6
2944,5120,128,hk_128x128x64,120.5,0.0320,0.0319,0.0313,0.0004,0.0039,PASS,10,110.1,109.4
2944,5120,256,hk_128x128x64,177.6,0.0435,0.0436,0.0420,0.0015,0.0039,PASS,10,168.7,105.3
2944,5120,4096,hk_128x128x64,342.0,0.3611,0.3592,0.3529,0.0042,0.0156,PASS,10,516.1,66.3
2944,5120,8192,hk_128x128x64,325.1,0.7596,0.7507,0.7274,0.0188,0.0312,PASS,10,524.6,62.0
2944,5248,1024,hk_128x128x64,289.9,0.1091,0.1098,0.1080,0.0019,0.0078,PASS,10,284.2,102.0
2944,5376,4096,hk_128x128x64,340.2,0.3812,0.3817,0.3711,0.0079,0.0156,PASS,10,501.3,67.9
2944,5632,8192,hk_128x128x64,339.8,0.7994,0.7972,0.7826,0.0107,0.0312,PASS,10,537.5,63.2
2944,5760,1024,hk_128x128x64,312.5,0.1111,0.1112,0.1093,0.0022,0.0078,PASS,10,300.1,104.1
2944,5888,8192,hk_128x128x64,357.6,0.7941,0.7989,0.7753,0.0183,0.0312,PASS,10,526.9,67.9
2944,6016,64,hk_128x128x64,85.8,0.0264,0.0266,0.0262,0.0004,0.0020,PASS,10,45.6,188.0
2944,6016,2048,hk_128x128x64,369.6,0.1963,0.1982,0.1954,0.0028,0.0156,PASS,10,406.0,91.0
2944,6144,2048,hk_128x128x64,339.0,0.2185,0.2175,0.2105,0.0044,0.0156,PASS,10,493.4,68.7
2944,6144,8192,hk_128x128x64,360.8,0.8214,0.8329,0.8076,0.0235,0.0312,PASS,10,574.7,62.8
2944,6272,128,hk_128x128x64,136.0,0.0348,0.0349,0.0340,0.0011,0.0039,PASS,10,91.1,149.3
2944,6272,2048,hk_128x128x64,371.7,0.2035,0.2021,0.1956,0.0031,0.0156,PASS,10,391.1,95.1
2944,6400,4096,hk_128x128x64,366.0,0.4217,0.4229,0.4155,0.0083,0.0156,PASS,10,525.6,69.6
2944,6656,256,hk_128x128x64,213.5,0.0470,0.0472,0.0465,0.0007,0.0039,PASS,10,209.6,101.9
2944,6784,64,hk_128x128x64,86.5,0.0295,0.0296,0.0288,0.0005,0.0020,PASS,10,52.2,165.8
2944,7040,1024,hk_128x128x64,304.9,0.1392,0.1383,0.1352,0.0019,0.0078,PASS,10,307.3,99.2
2944,7168,512,hk_128x128x64,260.8,0.0829,0.0828,0.0814,0.0007,0.0078,PASS,10,280.7,92.9
2944,7296,256,hk_128x128x64,199.2,0.0552,0.0551,0.0542,0.0005,0.0039,PASS,10,177.4,112.3
2944,7296,4096,hk_128x128x64,357.3,0.4925,0.4900,0.4748,0.0107,0.0156,PASS,10,500.2,71.4
2944,7296,8192,hk_128x128x64,345.9,1.0174,1.0095,0.9828,0.0181,0.0312,PASS,10,506.4,68.3
2944,7424,256,hk_128x128x64,200.4,0.0558,0.0563,0.0547,0.0022,0.0039,PASS,10,188.5,106.3
2944,7424,4096,hk_128x128x64,352.3,0.5083,0.5024,0.4733,0.0121,0.0156,PASS,10,502.1,70.2
2944,7552,1024,hk_128x128x64,332.1,0.1371,0.1375,0.1352,0.0017,0.0078,PASS,10,325.1,102.1
2944,7680,4096,hk_128x128x64,370.6,0.4998,0.4939,0.4575,0.0162,0.0156,PASS,10,503.6,73.6
2944,7680,8192,hk_128x128x64,357.2,1.0370,1.0379,1.0212,0.0142,0.0312,PASS,10,547.7,65.2
2944,7808,2048,hk_128x128x64,346.4,0.2718,0.2683,0.2528,0.0081,0.0156,PASS,10,417.6,82.9
2944,7936,512,hk_128x128x64,284.8,0.0840,0.0846,0.0834,0.0016,0.0078,PASS,10,276.5,103.0
2944,8064,64,hk_128x128x64,91.4,0.0332,0.0332,0.0325,0.0004,0.0039,PASS,10,41.5,220.5
2944,8192,1024,hk_128x128x64,356.3,0.1386,0.1396,0.1376,0.0019,0.0078,PASS,10,399.6,89.2
2944,8192,8192,hk_128x128x64,388.0,1.0183,1.0222,0.9908,0.0195,0.0312,PASS,10,550.3,70.5
3072,3072,1024,hk_128x128x64,302.2,0.0639,0.0644,0.0624,0.0018,0.0078,PASS,10,321.4,94.0
3072,3072,1024,hk_192x192x64,357.1,0.0541,0.0538,0.0518,0.0020,0.0078,PASS,10,321.4,111.1
3072,3072,1024,hk_256x256x64,322.9,0.0599,0.0607,0.0593,0.0021,0.0078,PASS,10,321.4,100.5
3072,3072,6144,hk_128x128x64,332.0,0.3493,0.3496,0.3447,0.0035,0.0312,PASS,10,532.5,62.4
3072,3072,6144,hk_192x192x64,453.6,0.2556,0.2553,0.2525,0.0020,0.0312,PASS,10,532.5,85.2
3072,3072,6144,hk_256x256x64,387.4,0.2994,0.3011,0.2950,0.0053,0.0312,PASS,10,532.5,72.7
3072,3200,128,hk_128x128x64,118.4,0.0212,0.0212,0.0206,0.0002,0.0039,PASS,10,80.3,147.5
3072,3264,192,hk_192x192x64,173.7,0.0222,0.0220,0.0214,0.0003,0.0039,PASS,10,71.9,241.4
3072,3328,8192,hk_128x128x64,297.7,0.5626,0.5650,0.5580,0.0066,0.0312,PASS,10,486.1,61.2
3072,3328,8192,hk_256x256x64,424.3,0.3948,0.3952,0.3890,0.0037,0.0312,PASS,10,486.1,87.3
3072,3456,384,hk_128x128x64,195.2,0.0418,0.0417,0.0412,0.0004,0.0078,PASS,10,200.4,97.4
3072,3456,384,hk_192x192x64,260.7,0.0313,0.0313,0.0301,0.0010,0.0078,PASS,10,200.4,130.1
3072,3456,6144,hk_128x128x64,282.9,0.4612,0.4612,0.4499,0.0066,0.0312,PASS,10,506.3,55.9
3072,3456,6144,hk_192x192x64,490.4,0.2660,0.2700,0.2604,0.0152,0.0312,PASS,10,506.3,96.9
3072,3584,4096,hk_128x128x64,344.5,0.2618,0.2625,0.2602,0.0021,0.0156,PASS,10,497.2,69.3
3072,3584,4096,hk_256x256x64,439.1,0.2054,0.2065,0.2033,0.0033,0.0156,PASS,10,497.2,88.3
3072,3584,8192,hk_128x128x64,318.4,0.5666,0.5671,0.5556,0.0075,0.0312,PASS,10,523.1,60.9
3072,3584,8192,hk_256x256x64,448.3,0.4024,0.4024,0.3963,0.0042,0.0312,PASS,10,523.1,85.7
3072,3648,384,hk_192x192x64,276.3,0.0312,0.0346,0.0299,0.0100,0.0078,PASS,10,143.4,192.7
3072,3712,128,hk_128x128x64,112.2,0.0260,0.0263,0.0247,0.0018,0.0039,PASS,10,75.8,147.9
3072,3712,8192,hk_128x128x64,323.0,0.5784,0.5770,0.5628,0.0084,0.0312,PASS,10,491.7,65.7
3072,3840,64,hk_128x128x64,68.6,0.0220,0.0226,0.0210,0.0018,0.0020,PASS,10,40.5,169.6
3072,3840,64,hk_192x192x64,67.0,0.0225,0.0227,0.0212,0.0012,0.0020,PASS,10,40.5,165.7
3072,3840,64,hk_256x256x64,74.7,0.0202,0.0201,0.0192,0.0005,0.0020,PASS,10,40.5,184.7
3072,3840,2048,hk_128x128x64,324.7,0.1488,0.1489,0.1467,0.0012,0.0156,PASS,10,395.1,82.2
3072,3840,2048,hk_192x192x64,319.0,0.1515,0.1517,0.1495,0.0017,0.0156,PASS,10,395.1,80.7
3072,3840,2048,hk_256x256x64,431.0,0.1121,0.1124,0.1100,0.0015,0.0156,PASS,10,395.1,109.1
3072,4224,768,hk_128x128x64,270.3,0.0737,0.0739,0.0730,0.0008,0.0078,PASS,10,229.9,117.6
3072,4224,768,hk_192x192x64,266.8,0.0747,0.0745,0.0737,0.0005,0.0078,PASS,10,229.9,116.0
3072,4352,8192,hk_128x128x64,362.4,0.6045,0.6054,0.5953,0.0072,0.0312,PASS,10,516.7,70.1
3072,4352,8192,hk_256x256x64,445.2,0.4921,0.4881,0.4629,0.0118,0.0312,PASS,10,516.7,86.2
3072,4416,768,hk_192x192x64,282.0,0.0739,0.0736,0.0725,0.0007,0.0078,PASS,10,237.5,118.7
3072,4416,1536,hk_192x192x64,322.3,0.1293,0.1300,0.1280,0.0023,0.0156,PASS,10,338.5,95.2
3072,4480,128,hk_128x128x64,126.8,0.0278,0.0282,0.0264,0.0017,0.0039,PASS,10,84.1,150.8
3072,4480,256,hk_128x128x64,196.6,0.0358,0.0359,0.0348,0.0007,0.0039,PASS,10,143.4,137.1
3072,4480,8192,hk_128x128x64,355.8,0.6337,0.6466,0.6107,0.0354,0.0312,PASS,10,509.2,69.9
3072,4608,1024,hk_128x128x64,333.5,0.0869,0.0870,0.0854,0.0014,0.0078,PASS,10,385.7,86.5
3072,4608,1024,hk_192x192x64,333.7,0.0869,0.0865,0.0848,0.0009,0.0078,PASS,10,385.7,86.5
3072,4608,1024,hk_256x256x64,393.6,0.0736,0.0733,0.0721,0.0008,0.0078,PASS,10,385.7,102.1
3072,4608,6144,hk_128x128x64,329.2,0.5283,0.5307,0.5238,0.0071,0.0312,PASS,10,554.4,59.4
3072,4608,6144,hk_192x192x64,374.7,0.4642,0.4639,0.4595,0.0037,0.0312,PASS,10,554.4,67.6
3072,4608,6144,hk_256x256x64,497.5,0.3496,0.3529,0.3412,0.0088,0.0312,PASS,10,554.4,89.7
3072,4736,64,hk_128x128x64,81.2,0.0229,0.0229,0.0218,0.0007,0.0020,PASS,10,42.9,189.2
3072,4736,128,hk_128x128x64,131.0,0.0284,0.0283,0.0273,0.0004,0.0039,PASS,10,89.9,145.7
3072,4736,512,hk_128x128x64,266.6,0.0559,0.0557,0.0550,0.0006,0.0078,PASS,10,220.8,120.7
3072,4736,1024,hk_128x128x64,326.8,0.0912,0.0920,0.0905,0.0016,0.0078,PASS,10,300.5,108.8
3072,4736,4096,hk_128x128x64,370.2,0.3219,0.3156,0.2966,0.0104,0.0156,PASS,10,498.5,74.3
3072,4736,8192,hk_128x128x64,363.3,0.6561,0.6600,0.6380,0.0213,0.0312,PASS,10,526.5,69.0
3072,4800,384,hk_192x192x64,260.3,0.0435,0.0442,0.0431,0.0018,0.0078,PASS,10,200.3,130.0
3072,4864,128,hk_128x128x64,131.6,0.0291,0.0299,0.0281,0.0033,0.0039,PASS,10,109.9,119.7
3072,4864,128,hk_256x256x64,148.4,0.0258,0.0257,0.0247,0.0006,0.0039,PASS,10,109.9,135.0
3072,4992,192,hk_128x128x64,161.2,0.0365,0.0372,0.0362,0.0014,0.0039,PASS,10,95.7,168.5
3072,4992,192,hk_192x192x64,195.6,0.0301,0.0305,0.0287,0.0019,0.0039,PASS,10,95.7,204.4
3072,4992,384,hk_128x128x64,215.1,0.0548,0.0547,0.0533,0.0015,0.0078,PASS,10,159.9,134.5
3072,4992,384,hk_192x192x64,267.1,0.0441,0.0439,0.0431,0.0004,0.0078,PASS,10,159.9,167.0
3072,4992,3072,hk_128x128x64,297.7,0.3164,0.3161,0.3132,0.0016,0.0156,PASS,10,448.6,66.4
3072,4992,3072,hk_192x192x64,390.4,0.2414,0.2418,0.2405,0.0012,0.0156,PASS,10,448.6,87.0
3072,5120,64,hk_128x128x64,74.3,0.0271,0.0270,0.0263,0.0004,0.0020,PASS,10,50.8,146.3
3072,5120,64,hk_256x256x64,89.4,0.0225,0.0223,0.0207,0.0009,0.0020,PASS,10,50.8,176.0
3072,5120,1024,hk_128x128x64,291.7,0.1104,0.1102,0.1083,0.0015,0.0078,PASS,10,344.4,84.7
3072,5120,1024,hk_256x256x64,426.2,0.0756,0.0757,0.0739,0.0017,0.0078,PASS,10,344.4,123.8
3072,5120,8192,hk_128x128x64,325.6,0.7913,0.7827,0.7599,0.0149,0.0312,PASS,10,517.0,63.0
3072,5120,8192,hk_256x256x64,517.7,0.4977,0.5079,0.4780,0.0294,0.0312,PASS,10,517.0,100.1
3072,5184,768,hk_192x192x64,321.8,0.0760,0.0764,0.0750,0.0014,0.0078,PASS,10,246.7,130.4
3072,5248,1024,hk_128x128x64,295.4,0.1118,0.1117,0.1089,0.0017,0.0078,PASS,10,296.6,99.6
3072,5376,512,hk_128x128x64,257.2,0.0658,0.0659,0.0652,0.0006,0.0078,PASS,10,249.3,103.2
3072,5376,512,hk_192x192x64,299.4,0.0565,0.0566,0.0551,0.0009,0.0078,PASS,10,249.3,120.1
3072,5376,512,hk_256x256x64,331.4,0.0510,0.0513,0.0504,0.0010,0.0078,PASS,10,249.3,132.9
3072,5568,768,hk_192x192x64,340.8,0.0771,0.0769,0.0761,0.0004,0.0078,PASS,10,249.6,136.5
3072,5568,3072,hk_192x192x64,419.0,0.2508,0.2489,0.2435,0.0037,0.0156,PASS,10,459.8,91.1
3072,5632,1024,hk_128x128x64,314.2,0.1128,0.1131,0.1113,0.0017,0.0078,PASS,10,403.0,78.0
3072,5632,1024,hk_256x256x64,448.9,0.0789,0.0791,0.0786,0.0005,0.0078,PASS,10,403.0,111.4
3072,5760,64,hk_128x128x64,82.7,0.0274,0.0273,0.0269,0.0003,0.0020,PASS,10,36.5,226.8
3072,5760,64,hk_192x192x64,92.5,0.0245,0.0244,0.0233,0.0005,0.0020,PASS,10,36.5,253.5
3072,5760,384,hk_128x128x64,241.6,0.0562,0.0568,0.0561,0.0008,0.0078,PASS,10,168.5,143.4
3072,5760,384,hk_192x192x64,279.7,0.0486,0.0490,0.0477,0.0018,0.0078,PASS,10,168.5,166.0
3072,5760,768,hk_128x128x64,280.7,0.0968,0.0968,0.0951,0.0011,0.0078,PASS,10,244.1,115.0
3072,5760,768,hk_192x192x64,348.5,0.0780,0.0779,0.0766,0.0009,0.0078,PASS,10,244.1,142.8
3072,5760,1024,hk_128x128x64,323.7,0.1119,0.1120,0.1109,0.0007,0.0078,PASS,10,289.1,112.0
3072,5760,1024,hk_192x192x64,391.8,0.0925,0.0927,0.0916,0.0009,0.0078,PASS,10,289.1,135.5
3072,5952,192,hk_192x192x64,201.5,0.0348,0.0348,0.0344,0.0005,0.0039,PASS,10,132.2,152.5
3072,5952,384,hk_192x192x64,279.8,0.0502,0.0502,0.0487,0.0008,0.0078,PASS,10,207.9,134.6
3072,5952,6144,hk_192x192x64,443.3,0.5068,0.5112,0.4774,0.0209,0.0312,PASS,10,513.9,86.3
3072,6016,512,hk_128x128x64,277.2,0.0683,0.0684,0.0678,0.0008,0.0078,PASS,10,247.3,112.1
3072,6016,8192,hk_128x128x64,363.2,0.8336,0.8401,0.8081,0.0360,0.0312,PASS,10,548.5,66.2
3072,6144,64,hk_128x128x64,90.8,0.0266,0.0273,0.0261,0.0018,0.0020,PASS,10,71.7,126.7
3072,6144,64,hk_192x192x64,101.1,0.0239,0.0246,0.0227,0.0021,0.0020,PASS,10,71.7,141.1
3072,6144,64,hk_256x256x64,104.6,0.0231,0.0236,0.0225,0.0016,0.0020,PASS,10,71.7,146.0
3072,6144,128,hk_128x128x64,137.4,0.0352,0.0353,0.0338,0.0013,0.0039,PASS,10,125.3,109.7
3072,6144,128,hk_192x192x64,164.4,0.0294,0.0294,0.0287,0.0006,0.0039,PASS,10,125.3,131.2
3072,6144,128,hk_256x256x64,164.2,0.0294,0.0294,0.0277,0.0016,0.0039,PASS,10,125.3,131.1
3072,6144,512,hk_128x128x64,282.6,0.0684,0.0691,0.0678,0.0022,0.0078,PASS,10,273.6,103.3
3072,6144,512,hk_192x192x64,333.4,0.0580,0.0592,0.0577,0.0024,0.0078,PASS,10,273.6,121.9
3072,6144,512,hk_256x256x64,350.6,0.0551,0.0550,0.0544,0.0004,0.0078,PASS,10,273.6,128.1
3072,6272,256,hk_128x128x64,213.2,0.0463,0.0461,0.0453,0.0004,0.0039,PASS,10,165.5,128.9
3072,6400,128,hk_128x128x64,137.5,0.0366,0.0373,0.0356,0.0021,0.0039,PASS,10,127.5,107.9
3072,6400,128,hk_256x256x64,176.3,0.0285,0.0289,0.0274,0.0018,0.0039,PASS,10,127.5,138.3
3072,6400,1024,hk_128x128x64,349.2,0.1153,0.1150,0.1120,0.0017,0.0078,PASS,10,396.6,88.0
3072,6400,1024,hk_256x256x64,463.5,0.0869,0.0870,0.0860,0.0012,0.0078,PASS,10,396.6,116.8
3072,6656,256,hk_128x128x64,195.0,0.0537,0.0537,0.0527,0.0012,0.0039,PASS,10,182.0,107.2
3072,6656,256,hk_256x256x64,185.1,0.0566,0.0570,0.0557,0.0015,0.0039,PASS,10,182.0,101.7
3072,6656,512,hk_128x128x64,257.6,0.0813,0.0819,0.0805,0.0015,0.0078,PASS,10,275.4,93.5
3072,6656,512,hk_256x256x64,248.2,0.0844,0.0842,0.0833,0.0004,0.0078,PASS,10,275.4,90.1
3072,7040,64,hk_128x128x64,84.5,0.0328,0.0329,0.0321,0.0009,0.0020,PASS,10,55.3,152.8
3072,7040,8192,hk_128x128x64,357.7,0.9906,0.9940,0.9722,0.0162,0.0312,PASS,10,534.8,66.9
3072,7168,128,hk_128x128x64,131.2,0.0430,0.0434,0.0418,0.0021,0.0039,PASS,10,126.2,103.9
3072,7168,128,hk_256x256x64,139.1,0.0405,0.0412,0.0396,0.0020,0.0039,PASS,10,126.2,110.2
3072,7168,8192,hk_128x128x64,361.3,0.9986,0.9995,0.9771,0.0120,0.0312,PASS,10,534.8,67.6
3072,7168,8192,hk_256x256x64,391.6,0.9213,0.9159,0.8995,0.0102,0.0312,PASS,10,534.8,73.2
3072,7296,4096,hk_128x128x64,366.2,0.5014,0.5072,0.4943,0.0195,0.0156,PASS,10,485.8,75.4
3072,7296,4096,hk_192x192x64,535.9,0.3426,0.3393,0.3173,0.0085,0.0156,PASS,10,485.8,110.3
3072,7424,128,hk_128x128x64,137.0,0.0426,0.0425,0.0416,0.0006,0.0039,PASS,10,100.2,136.8
3072,7424,128,hk_256x256x64,142.6,0.0409,0.0408,0.0401,0.0004,0.0039,PASS,10,100.2,142.4
3072,7552,128,hk_128x128x64,142.4,0.0417,0.0418,0.0412,0.0004,0.0039,PASS,10,76.4,186.5
3072,7552,1024,hk_128x128x64,342.5,0.1387,0.1390,0.1364,0.0017,0.0078,PASS,10,320.3,106.9
3072,7808,256,hk_128x128x64,218.3,0.0562,0.0568,0.0553,0.0019,0.0039,PASS,10,129.5,168.6
3072,7936,8192,hk_128x128x64,381.9,1.0459,1.0461,1.0177,0.0214,0.0312,PASS,10,522.4,73.1
3072,7936,8192,hk_256x256x64,436.3,0.9154,0.9160,0.8975,0.0185,0.0312,PASS,10,522.4,83.5
3200,3200,512,hk_128x128x64,207.7,0.0505,0.0538,0.0492,0.0081,0.0078,PASS,10,214.2,97.0
3200,3200,2048,hk_128x128x64,282.2,0.1486,0.1485,0.1465,0.0017,0.0156,PASS,10,367.2,76.9
3200,3328,256,hk_128x128x64,162.5,0.0336,0.0333,0.0320,0.0005,0.0039,PASS,10,148.6,109.3
3200,3328,512,hk_128x128x64,216.9,0.0503,0.0508,0.0490,0.0016,0.0078,PASS,10,222.2,97.6
3200,3456,128,hk_128x128x64,113.3,0.0250,0.0250,0.0243,0.0005,0.0039,PASS,10,88.2,128.6
3200,3456,256,hk_128x128x64,167.7,0.0338,0.0342,0.0330,0.0015,0.0039,PASS,10,145.4,115.3
3200,3584,512,hk_128x128x64,228.7,0.0514,0.0515,0.0491,0.0015,0.0078,PASS,10,230.1,99.4
3200,3712,4096,hk_128x128x64,344.7,0.2823,0.2789,0.2709,0.0050,0.0156,PASS,10,461.8,74.6
3200,3840,512,hk_128x128x64,237.9,0.0529,0.0527,0.0522,0.0003,0.0078,PASS,10,256.8,92.6
3200,3968,8192,hk_128x128x64,344.5,0.6039,0.6011,0.5846,0.0082,0.0312,PASS,10,502.0,68.6
3200,4224,2048,hk_128x128x64,360.6,0.1535,0.1530,0.1506,0.0011,0.0156,PASS,10,394.2,91.5
3200,4224,4096,hk_128x128x64,369.3,0.2999,0.3000,0.2925,0.0034,0.0156,PASS,10,452.9,81.5
3200,4608,1024,hk_128x128x64,345.0,0.0875,0.0879,0.0870,0.0012,0.0078,PASS,10,356.5,96.8
3200,4992,64,hk_128x128x64,73.9,0.0277,0.0281,0.0271,0.0013,0.0039,PASS,10,34.2,216.2
3200,4992,8192,hk_128x128x64,334.0,0.7836,0.7798,0.7585,0.0125,0.0312,PASS,10,517.5,64.5
3200,5376,256,hk_128x128x64,190.2,0.0463,0.0466,0.0445,0.0018,0.0039,PASS,10,186.3,102.1
3200,5504,64,hk_128x128x64,78.8,0.0286,0.0289,0.0275,0.0014,0.0020,PASS,10,46.9,168.1
3200,5504,8192,hk_128x128x64,347.5,0.8303,0.8289,0.8208,0.0069,0.0312,PASS,10,492.2,70.6
3200,5632,64,hk_128x128x64,75.3,0.0306,0.0304,0.0285,0.0020,0.0020,PASS,10,64.5,116.8
3200,5632,512,hk_128x128x64,270.5,0.0682,0.0687,0.0675,0.0015,0.0078,PASS,10,275.0,98.4
3200,5760,128,hk_128x128x64,135.7,0.0348,0.0347,0.0342,0.0003,0.0039,PASS,10,92.6,146.6
3200,6016,8192,hk_128x128x64,377.7,0.8352,0.8424,0.8263,0.0217,0.0312,PASS,10,527.4,71.6
3200,6144,512,hk_128x128x64,286.5,0.0703,0.0703,0.0687,0.0015,0.0078,PASS,10,299.6,95.6
3200,6400,1024,hk_128x128x64,310.6,0.1350,0.1358,0.1327,0.0023,0.0078,PASS,10,367.7,84.5
3200,6400,2048,hk_128x128x64,355.8,0.2358,0.2358,0.2323,0.0025,0.0156,PASS,10,454.0,78.4
3200,6784,512,hk_128x128x64,271.7,0.0818,0.0819,0.0805,0.0014,0.0078,PASS,10,208.5,130.3
3200,6912,4096,hk_128x128x64,363.1,0.4991,0.4972,0.4738,0.0104,0.0156,PASS,10,524.1,69.3
3200,7040,64,hk_128x128x64,85.4,0.0338,0.0337,0.0328,0.0008,0.0020,PASS,10,36.8,231.9
3200,7040,256,hk_128x128x64,210.2,0.0549,0.0555,0.0543,0.0015,0.0039,PASS,10,133.9,157.0
3200,7040,1024,hk_128x128x64,335.2,0.1376,0.1384,0.1366,0.0019,0.0078,PASS,10,313.6,106.9
3200,7040,2048,hk_128x128x64,349.3,0.2642,0.2642,0.2521,0.0062,0.0156,PASS,10,432.5,80.7
3200,7168,256,hk_128x128x64,210.0,0.0559,0.0560,0.0548,0.0008,0.0039,PASS,10,226.7,92.6
3200,7296,8192,hk_128x128x64,366.8,1.0429,1.0336,1.0015,0.0230,0.0312,PASS,10,523.1,70.1
3200,7424,512,hk_128x128x64,284.7,0.0854,0.0856,0.0836,0.0025,0.0078,PASS,10,320.7,88.8
3200,7552,64,hk_128x128x64,89.6,0.0345,0.0348,0.0330,0.0015,0.0039,PASS,10,42.8,209.4
3200,7552,128,hk_128x128x64,142.5,0.0434,0.0439,0.0427,0.0016,0.0039,PASS,10,82.2,173.3
3200,7552,512,hk_128x128x64,287.2,0.0862,0.0868,0.0848,0.0022,0.0078,PASS,10,225.6,127.3
3200,7680,128,hk_128x128x64,144.0,0.0437,0.0437,0.0430,0.0004,0.0039,PASS,10,145.8,98.7
3200,7680,1024,hk_128x128x64,356.8,0.1410,0.1417,0.1399,0.0020,0.0078,PASS,10,430.5,82.9
3200,7680,8192,hk_128x128x64,376.0,1.0709,1.0651,1.0244,0.0304,0.0312,PASS,10,573.8,65.5
3200,7936,256,hk_128x128x64,210.3,0.0618,0.0620,0.0605,0.0015,0.0039,PASS,10,199.1,105.6
3200,7936,1024,hk_128x128x64,317.6,0.1638,0.1633,0.1607,0.0017,0.0078,PASS,10,368.7,86.1
3200,8064,1024,hk_128x128x64,329.0,0.1606,0.1612,0.1592,0.0021,0.0078,PASS,10,350.6,93.8
3200,8192,4096,hk_128x128x64,386.2,0.5561,0.5629,0.5333,0.0272,0.0156,PASS,10,532.4,72.5
3264,3264,384,hk_192x192x64,259.0,0.0316,0.0319,0.0311,0.0013,0.0078,PASS,10,132.3,195.8
3264,3264,3072,hk_192x192x64,470.8,0.1390,0.1384,0.1350,0.0026,0.0156,PASS,10,399.3,117.9
3264,3456,64,hk_192x192x64,60.2,0.0240,0.0238,0.0228,0.0007,0.0020,PASS,10,38.2,157.5
3264,3456,3072,hk_192x192x64,290.8,0.2383,0.2380,0.2349,0.0014,0.0156,PASS,10,419.2,69.4
3264,3840,64,hk_192x192x64,70.8,0.0227,0.0227,0.0217,0.0010,0.0020,PASS,10,52.9,134.0
3264,4032,384,hk_192x192x64,233.0,0.0434,0.0435,0.0428,0.0004,0.0078,PASS,10,181.9,128.1
3264,4416,192,hk_192x192x64,189.9,0.0291,0.0293,0.0285,0.0006,0.0039,PASS,10,95.2,199.4
3264,4608,192,hk_192x192x64,188.1,0.0307,0.0305,0.0297,0.0005,0.0039,PASS,10,119.8,156.9
3264,4608,384,hk_192x192x64,259.1,0.0446,0.0449,0.0436,0.0015,0.0039,PASS,10,205.9,125.8
3264,4608,768,hk_192x192x64,301.8,0.0765,0.0772,0.0753,0.0019,0.0078,PASS,10,305.2,98.9
3264,4992,64,hk_192x192x64,86.8,0.0240,0.0237,0.0223,0.0008,0.0020,PASS,10,46.8,185.5
3264,5376,64,hk_192x192x64,88.8,0.0253,0.0257,0.0248,0.0013,0.0020,PASS,10,59.2,150.1
3264,5376,192,hk_192x192x64,195.9,0.0344,0.0348,0.0322,0.0019,0.0039,PASS,10,146.0,134.2
3264,5376,3072,hk_192x192x64,416.6,0.2588,0.2574,0.2477,0.0067,0.0156,PASS,10,525.5,79.3
3264,5568,384,hk_192x192x64,277.8,0.0502,0.0505,0.0496,0.0013,0.0078,PASS,10,199.0,139.6
3264,5568,1536,hk_192x192x64,412.2,0.1354,0.1353,0.1342,0.0007,0.0156,PASS,10,358.0,115.2
3264,5568,3072,hk_192x192x64,418.9,0.2665,0.2666,0.2618,0.0025,0.0156,PASS,10,473.7,88.4
3264,5568,6144,hk_192x192x64,435.3,0.5130,0.5179,0.4924,0.0236,0.0312,PASS,10,499.4,87.2
3264,5760,6144,hk_192x192x64,442.3,0.5223,0.5252,0.5042,0.0172,0.0312,PASS,10,507.5,87.2
3264,5952,768,hk_192x192x64,354.9,0.0841,0.0839,0.0823,0.0010,0.0078,PASS,10,250.9,141.4
3264,6144,768,hk_192x192x64,375.3,0.0821,0.0825,0.0813,0.0011,0.0078,PASS,10,329.6,113.9
3328,3328,1024,hk_128x128x64,271.9,0.0834,0.0836,0.0826,0.0008,0.0078,PASS,10,305.3,89.0
3328,3328,1024,hk_256x256x64,336.4,0.0674,0.0674,0.0664,0.0009,0.0078,PASS,10,305.3,110.2
3328,3712,128,hk_128x128x64,126.2,0.0251,0.0255,0.0247,0.0013,0.0039,PASS,10,79.9,157.9
3328,3712,2048,hk_128x128x64,327.2,0.1546,0.1542,0.1490,0.0046,0.0156,PASS,10,367.6,89.0
3328,3840,128,hk_128x128x64,115.6,0.0283,0.0284,0.0277,0.0006,0.0039,PASS,10,80.8,143.1
3328,3840,128,hk_256x256x64,131.8,0.0248,0.0249,0.0238,0.0006,0.0039,PASS,10,80.8,163.2
3328,3840,2048,hk_128x128x64,345.2,0.1516,0.1514,0.1485,0.0019,0.0156,PASS,10,407.2,84.8
3328,3840,2048,hk_256x256x64,437.5,0.1196,0.1193,0.1146,0.0024,0.0156,PASS,10,407.2,107.4
3328,3968,1024,hk_128x128x64,316.3,0.0855,0.0853,0.0844,0.0007,0.0078,PASS,10,300.6,105.2
3328,4224,128,hk_128x128x64,132.0,0.0273,0.0272,0.0268,0.0003,0.0039,PASS,10,81.2,162.5
3328,4480,256,hk_128x128x64,201.3,0.0379,0.0382,0.0372,0.0011,0.0039,PASS,10,116.4,172.9
3328,4736,64,hk_128x128x64,76.9,0.0262,0.0266,0.0257,0.0017,0.0020,PASS,10,37.9,203.2
3328,4736,1024,hk_128x128x64,288.3,0.1120,0.1118,0.1107,0.0007,0.0078,PASS,10,297.9,96.8
3328,4736,8192,hk_128x128x64,335.4,0.7700,0.7748,0.7620,0.0113,0.0312,PASS,10,528.0,63.5
3328,4864,64,hk_128x128x64,68.8,0.0301,0.0309,0.0288,0.0025,0.0020,PASS,10,58.1,118.4
3328,4864,64,hk_256x256x64,88.6,0.0234,0.0240,0.0227,0.0017,0.0020,PASS,10,58.1,152.5
3328,5120,1024,hk_128x128x64,313.5,0.1113,0.1117,0.1091,0.0022,0.0078,PASS,10,342.0,91.7
3328,5120,1024,hk_256x256x64,440.9,0.0791,0.0793,0.0772,0.0015,0.0078,PASS,10,342.0,128.9
3328,5248,1024,hk_128x128x64,320.0,0.1118,0.1115,0.1101,0.0010,0.0078,PASS,10,291.3,109.9
3328,5376,64,hk_128x128x64,78.9,0.0290,0.0288,0.0279,0.0007,0.0020,PASS,10,67.4,117.1
3328,5376,64,hk_256x256x64,101.5,0.0226,0.0229,0.0216,0.0014,0.0020,PASS,10,67.4,150.6
3328,5376,512,hk_128x128x64,268.8,0.0682,0.0687,0.0675,0.0017,0.0078,PASS,10,277.3,96.9
3328,5376,512,hk_256x256x64,343.3,0.0534,0.0541,0.0530,0.0020,0.0078,PASS,10,277.3,123.8
3328,5632,1024,hk_128x128x64,338.2,0.1135,0.1135,0.1122,0.0008,0.0078,PASS,10,401.6,84.2
3328,5632,1024,hk_256x256x64,465.7,0.0824,0.0824,0.0817,0.0004,0.0078,PASS,10,401.6,116.0
3328,5632,4096,hk_128x128x64,395.6,0.3881,0.3855,0.3675,0.0115,0.0156,PASS,10,521.6,75.8
3328,5632,4096,hk_256x256x64,561.1,0.2736,0.2684,0.2456,0.0113,0.0156,PASS,10,521.6,107.6
3328,5760,256,hk_128x128x64,214.2,0.0458,0.0457,0.0450,0.0006,0.0039,PASS,10,158.3,135.3
3328,5888,64,hk_128x128x64,87.7,0.0286,0.0289,0.0275,0.0016,0.0020,PASS,10,72.2,121.6
3328,5888,64,hk_256x256x64,110.7,0.0227,0.0232,0.0223,0.0013,0.0020,PASS,10,72.2,153.5
3328,5888,128,hk_128x128x64,140.0,0.0358,0.0368,0.0355,0.0020,0.0039,PASS,10,129.1,108.4
3328,5888,128,hk_256x256x64,175.7,0.0285,0.0296,0.0274,0.0024,0.0039,PASS,10,129.1,136.1
3328,6144,128,hk_128x128x64,132.1,0.0396,0.0396,0.0380,0.0012,0.0039,PASS,10,125.9,105.0
3328,6144,128,hk_256x256x64,128.6,0.0407,0.0414,0.0397,0.0025,0.0039,PASS,10,125.9,102.2
3328,6144,4096,hk_128x128x64,355.4,0.4713,0.4694,0.4626,0.0047,0.0156,PASS,10,514.1,69.1
3328,6144,4096,hk_256x256x64,360.4,0.4648,0.4655,0.4631,0.0028,0.0156,PASS,10,514.1,70.1
3328,6528,64,hk_128x128x64,85.2,0.0326,0.0333,0.0314,0.0019,0.0020,PASS,10,57.5,148.3
3328,6656,2048,hk_128x128x64,351.2,0.2584,0.2583,0.2399,0.0082,0.0156,PASS,10,472.5,74.3
3328,6656,2048,hk_256x256x64,359.0,0.2527,0.2521,0.2498,0.0014,0.0156,PASS,10,472.5,76.0
3328,6656,4096,hk_128x128x64,362.9,0.5000,0.4999,0.4834,0.0079,0.0156,PASS,10,510.7,71.1
3328,6656,4096,hk_256x256x64,379.6,0.4780,0.4771,0.4686,0.0040,0.0156,PASS,10,510.7,74.3
3328,6784,128,hk_128x128x64,140.2,0.0412,0.0418,0.0404,0.0020,0.0039,PASS,10,74.2,188.9
3328,6784,2048,hk_128x128x64,349.4,0.2647,0.2607,0.2481,0.0070,0.0156,PASS,10,430.4,81.2
3328,6784,8192,hk_128x128x64,369.3,1.0015,1.0159,0.9878,0.0323,0.0312,PASS,10,535.2,69.0
3328,6912,64,hk_128x128x64,89.3,0.0330,0.0368,0.0322,0.0091,0.0020,PASS,10,64.0,139.5
3328,6912,64,hk_256x256x64,91.5,0.0322,0.0322,0.0308,0.0014,0.0020,PASS,10,64.0,142.8
3328,6912,256,hk_128x128x64,212.4,0.0554,0.0559,0.0544,0.0015,0.0039,PASS,10,206.9,102.7
3328,6912,256,hk_256x256x64,205.3,0.0574,0.0577,0.0554,0.0024,0.0039,PASS,10,206.9,99.2
3328,6912,4096,hk_128x128x64,376.7,0.5003,0.5037,0.4636,0.0244,0.0156,PASS,10,525.9,71.6
3328,6912,4096,hk_256x256x64,403.6,0.4670,0.4654,0.4605,0.0032,0.0156,PASS,10,525.9,76.7
3328,7040,4096,hk_128x128x64,370.8,0.5177,0.5155,0.4842,0.0121,0.0156,PASS,10,520.0,71.3
3328,7168,128,hk_128x128x64,139.2,0.0439,0.0444,0.0425,0.0025,0.0039,PASS,10,105.9,131.4
3328,7168,128,hk_256x256x64,143.6,0.0425,0.0430,0.0419,0.0018,0.0039,PASS,10,105.9,135.5
3328,7296,256,hk_128x128x64,219.1,0.0567,0.0571,0.0558,0.0014,0.0039,PASS,10,132.3,165.6
3328,7424,1024,hk_128x128x64,341.8,0.1481,0.1466,0.1414,0.0031,0.0078,PASS,10,406.2,84.1
3328,7424,1024,hk_256x256x64,351.3,0.1441,0.1441,0.1428,0.0008,0.0078,PASS,10,406.2,86.5
3328,7680,4096,hk_128x128x64,348.2,0.6013,0.5938,0.5700,0.0164,0.0156,PASS,10,509.3,68.4
3328,7680,4096,hk_256x256x64,428.1,0.4891,0.4888,0.4856,0.0022,0.0156,PASS,10,509.3,84.1
3328,7936,512,hk_128x128x64,272.6,0.0992,0.1147,0.0972,0.0444,0.0078,PASS,10,288.3,94.5
3328,7936,512,hk_256x256x64,317.3,0.0852,0.0859,0.0842,0.0019,0.0078,PASS,10,288.3,110.1
3328,8192,64,hk_128x128x64,89.5,0.0390,0.0388,0.0369,0.0011,0.0020,PASS,10,82.7,108.1
3328,8192,64,hk_256x256x64,100.0,0.0349,0.0354,0.0330,0.0026,0.0020,PASS,10,82.7,120.9
3328,8192,128,hk_128x128x64,144.0,0.0485,0.0487,0.0477,0.0012,0.0039,PASS,10,141.3,101.9
3328,8192,128,hk_256x256x64,161.2,0.0433,0.0435,0.0424,0.0013,0.0039,PASS,10,141.3,114.1
3328,8192,512,hk_128x128x64,285.1,0.0979,0.0976,0.0959,0.0009,0.0078,PASS,10,319.7,89.2
3328,8192,512,hk_256x256x64,313.1,0.0892,0.0894,0.0873,0.0015,0.0078,PASS,10,319.7,97.9
3456,3456,192,hk_128x128x64,156.1,0.0294,0.0294,0.0289,0.0004,0.0039,PASS,10,110.5,141.2
3456,3456,192,hk_192x192x64,150.3,0.0305,0.0305,0.0296,0.0008,0.0039,PASS,10,110.5,136.0
3456,3456,3072,hk_128x128x64,284.6,0.2579,0.2578,0.2545,0.0030,0.0156,PASS,10,451.4,63.0
3456,3456,3072,hk_192x192x64,307.8,0.2384,0.2384,0.2374,0.0006,0.0156,PASS,10,451.4,68.2
3456,3584,2048,hk_128x128x64,328.5,0.1544,0.1557,0.1512,0.0035,0.0156,PASS,10,455.9,72.1
3456,3584,4096,hk_128x128x64,345.7,0.2935,0.2960,0.2865,0.0070,0.0156,PASS,10,490.8,70.4
3456,3648,64,hk_192x192x64,64.6,0.0250,0.0246,0.0239,0.0005,0.0039,PASS,10,36.1,179.0
3456,3648,192,hk_192x192x64,159.1,0.0304,0.0308,0.0294,0.0013,0.0039,PASS,10,110.2,144.4
3456,3712,2048,hk_128x128x64,346.7,0.1515,0.1515,0.1499,0.0010,0.0156,PASS,10,353.3,98.1
3456,3840,512,hk_128x128x64,253.1,0.0537,0.0535,0.0520,0.0008,0.0078,PASS,10,250.3,101.1
3456,3840,512,hk_192x192x64,258.2,0.0526,0.0531,0.0522,0.0013,0.0078,PASS,10,250.3,103.1
3456,3840,1536,hk_128x128x64,310.0,0.1315,0.1318,0.1299,0.0018,0.0156,PASS,10,404.6,76.6
3456,3840,1536,hk_192x192x64,313.5,0.1301,0.1301,0.1290,0.0006,0.0156,PASS,10,404.6,77.5
3456,3968,512,hk_128x128x64,268.2,0.0524,0.0524,0.0516,0.0005,0.0078,PASS,10,243.6,110.1
3456,4032,1536,hk_192x192x64,326.9,0.1309,0.1307,0.1293,0.0010,0.0156,PASS,10,345.0,94.8
3456,4096,8192,hk_128x128x64,363.5,0.6380,0.6381,0.6258,0.0103,0.0312,PASS,10,567.9,64.0
3456,4224,128,hk_128x128x64,132.0,0.0283,0.0283,0.0276,0.0006,0.0039,PASS,10,76.9,171.7
3456,4224,128,hk_192x192x64,139.3,0.0268,0.0267,0.0259,0.0004,0.0039,PASS,10,76.9,181.2
3456,4224,2048,hk_128x128x64,382.4,0.1564,0.1552,0.1522,0.0023,0.0156,PASS,10,371.1,103.1
3456,4224,2048,hk_192x192x64,370.6,0.1613,0.1614,0.1583,0.0022,0.0156,PASS,10,371.1,99.9
3456,4352,512,hk_128x128x64,235.5,0.0654,0.0653,0.0640,0.0007,0.0078,PASS,10,242.7,97.1
3456,4352,8192,hk_128x128x64,325.4,0.7572,0.7545,0.7249,0.0195,0.0312,PASS,10,523.3,62.2
3456,4480,64,hk_128x128x64,74.4,0.0266,0.0266,0.0260,0.0003,0.0020,PASS,10,31.4,236.7
3456,4480,256,hk_128x128x64,183.8,0.0431,0.0435,0.0423,0.0016,0.0039,PASS,10,117.1,156.9
3456,4608,128,hk_128x128x64,122.1,0.0334,0.0333,0.0325,0.0005,0.0039,PASS,10,98.7,123.7
3456,4608,128,hk_192x192x64,146.9,0.0277,0.0277,0.0270,0.0004,0.0039,PASS,10,98.7,148.8
3456,4736,128,hk_128x128x64,124.6,0.0336,0.0337,0.0332,0.0004,0.0039,PASS,10,90.5,137.7
3456,4736,256,hk_128x128x64,189.8,0.0441,0.0448,0.0431,0.0016,0.0039,PASS,10,148.2,128.1
3456,4736,512,hk_128x128x64,250.5,0.0669,0.0673,0.0656,0.0020,0.0078,PASS,10,229.1,109.3
3456,4864,1024,hk_128x128x64,311.1,0.1107,0.1106,0.1093,0.0008,0.0078,PASS,10,374.0,83.2
3456,4864,4096,hk_128x128x64,367.7,0.3745,0.3727,0.3652,0.0043,0.0156,PASS,10,515.3,71.4
3456,4864,8192,hk_128x128x64,349.0,0.7892,0.7932,0.7737,0.0147,0.0312,PASS,10,557.2,62.6
3456,4992,256,hk_128x128x64,192.6,0.0459,0.0460,0.0451,0.0008,0.0039,PASS,10,147.5,130.6
3456,4992,256,hk_192x192x64,223.0,0.0396,0.0397,0.0380,0.0017,0.0039,PASS,10,147.5,151.2
3456,4992,1536,hk_128x128x64,308.7,0.1717,0.1723,0.1690,0.0031,0.0156,PASS,10,348.2,88.7
3456,4992,1536,hk_192x192x64,393.1,0.1348,0.1347,0.1336,0.0006,0.0156,PASS,10,348.2,112.9
3456,4992,3072,hk_128x128x64,316.1,0.3354,0.3352,0.3311,0.0026,0.0156,PASS,10,444.8,71.1
3456,4992,3072,hk_192x192x64,423.1,0.2505,0.2501,0.2483,0.0015,0.0156,PASS,10,444.8,95.1
3456,5120,64,hk_128x128x64,78.5,0.0289,0.0286,0.0277,0.0007,0.0020,PASS,10,66.2,118.6
3456,5120,128,hk_128x128x64,132.9,0.0341,0.0346,0.0330,0.0018,0.0039,PASS,10,123.1,108.0
3456,5120,8192,hk_128x128x64,357.9,0.8101,0.8131,0.8048,0.0076,0.0312,PASS,10,536.3,66.7
3456,5184,1536,hk_192x192x64,402.8,0.1366,0.1369,0.1348,0.0016,0.0156,PASS,10,342.5,117.6
3456,5248,512,hk_128x128x64,270.0,0.0688,0.0687,0.0677,0.0006,0.0078,PASS,10,232.0,116.4
3456,5248,1024,hk_128x128x64,327.3,0.1135,0.1137,0.1125,0.0008,0.0078,PASS,10,282.5,115.9
3456,5248,2048,hk_128x128x64,354.0,0.2099,0.2079,0.1971,0.0054,0.0156,PASS,10,382.6,92.5
3456,5632,128,hk_128x128x64,133.8,0.0372,0.0379,0.0364,0.0012,0.0039,PASS,10,125.9,106.2
3456,5632,1024,hk_128x128x64,341.7,0.1167,0.1167,0.1144,0.0015,0.0078,PASS,10,406.7,84.0
3456,5760,256,hk_128x128x64,214.5,0.0475,0.0475,0.0467,0.0004,0.0039,PASS,10,154.9,138.5
3456,5760,256,hk_192x192x64,236.5,0.0431,0.0430,0.0416,0.0009,0.0039,PASS,10,154.9,152.7
3456,5760,4096,hk_128x128x64,387.9,0.4204,0.4171,0.3959,0.0145,0.0156,PASS,10,458.8,84.5
3456,5760,4096,hk_192x192x64,527.4,0.3092,0.3102,0.3056,0.0037,0.0156,PASS,10,458.8,114.9
3456,5888,64,hk_128x128x64,80.3,0.0324,0.0327,0.0311,0.0012,0.0020,PASS,10,68.5,117.2
3456,5888,256,hk_128x128x64,195.5,0.0533,0.0531,0.0519,0.0008,0.0039,PASS,10,203.3,96.2
3456,5952,6144,hk_192x192x64,486.4,0.5196,0.5207,0.5048,0.0165,0.0312,PASS,10,491.7,98.9
3456,6016,512,hk_128x128x64,266.3,0.0799,0.0798,0.0786,0.0007,0.0078,PASS,10,246.5,108.0
3456,6144,256,hk_128x128x64,205.3,0.0530,0.0534,0.0516,0.0017,0.0039,PASS,10,211.4,97.1
3456,6144,256,hk_192x192x64,248.5,0.0437,0.0437,0.0429,0.0004,0.0039,PASS,10,211.4,117.6
3456,6144,768,hk_128x128x64,291.2,0.1120,0.1117,0.1095,0.0012,0.0078,PASS,10,343.8,84.7
3456,6144,768,hk_192x192x64,384.6,0.0848,0.0850,0.0839,0.0015,0.0078,PASS,10,343.8,111.9
3456,6144,3072,hk_128x128x64,321.9,0.4053,0.4048,0.3972,0.0044,0.0156,PASS,10,537.6,59.9
3456,6144,3072,hk_192x192x64,468.9,0.2782,0.2792,0.2511,0.0190,0.0156,PASS,10,537.6,87.2
3456,6272,2048,hk_128x128x64,361.0,0.2459,0.2449,0.2377,0.0053,0.0156,PASS,10,423.9,85.2
3456,6400,8192,hk_128x128x64,348.3,1.0404,1.0370,1.0109,0.0132,0.0312,PASS,10,534.8,65.1
3456,6528,64,hk_128x128x64,87.0,0.0332,0.0337,0.0321,0.0019,0.0039,PASS,10,37.2,233.6
3456,6528,64,hk_192x192x64,89.6,0.0322,0.0327,0.0316,0.0016,0.0039,PASS,10,37.2,240.5
3456,6528,8192,hk_128x128x64,365.4,1.0115,1.0110,0.9764,0.0255,0.0312,PASS,10,535.0,68.3
3456,6528,8192,hk_192x192x64,423.6,0.8726,0.8789,0.8524,0.0214,0.0312,PASS,10,535.0,79.2
3456,6656,256,hk_128x128x64,214.4,0.0549,0.0557,0.0536,0.0023,0.0039,PASS,10,182.7,117.4
3456,6784,128,hk_128x128x64,142.8,0.0420,0.0424,0.0411,0.0018,0.0039,PASS,10,77.0,185.6
3456,6784,1024,hk_128x128x64,339.5,0.1414,0.1408,0.1375,0.0028,0.0078,PASS,10,302.7,112.2
3456,7040,2048,hk_128x128x64,349.5,0.2851,0.2744,0.2580,0.0121,0.0156,PASS,10,429.6,81.4
3456,7168,128,hk_128x128x64,145.3,0.0437,0.0436,0.0429,0.0005,0.0039,PASS,10,105.5,137.6
3456,7424,64,hk_128x128x64,87.0,0.0378,0.0378,0.0370,0.0006,0.0020,PASS,10,65.0,133.9
3456,7552,512,hk_128x128x64,271.0,0.0986,0.0984,0.0963,0.0009,0.0078,PASS,10,225.3,120.3
3456,7552,1024,hk_128x128x64,328.0,0.1630,0.1621,0.1593,0.0022,0.0078,PASS,10,319.2,102.8
3456,7680,1024,hk_128x128x64,334.9,0.1623,0.1631,0.1609,0.0024,0.0078,PASS,10,422.8,79.2
3456,7680,1024,hk_192x192x64,383.9,0.1416,0.1410,0.1388,0.0008,0.0078,PASS,10,422.8,90.8
3456,7808,128,hk_128x128x64,142.4,0.0485,0.0485,0.0475,0.0006,0.0039,PASS,10,89.1,159.8
3456,7936,512,hk_128x128x64,285.0,0.0985,0.0985,0.0972,0.0007,0.0078,PASS,10,312.7,91.1
3456,8064,2048,hk_128x128x64,360.3,0.3168,0.3190,0.3110,0.0059,0.0156,PASS,10,454.2,79.3
3456,8064,2048,hk_192x192x64,441.8,0.2584,0.2582,0.2565,0.0011,0.0156,PASS,10,454.2,97.3
3456,8192,64,hk_128x128x64,87.6,0.0414,0.0417,0.0383,0.0024,0.0020,PASS,10,77.5,113.0
3456,8192,128,hk_128x128x64,148.1,0.0490,0.0492,0.0480,0.0014,0.0039,PASS,10,146.5,101.1
3456,8192,1024,hk_128x128x64,352.7,0.1644,0.1636,0.1588,0.0029,0.0078,PASS,10,442.1,79.8
3584,3584,64,hk_128x128x64,66.0,0.0249,0.0249,0.0233,0.0010,0.0020,PASS,10,44.3,148.9
3584,3584,64,hk_256x256x64,78.7,0.0209,0.0210,0.0202,0.0004,0.0020,PASS,10,44.3,177.5
3584,3584,2048,hk_128x128x64,348.0,0.1512,0.1514,0.1499,0.0015,0.0156,PASS,10,407.8,85.3
3584,3584,2048,hk_256x256x64,431.7,0.1219,0.1214,0.1180,0.0023,0.0156,PASS,10,407.8,105.9
3584,3712,256,hk_128x128x64,190.9,0.0357,0.0359,0.0347,0.0012,0.0039,PASS,10,156.7,121.8
3584,3712,4096,hk_128x128x64,370.5,0.2942,0.2938,0.2883,0.0034,0.0156,PASS,10,474.5,78.1
3584,3968,128,hk_128x128x64,125.1,0.0291,0.0291,0.0279,0.0007,0.0039,PASS,10,97.3,128.5
3584,3968,1024,hk_128x128x64,334.6,0.0870,0.0874,0.0859,0.0014,0.0078,PASS,10,318.2,105.2
3584,4096,256,hk_128x128x64,194.3,0.0387,0.0390,0.0380,0.0010,0.0039,PASS,10,182.7,106.3
3584,4096,256,hk_256x256x64,225.1,0.0334,0.0334,0.0326,0.0006,0.0039,PASS,10,182.7,123.2
3584,4224,128,hk_128x128x64,121.9,0.0318,0.0321,0.0310,0.0013,0.0039,PASS,10,63.8,191.0
3584,4480,2048,hk_128x128x64,338.5,0.1943,0.1949,0.1930,0.0023,0.0156,PASS,10,398.8,84.9
3584,4480,4096,hk_128x128x64,363.2,0.3621,0.3628,0.3545,0.0058,0.0156,PASS,10,477.2,76.1
3584,4736,128,hk_128x128x64,126.2,0.0344,0.0348,0.0338,0.0011,0.0039,PASS,10,88.7,142.3
3584,4992,2048,hk_128x128x64,356.9,0.2053,0.2048,0.1972,0.0055,0.0156,PASS,10,397.7,89.7
3584,5120,512,hk_128x128x64,273.8,0.0686,0.0689,0.0676,0.0016,0.0078,PASS,10,286.1,95.7
3584,5120,512,hk_256x256x64,350.5,0.0536,0.0536,0.0529,0.0005,0.0078,PASS,10,286.1,122.5
3584,5120,4096,hk_128x128x64,364.2,0.4127,0.4122,0.4058,0.0049,0.0156,PASS,10,517.2,70.4
3584,5120,4096,hk_256x256x64,530.9,0.2832,0.2864,0.2667,0.0191,0.0156,PASS,10,517.2,102.6
3584,5376,256,hk_128x128x64,209.8,0.0470,0.0501,0.0461,0.0093,0.0039,PASS,10,208.5,100.6
3584,5376,256,hk_256x256x64,264.6,0.0373,0.0375,0.0367,0.0013,0.0039,PASS,10,208.5,126.9
3584,5376,512,hk_128x128x64,283.3,0.0696,0.0694,0.0689,0.0004,0.0078,PASS,10,294.5,96.2
3584,5376,512,hk_256x256x64,357.4,0.0552,0.0555,0.0541,0.0009,0.0078,PASS,10,294.5,121.4
3584,5632,128,hk_128x128x64,129.3,0.0400,0.0396,0.0385,0.0009,0.0039,PASS,10,111.4,116.0
3584,5632,128,hk_256x256x64,129.8,0.0398,0.0402,0.0388,0.0017,0.0039,PASS,10,111.4,116.5
3584,5888,128,hk_128x128x64,130.8,0.0413,0.0418,0.0407,0.0016,0.0039,PASS,10,116.6,112.2
3584,5888,128,hk_256x256x64,132.9,0.0407,0.0415,0.0397,0.0021,0.0039,PASS,10,116.6,114.0
3584,5888,2048,hk_128x128x64,333.5,0.2592,0.2567,0.2503,0.0054,0.0156,PASS,10,456.4,73.1
3584,5888,2048,hk_256x256x64,343.7,0.2515,0.2512,0.2472,0.0030,0.0156,PASS,10,456.4,75.3
3584,6144,128,hk_128x128x64,138.3,0.0408,0.0411,0.0401,0.0013,0.0039,PASS,10,131.2,105.4
3584,6144,128,hk_256x256x64,136.9,0.0412,0.0411,0.0404,0.0006,0.0039,PASS,10,131.2,104.4
3584,6272,64,hk_128x128x64,88.2,0.0326,0.0329,0.0318,0.0010,0.0020,PASS,10,40.7,216.5
3584,6272,128,hk_128x128x64,142.0,0.0405,0.0409,0.0392,0.0017,0.0039,PASS,10,76.3,186.0
3584,6272,8192,hk_128x128x64,355.6,1.0357,1.0310,1.0055,0.0166,0.0312,PASS,10,531.9,66.8
3584,6400,4096,hk_128x128x64,380.9,0.4934,0.4902,0.4768,0.0070,0.0156,PASS,10,537.8,70.8
3584,6400,4096,hk_256x256x64,391.9,0.4794,0.4793,0.4754,0.0039,0.0156,PASS,10,537.8,72.9
3584,6656,64,hk_128x128x64,90.5,0.0338,0.0338,0.0332,0.0005,0.0020,PASS,10,62.3,145.1
3584,6656,64,hk_256x256x64,92.0,0.0332,0.0333,0.0326,0.0008,0.0020,PASS,10,62.3,147.6
3584,6656,1024,hk_128x128x64,349.2,0.1399,0.1404,0.1389,0.0015,0.0078,PASS,10,393.2,88.8
3584,6656,1024,hk_256x256x64,342.1,0.1428,0.1430,0.1419,0.0009,0.0078,PASS,10,393.2,87.0
3584,6656,2048,hk_128x128x64,372.3,0.2624,0.2626,0.2563,0.0035,0.0156,PASS,10,506.5,73.5
3584,6656,2048,hk_256x256x64,378.6,0.2581,0.2585,0.2570,0.0016,0.0156,PASS,10,506.5,74.7
3584,6784,128,hk_128x128x64,146.0,0.0426,0.0432,0.0423,0.0018,0.0039,PASS,10,78.6,185.7
3584,6784,4096,hk_128x128x64,390.9,0.5096,0.5084,0.4953,0.0058,0.0156,PASS,10,486.2,80.4
3584,6912,128,hk_128x128x64,144.9,0.0438,0.0437,0.0432,0.0003,0.0039,PASS,10,119.4,121.3
3584,6912,128,hk_256x256x64,151.4,0.0419,0.0424,0.0414,0.0013,0.0039,PASS,10,119.4,126.8
3584,6912,4096,hk_128x128x64,383.9,0.5286,0.5255,0.4977,0.0231,0.0156,PASS,10,511.5,75.0
3584,6912,4096,hk_256x256x64,431.5,0.4703,0.4709,0.4664,0.0033,0.0156,PASS,10,511.5,84.3
3584,7040,128,hk_128x128x64,140.5,0.0460,0.0458,0.0448,0.0006,0.0039,PASS,10,116.7,120.3
3584,7040,256,hk_128x128x64,210.3,0.0614,0.0615,0.0602,0.0013,0.0039,PASS,10,185.8,113.2
3584,7040,8192,hk_128x128x64,357.1,1.1577,1.1622,1.1120,0.0385,0.0312,PASS,10,550.2,64.9
3584,7168,512,hk_128x128x64,262.0,0.1004,0.1005,0.0990,0.0013,0.0078,PASS,10,325.8,80.4
3584,7168,512,hk_256x256x64,312.0,0.0843,0.0850,0.0831,0.0026,0.0078,PASS,10,325.8,95.8
3584,7296,1024,hk_128x128x64,336.0,0.1594,0.1598,0.1575,0.0018,0.0078,PASS,10,338.9,99.1
3584,7424,64,hk_128x128x64,87.9,0.0387,0.0387,0.0379,0.0004,0.0020,PASS,10,69.4,126.7
3584,7424,64,hk_256x256x64,98.1,0.0347,0.0351,0.0342,0.0015,0.0020,PASS,10,69.4,141.3
3584,7424,128,hk_128x128x64,140.5,0.0485,0.0488,0.0477,0.0016,0.0039,PASS,10,123.4,113.9
3584,7424,128,hk_256x256x64,162.7,0.0419,0.0422,0.0407,0.0016,0.0039,PASS,10,123.4,131.9
3584,7424,256,hk_128x128x64,212.1,0.0642,0.0642,0.0635,0.0003,0.0039,PASS,10,200.1,106.0
3584,7424,256,hk_256x256x64,232.7,0.0585,0.0586,0.0577,0.0006,0.0039,PASS,10,200.1,116.3
3584,7424,512,hk_128x128x64,276.5,0.0985,0.0986,0.0974,0.0013,0.0078,PASS,10,292.7,94.5
3584,7424,512,hk_256x256x64,309.3,0.0881,0.0878,0.0864,0.0011,0.0078,PASS,10,292.7,105.7
3584,7552,512,hk_128x128x64,280.1,0.0989,0.0989,0.0972,0.0010,0.0078,PASS,10,271.4,103.2
3584,7552,2048,hk_128x128x64,349.9,0.3168,0.3143,0.3052,0.0042,0.0156,PASS,10,438.8,79.8
3584,7552,8192,hk_128x128x64,369.1,1.2013,1.1988,1.1684,0.0286,0.0312,PASS,10,519.5,71.1
3584,7680,8192,hk_128x128x64,373.9,1.2061,1.2101,1.1789,0.0334,0.0312,PASS,10,529.5,70.6
3584,7680,8192,hk_256x256x64,467.5,0.9647,0.9569,0.9075,0.0375,0.0312,PASS,10,529.5,88.3
3584,8064,128,hk_128x128x64,149.2,0.0496,0.0500,0.0486,0.0019,0.0039,PASS,10,108.6,137.4
3584,8064,256,hk_128x128x64,228.5,0.0647,0.0653,0.0643,0.0015,0.0039,PASS,10,186.5,122.5
3584,8064,8192,hk_128x128x64,385.8,1.2274,1.2257,1.1863,0.0269,0.0312,PASS,10,528.6,73.0
3584,8192,512,hk_128x128x64,302.1,0.0995,0.0998,0.0959,0.0024,0.0078,PASS,10,342.9,88.1
3584,8192,512,hk_256x256x64,342.6,0.0878,0.0880,0.0866,0.0012,0.0078,PASS,10,342.9,99.9
3648,3840,1536,hk_192x192x64,319.0,0.1349,0.1351,0.1336,0.0013,0.0156,PASS,10,419.0,76.1
3648,4608,3072,hk_192x192x64,403.5,0.2559,0.2558,0.2531,0.0023,0.0156,PASS,10,522.4,77.2
3648,4992,1536,hk_192x192x64,403.8,0.1386,0.1381,0.1362,0.0010,0.0156,PASS,10,364.2,110.9
3648,4992,6144,hk_192x192x64,443.8,0.5042,0.5045,0.4947,0.0062,0.0312,PASS,10,530.1,83.7
3648,5568,1536,hk_192x192x64,444.7,0.1403,0.1402,0.1391,0.0007,0.0156,PASS,10,377.0,117.9
3648,5760,192,hk_192x192x64,211.2,0.0382,0.0380,0.0367,0.0007,0.0039,PASS,10,139.9,151.0
3648,5760,1536,hk_192x192x64,457.9,0.1410,0.1407,0.1382,0.0010,0.0156,PASS,10,362.1,126.5
3648,5952,768,hk_192x192x64,384.4,0.0868,0.0863,0.0841,0.0015,0.0078,PASS,10,264.6,145.3
3712,3712,8192,hk_128x128x64,364.4,0.6195,0.6197,0.6127,0.0045,0.0312,PASS,10,484.4,75.2
3712,3840,128,hk_128x128x64,130.4,0.0280,0.0285,0.0268,0.0021,0.0039,PASS,10,87.4,149.1
3712,3840,2048,hk_128x128x64,365.3,0.1598,0.1606,0.1556,0.0036,0.0156,PASS,10,413.6,88.3
3712,3968,256,hk_128x128x64,203.1,0.0371,0.0372,0.0368,0.0003,0.0039,PASS,10,152.7,133.0
3712,3968,1024,hk_128x128x64,343.6,0.0878,0.0880,0.0865,0.0012,0.0078,PASS,10,294.0,116.8
3712,4096,128,hk_128x128x64,122.0,0.0319,0.0318,0.0311,0.0006,0.0039,PASS,10,92.8,131.4
3712,4096,8192,hk_128x128x64,324.2,0.7684,0.7661,0.7500,0.0079,0.0312,PASS,10,513.5,63.1
3712,4224,1024,hk_128x128x64,281.8,0.1139,0.1136,0.1109,0.0020,0.0078,PASS,10,278.8,101.1
3712,4352,8192,hk_128x128x64,336.4,0.7867,0.7833,0.7626,0.0110,0.0312,PASS,10,535.3,62.8
3712,4480,8192,hk_128x128x64,338.6,0.8047,0.8043,0.7885,0.0086,0.0312,PASS,10,516.6,65.6
3712,4608,512,hk_128x128x64,258.1,0.0679,0.0679,0.0665,0.0008,0.0078,PASS,10,291.6,88.5
3712,4864,64,hk_128x128x64,79.8,0.0289,0.0288,0.0274,0.0015,0.0020,PASS,10,69.5,114.8
3712,4864,4096,hk_128x128x64,366.5,0.4035,0.4003,0.3894,0.0063,0.0156,PASS,10,512.0,71.6
3712,4992,128,hk_128x128x64,129.6,0.0366,0.0363,0.0349,0.0010,0.0039,PASS,10,87.5,148.1
3712,5120,1024,hk_128x128x64,344.3,0.1131,0.1131,0.1120,0.0007,0.0078,PASS,10,409.1,84.1
3712,5120,2048,hk_128x128x64,361.2,0.2155,0.2147,0.2121,0.0023,0.0156,PASS,10,526.3,68.6
3712,5120,4096,hk_128x128x64,392.7,0.3965,0.3984,0.3865,0.0085,0.0156,PASS,10,539.1,72.8
3712,5120,8192,hk_128x128x64,380.8,0.8178,0.8281,0.8096,0.0283,0.0312,PASS,10,557.8,68.3
3712,5376,64,hk_128x128x64,86.2,0.0296,0.0296,0.0291,0.0002,0.0020,PASS,10,54.6,157.8
3712,5632,64,hk_128x128x64,81.6,0.0328,0.0332,0.0321,0.0016,0.0039,PASS,10,65.6,124.4
3712,5632,1024,hk_128x128x64,312.3,0.1371,0.1369,0.1344,0.0018,0.0078,PASS,10,376.0,83.0
3712,5632,8192,hk_128x128x64,352.4,0.9720,0.9772,0.9399,0.0344,0.0312,PASS,10,553.6,63.7
3712,5760,8192,hk_128x128x64,359.6,0.9741,0.9857,0.9536,0.0292,0.0312,PASS,10,504.4,71.3
3712,5888,2048,hk_128x128x64,376.7,0.2376,0.2389,0.2348,0.0040,0.0156,PASS,10,480.2,78.5
3712,6016,256,hk_128x128x64,202.8,0.0564,0.0560,0.0542,0.0012,0.0039,PASS,10,130.3,155.6
3712,6016,512,hk_128x128x64,271.1,0.0844,0.0841,0.0817,0.0012,0.0078,PASS,10,215.3,125.9
3712,6016,4096,hk_128x128x64,361.9,0.5055,0.5064,0.4966,0.0079,0.0156,PASS,10,488.5,74.1
3712,6144,4096,hk_128x128x64,386.7,0.4832,0.4838,0.4699,0.0096,0.0156,PASS,10,510.5,75.8
3712,6272,256,hk_128x128x64,217.2,0.0549,0.0551,0.0541,0.0012,0.0039,PASS,10,124.7,174.1
3712,6272,1024,hk_128x128x64,343.6,0.1388,0.1391,0.1370,0.0015,0.0078,PASS,10,307.3,111.8
3712,6400,256,hk_128x128x64,216.1,0.0563,0.0566,0.0548,0.0022,0.0039,PASS,10,189.0,114.3
3712,6400,4096,hk_128x128x64,397.7,0.4894,0.4897,0.4768,0.0077,0.0156,PASS,10,496.8,80.0
3712,6528,2048,hk_128x128x64,382.2,0.2597,0.2580,0.2460,0.0042,0.0156,PASS,10,447.4,85.4
3712,6656,1024,hk_128x128x64,368.7,0.1372,0.1390,0.1356,0.0042,0.0078,PASS,10,404.8,91.1
3712,6784,2048,hk_128x128x64,357.7,0.2884,0.2876,0.2798,0.0036,0.0156,PASS,10,418.9,85.4
3712,6784,8192,hk_128x128x64,349.6,1.1803,1.1832,1.1313,0.0322,0.0312,PASS,10,508.0,68.8
3712,7040,512,hk_128x128x64,276.0,0.0969,0.0972,0.0946,0.0018,0.0078,PASS,10,246.1,112.2
3712,7040,2048,hk_128x128x64,370.9,0.2886,0.2892,0.2778,0.0051,0.0156,PASS,10,446.0,83.2
3712,7040,8192,hk_128x128x64,355.1,1.2057,1.2020,1.1412,0.0372,0.0312,PASS,10,516.0,68.8
3712,7168,2048,hk_128x128x64,383.6,0.2841,0.2867,0.2821,0.0048,0.0156,PASS,10,496.2,77.3
3712,7296,128,hk_128x128x64,142.3,0.0487,0.0484,0.0475,0.0007,0.0039,PASS,10,121.4,117.2
3712,7296,512,hk_128x128x64,279.7,0.0991,0.0990,0.0979,0.0008,0.0078,PASS,10,280.7,99.6
3712,7424,64,hk_128x128x64,87.2,0.0405,0.0409,0.0397,0.0014,0.0020,PASS,10,72.5,120.3
3712,7424,128,hk_128x128x64,142.8,0.0494,0.0492,0.0486,0.0004,0.0039,PASS,10,132.1,108.1
3712,7424,8192,hk_128x128x64,372.0,1.2138,1.2161,1.1770,0.0262,0.0312,PASS,10,534.1,69.7
3712,7552,1024,hk_128x128x64,349.4,0.1643,0.1647,0.1631,0.0020,0.0078,PASS,10,370.1,94.4
3712,7808,64,hk_128x128x64,93.2,0.0398,0.0398,0.0391,0.0006,0.0020,PASS,10,65.1,143.1
3712,7808,128,hk_128x128x64,149.2,0.0497,0.0500,0.0482,0.0013,0.0039,PASS,10,115.5,129.2
3712,7936,128,hk_128x128x64,151.9,0.0496,0.0498,0.0489,0.0005,0.0039,PASS,10,147.5,103.0
3712,7936,8192,hk_128x128x64,391.8,1.2318,1.2304,1.1855,0.0263,0.0312,PASS,10,534.1,73.4
3712,8064,512,hk_128x128x64,276.3,0.1109,0.1111,0.1052,0.0043,0.0078,PASS,10,224.5,123.1
3712,8192,128,hk_128x128x64,146.7,0.0531,0.0535,0.0522,0.0015,0.0039,PASS,10,135.5,108.2
3712,8192,256,hk_128x128x64,217.2,0.0717,0.0713,0.0698,0.0007,0.0039,PASS,10,229.2,94.7
3712,8192,1024,hk_128x128x64,333.0,0.1870,0.1856,0.1793,0.0032,0.0078,PASS,10,419.0,79.5
3840,3840,384,hk_128x128x64,240.8,0.0470,0.0474,0.0463,0.0014,0.0078,PASS,10,232.7,103.5
3840,3840,384,hk_192x192x64,251.1,0.0451,0.0457,0.0449,0.0013,0.0078,PASS,10,232.7,107.9
3840,3840,384,hk_256x256x64,279.1,0.0406,0.0407,0.0391,0.0009,0.0078,PASS,10,232.7,120.0
3840,3968,4096,hk_128x128x64,342.5,0.3644,0.3637,0.3568,0.0037,0.0156,PASS,10,452.1,75.8
3840,4032,64,hk_192x192x64,79.7,0.0249,0.0248,0.0241,0.0005,0.0020,PASS,10,30.9,258.2
3840,4096,512,hk_128x128x64,241.4,0.0667,0.0667,0.0658,0.0006,0.0078,PASS,10,273.8,88.2
3840,4096,512,hk_256x256x64,317.6,0.0507,0.0508,0.0491,0.0016,0.0078,PASS,10,273.8,116.0
3840,4096,2048,hk_128x128x64,328.6,0.1961,0.1958,0.1934,0.0018,0.0156,PASS,10,470.0,69.9
3840,4096,2048,hk_256x256x64,492.0,0.1309,0.1306,0.1285,0.0013,0.0156,PASS,10,470.0,104.7
3840,4224,2048,hk_128x128x64,324.4,0.2048,0.2020,0.1940,0.0044,0.0156,PASS,10,390.2,83.1
3840,4224,2048,hk_192x192x64,408.0,0.1629,0.1634,0.1610,0.0022,0.0156,PASS,10,390.2,104.6
3840,4352,2048,hk_128x128x64,331.5,0.2065,0.2069,0.2005,0.0034,0.0156,PASS,10,463.1,71.6
3840,4352,2048,hk_256x256x64,491.3,0.1393,0.1391,0.1311,0.0040,0.0156,PASS,10,463.1,106.1
3840,4416,192,hk_192x192x64,199.3,0.0327,0.0334,0.0321,0.0020,0.0039,PASS,10,89.1,223.7
3840,4480,4096,hk_128x128x64,355.8,0.3961,0.3960,0.3862,0.0063,0.0156,PASS,10,464.9,76.5
3840,4608,256,hk_128x128x64,187.8,0.0482,0.0479,0.0469,0.0009,0.0039,PASS,10,183.3,102.5
3840,4608,256,hk_192x192x64,227.8,0.0398,0.0399,0.0386,0.0012,0.0039,PASS,10,183.3,124.3
3840,4608,256,hk_256x256x64,251.6,0.0360,0.0365,0.0352,0.0019,0.0039,PASS,10,183.3,137.3
3840,4608,1024,hk_128x128x64,323.2,0.1121,0.1130,0.1111,0.0027,0.0078,PASS,10,405.5,79.7
3840,4608,1024,hk_192x192x64,380.7,0.0952,0.0952,0.0943,0.0006,0.0078,PASS,10,405.5,93.9
3840,4608,1024,hk_256x256x64,447.7,0.0809,0.0810,0.0799,0.0010,0.0078,PASS,10,405.5,110.4
3840,4608,8192,hk_128x128x64,345.8,0.8385,0.8353,0.8137,0.0120,0.0312,PASS,10,545.3,63.4
3840,4608,8192,hk_192x192x64,458.2,0.6327,0.6348,0.6137,0.0206,0.0312,PASS,10,545.3,84.0
3840,4608,8192,hk_256x256x64,534.4,0.5425,0.5514,0.5291,0.0229,0.0312,PASS,10,545.3,98.0
3840,4736,64,hk_128x128x64,83.1,0.0280,0.0282,0.0272,0.0014,0.0020,PASS,10,35.1,236.5
3840,4800,1536,hk_192x192x64,411.2,0.1377,0.1377,0.1354,0.0017,0.0156,PASS,10,367.1,112.0
3840,5184,192,hk_192x192x64,207.5,0.0368,0.0368,0.0358,0.0006,0.0039,PASS,10,97.4,213.1
3840,5184,3072,hk_192x192x64,454.0,0.2694,0.2711,0.2507,0.0161,0.0156,PASS,10,441.1,102.9
3840,5248,4096,hk_128x128x64,369.2,0.4471,0.4471,0.4343,0.0083,0.0156,PASS,10,482.8,76.5
3840,5376,64,hk_128x128x64,82.7,0.0320,0.0325,0.0309,0.0020,0.0020,PASS,10,65.8,125.7
3840,5376,64,hk_192x192x64,99.4,0.0266,0.0268,0.0252,0.0012,0.0020,PASS,10,65.8,151.1
3840,5376,64,hk_256x256x64,82.9,0.0319,0.0328,0.0316,0.0020,0.0020,PASS,10,65.8,126.0
3840,5376,128,hk_128x128x64,132.1,0.0400,0.0399,0.0394,0.0003,0.0039,PASS,10,124.2,106.3
3840,5376,128,hk_192x192x64,164.6,0.0321,0.0326,0.0311,0.0018,0.0039,PASS,10,124.2,132.5
3840,5376,128,hk_256x256x64,129.2,0.0409,0.0411,0.0393,0.0016,0.0039,PASS,10,124.2,104.0
3840,5376,1536,hk_128x128x64,309.5,0.2049,0.2050,0.2003,0.0024,0.0156,PASS,10,435.8,71.0
3840,5376,1536,hk_192x192x64,438.7,0.1446,0.1436,0.1398,0.0035,0.0156,PASS,10,435.8,100.7
3840,5376,1536,hk_256x256x64,328.3,0.1932,0.1946,0.1918,0.0029,0.0156,PASS,10,435.8,75.3
3840,5376,3072,hk_128x128x64,319.2,0.3974,0.3976,0.3901,0.0047,0.0156,PASS,10,513.2,62.2
3840,5376,3072,hk_192x192x64,454.3,0.2792,0.2770,0.2592,0.0088,0.0156,PASS,10,513.2,88.5
3840,5376,3072,hk_256x256x64,357.7,0.3546,0.3547,0.3521,0.0018,0.0156,PASS,10,513.2,69.7
3840,5376,4096,hk_128x128x64,373.4,0.4529,0.4500,0.4394,0.0066,0.0156,PASS,10,514.8,72.5
3840,5376,4096,hk_192x192x64,506.5,0.3339,0.3274,0.3004,0.0107,0.0156,PASS,10,514.8,98.4
3840,5376,4096,hk_256x256x64,369.1,0.4582,0.4608,0.4547,0.0064,0.0156,PASS,10,514.8,71.7
3840,5504,256,hk_128x128x64,202.0,0.0536,0.0536,0.0531,0.0004,0.0039,PASS,10,125.3,161.2
3840,5504,4096,hk_128x128x64,367.0,0.4718,0.4696,0.4564,0.0069,0.0156,PASS,10,490.7,74.8
3840,5568,384,hk_192x192x64,301.6,0.0544,0.0546,0.0536,0.0009,0.0078,PASS,10,164.6,183.2
3840,5632,512,hk_128x128x64,266.3,0.0832,0.0833,0.0811,0.0021,0.0078,PASS,10,318.7,83.6
3840,5632,512,hk_256x256x64,258.7,0.0856,0.0850,0.0832,0.0012,0.0078,PASS,10,318.7,81.2
3840,5632,1024,hk_128x128x64,322.6,0.1373,0.1368,0.1344,0.0011,0.0078,PASS,10,414.1,77.9
3840,5632,1024,hk_256x256x64,315.1,0.1406,0.1410,0.1392,0.0016,0.0078,PASS,10,414.1,76.1
3840,5760,64,hk_128x128x64,86.5,0.0327,0.0331,0.0320,0.0013,0.0020,PASS,10,38.4,225.1
3840,5760,64,hk_192x192x64,103.1,0.0275,0.0276,0.0268,0.0009,0.0020,PASS,10,38.4,268.2
3840,5760,192,hk_128x128x64,176.1,0.0482,0.0487,0.0473,0.0016,0.0039,PASS,10,104.8,168.1
3840,5760,192,hk_192x192x64,214.6,0.0396,0.0398,0.0388,0.0012,0.0039,PASS,10,104.8,204.9
3840,5760,1024,hk_128x128x64,325.6,0.1391,0.1403,0.1370,0.0033,0.0078,PASS,10,314.7,103.5
3840,5760,1024,hk_192x192x64,430.4,0.1052,0.1050,0.1038,0.0006,0.0078,PASS,10,314.7,136.8
3840,5760,1536,hk_128x128x64,315.8,0.2151,0.2145,0.2061,0.0033,0.0156,PASS,10,377.5,83.7
3840,5760,1536,hk_192x192x64,475.4,0.1429,0.1435,0.1425,0.0016,0.0156,PASS,10,377.5,125.9
3840,5760,4096,hk_128x128x64,383.7,0.4722,0.4723,0.4604,0.0072,0.0156,PASS,10,463.3,82.8
3840,5760,4096,hk_192x192x64,526.8,0.3440,0.3496,0.3229,0.0160,0.0156,PASS,10,463.3,113.7
3840,5888,8192,hk_128x128x64,361.4,1.0250,1.0203,0.9951,0.0217,0.0312,PASS,10,509.9,70.9
3840,5888,8192,hk_256x256x64,406.3,0.9117,0.9171,0.9082,0.0149,0.0312,PASS,10,509.9,79.7
3840,5952,1536,hk_192x192x64,333.9,0.2103,0.2104,0.2086,0.0019,0.0156,PASS,10,374.9,89.1
3840,5952,3072,hk_192x192x64,358.8,0.3914,0.3898,0.3831,0.0036,0.0156,PASS,10,469.4,76.4
3840,6016,4096,hk_128x128x64,393.7,0.4807,0.4876,0.4743,0.0178,0.0156,PASS,10,545.1,72.2
3840,6144,512,hk_128x128x64,291.8,0.0828,0.0829,0.0823,0.0006,0.0078,PASS,10,326.3,89.4
3840,6144,512,hk_192x192x64,300.5,0.0804,0.0801,0.0791,0.0005,0.0078,PASS,10,326.3,92.1
3840,6144,512,hk_256x256x64,288.5,0.0838,0.0843,0.0831,0.0015,0.0078,PASS,10,326.3,88.4
3840,6144,2048,hk_128x128x64,370.5,0.2608,0.2598,0.2529,0.0036,0.0156,PASS,10,550.1,67.4
3840,6144,2048,hk_192x192x64,406.1,0.2379,0.2378,0.2359,0.0013,0.0156,PASS,10,550.1,73.8
3840,6144,2048,hk_256x256x64,390.0,0.2478,0.2480,0.2464,0.0014,0.0156,PASS,10,550.1,70.9
3840,6272,8192,hk_128x128x64,373.1,1.0577,1.0600,1.0317,0.0227,0.0312,PASS,10,506.7,73.6
3840,6400,128,hk_128x128x64,144.9,0.0434,0.0438,0.0419,0.0017,0.0039,PASS,10,137.5,105.4
3840,6400,128,hk_256x256x64,153.1,0.0411,0.0416,0.0400,0.0018,0.0039,PASS,10,137.5,111.3
3840,6528,2048,hk_128x128x64,336.9,0.3047,0.3001,0.2861,0.0085,0.0156,PASS,10,426.4,79.0
3840,6528,2048,hk_192x192x64,417.3,0.2460,0.2457,0.2437,0.0012,0.0156,PASS,10,426.4,97.9
3840,6528,8192,hk_128x128x64,349.4,1.1756,1.1748,1.0976,0.0426,0.0312,PASS,10,515.0,67.8
3840,6528,8192,hk_192x192x64,460.3,0.8922,0.8988,0.8821,0.0189,0.0312,PASS,10,515.0,89.4
3840,6656,64,hk_128x128x64,88.3,0.0370,0.0375,0.0363,0.0017,0.0020,PASS,10,61.3,144.0
3840,6656,64,hk_256x256x64,101.2,0.0323,0.0326,0.0308,0.0020,0.0020,PASS,10,61.3,165.1
3840,6656,128,hk_128x128x64,141.4,0.0463,0.0470,0.0456,0.0018,0.0039,PASS,10,122.2,115.7
3840,6656,128,hk_256x256x64,158.8,0.0412,0.0414,0.0401,0.0016,0.0039,PASS,10,122.2,129.9
3840,6784,4096,hk_128x128x64,354.4,0.6022,0.6077,0.5875,0.0212,0.0156,PASS,10,480.6,73.7
3840,7296,4096,hk_128x128x64,378.2,0.6069,0.6117,0.5764,0.0227,0.0156,PASS,10,463.0,81.7
3840,7296,4096,hk_192x192x64,464.3,0.4943,0.4911,0.4618,0.0156,0.0156,PASS,10,463.0,100.3
3840,7296,8192,hk_128x128x64,374.2,1.2267,1.2264,1.1897,0.0260,0.0312,PASS,10,524.0,71.4
3840,7296,8192,hk_192x192x64,467.8,0.9812,0.9734,0.9240,0.0416,0.0312,PASS,10,524.0,89.3
3840,7424,128,hk_128x128x64,148.2,0.0492,0.0495,0.0486,0.0011,0.0039,PASS,10,140.1,105.8
3840,7424,128,hk_256x256x64,170.6,0.0428,0.0434,0.0417,0.0016,0.0039,PASS,10,140.1,121.7
3840,7424,256,hk_128x128x64,219.7,0.0664,0.0668,0.0652,0.0017,0.0039,PASS,10,224.2,98.0
3840,7424,256,hk_256x256x64,242.1,0.0603,0.0608,0.0582,0.0021,0.0039,PASS,10,224.2,108.0
3840,7424,2048,hk_128x128x64,362.0,0.3225,0.3198,0.3086,0.0055,0.0156,PASS,10,477.1,75.9
3840,7424,2048,hk_256x256x64,432.8,0.2698,0.2693,0.2672,0.0013,0.0156,PASS,10,477.1,90.7
3840,7424,4096,hk_128x128x64,381.2,0.6127,0.6094,0.5586,0.0354,0.0156,PASS,10,519.5,73.4
3840,7424,4096,hk_256x256x64,464.6,0.5027,0.5062,0.4963,0.0085,0.0156,PASS,10,519.5,89.4
3840,7552,64,hk_128x128x64,90.3,0.0411,0.0407,0.0397,0.0006,0.0020,PASS,10,61.0,148.1
3840,7552,128,hk_128x128x64,148.5,0.0500,0.0498,0.0492,0.0004,0.0039,PASS,10,116.3,127.7
3840,7680,256,hk_128x128x64,220.5,0.0685,0.0687,0.0674,0.0009,0.0039,PASS,10,232.3,94.9
3840,7680,256,hk_192x192x64,252.1,0.0599,0.0598,0.0593,0.0003,0.0039,PASS,10,232.3,108.5
3840,7680,256,hk_256x256x64,252.3,0.0599,0.0599,0.0590,0.0005,0.0039,PASS,10,232.3,108.6
3840,7808,2048,hk_128x128x64,340.9,0.3603,0.3571,0.3433,0.0080,0.0156,PASS,10,435.7,78.2
3840,8064,64,hk_128x128x64,91.4,0.0434,0.0436,0.0417,0.0020,0.0039,PASS,10,46.8,195.3
3840,8064,64,hk_192x192x64,109.4,0.0362,0.0362,0.0354,0.0003,0.0039,PASS,10,46.8,233.7
3840,8064,128,hk_128x128x64,147.6,0.0537,0.0538,0.0525,0.0008,0.0039,PASS,10,94.2,156.6
3840,8064,128,hk_192x192x64,172.1,0.0461,0.0462,0.0444,0.0015,0.0039,PASS,10,94.2,182.6
3840,8064,512,hk_128x128x64,287.9,0.1101,0.1104,0.1094,0.0008,0.0078,PASS,10,222.1,129.6
3840,8064,512,hk_192x192x64,350.7,0.0904,0.0902,0.0894,0.0005,0.0078,PASS,10,222.1,157.9
3840,8064,1024,hk_128x128x64,330.0,0.1922,0.1919,0.1852,0.0058,0.0078,PASS,10,375.7,87.8
3840,8064,1024,hk_192x192x64,433.0,0.1465,0.1460,0.1443,0.0009,0.0078,PASS,10,375.7,115.2
3840,8192,128,hk_128x128x64,142.1,0.0567,0.0567,0.0552,0.0013,0.0039,PASS,10,126.7,112.1
3840,8192,128,hk_256x256x64,175.4,0.0459,0.0457,0.0444,0.0007,0.0039,PASS,10,126.7,138.4
3840,8192,256,hk_128x128x64,220.1,0.0732,0.0730,0.0720,0.0007,0.0039,PASS,10,217.4,101.3
3840,8192,256,hk_256x256x64,256.0,0.0629,0.0630,0.0623,0.0005,0.0039,PASS,10,217.4,117.8
3968,3968,2048,hk_128x128x64,333.2,0.1935,0.1936,0.1919,0.0011,0.0156,PASS,10,410.1,81.3
3968,4096,64,hk_128x128x64,74.9,0.0278,0.0278,0.0271,0.0004,0.0020,PASS,10,51.4,145.7
3968,4352,512,hk_128x128x64,260.1,0.0680,0.0678,0.0667,0.0009,0.0078,PASS,10,277.7,93.6
3968,4608,256,hk_128x128x64,205.0,0.0457,0.0458,0.0453,0.0007,0.0039,PASS,10,197.0,104.0
3968,4608,1024,hk_128x128x64,327.5,0.1143,0.1147,0.1127,0.0016,0.0078,PASS,10,395.8,82.7
3968,4736,1024,hk_128x128x64,339.2,0.1135,0.1135,0.1119,0.0012,0.0078,PASS,10,310.5,109.3
3968,4736,2048,hk_128x128x64,350.7,0.2195,0.2167,0.2052,0.0053,0.0156,PASS,10,418.4,83.8
3968,4736,4096,hk_128x128x64,387.3,0.3975,0.4013,0.3875,0.0112,0.0156,PASS,10,441.8,87.7
3968,4864,128,hk_128x128x64,138.9,0.0356,0.0356,0.0348,0.0008,0.0039,PASS,10,125.6,110.6
3968,4864,512,hk_128x128x64,283.0,0.0698,0.0705,0.0692,0.0014,0.0078,PASS,10,293.6,96.4
3968,4864,8192,hk_128x128x64,382.1,0.8275,0.8373,0.8166,0.0231,0.0312,PASS,10,553.8,69.0
3968,4992,512,hk_128x128x64,272.3,0.0745,0.0747,0.0730,0.0014,0.0078,PASS,10,246.1,110.7
3968,4992,4096,hk_128x128x64,402.0,0.4036,0.4010,0.3844,0.0070,0.0156,PASS,10,511.7,78.6
3968,5120,4096,hk_128x128x64,366.8,0.4537,0.4503,0.4404,0.0083,0.0156,PASS,10,564.8,64.9
3968,5248,256,hk_128x128x64,197.9,0.0539,0.0543,0.0534,0.0012,0.0039,PASS,10,126.5,156.4
3968,5376,64,hk_128x128x64,83.8,0.0326,0.0329,0.0317,0.0016,0.0020,PASS,10,61.2,136.8
3968,5376,4096,hk_128x128x64,360.9,0.4842,0.4814,0.4671,0.0094,0.0156,PASS,10,524.6,68.8
3968,5504,4096,hk_128x128x64,349.3,0.5121,0.5144,0.4890,0.0189,0.0156,PASS,10,458.5,76.2
3968,5632,512,hk_128x128x64,277.2,0.0826,0.0827,0.0820,0.0004,0.0078,PASS,10,291.4,95.1
3968,5888,64,hk_128x128x64,90.3,0.0331,0.0338,0.0330,0.0016,0.0020,PASS,10,59.4,152.1
3968,5888,256,hk_128x128x64,211.9,0.0564,0.0568,0.0561,0.0014,0.0039,PASS,10,183.0,115.8
3968,5888,2048,hk_128x128x64,362.2,0.2642,0.2629,0.2531,0.0053,0.0156,PASS,10,491.7,73.7
3968,6144,512,hk_128x128x64,295.4,0.0845,0.0849,0.0836,0.0013,0.0078,PASS,10,303.3,97.4
3968,6272,64,hk_128x128x64,92.5,0.0344,0.0349,0.0334,0.0017,0.0020,PASS,10,39.3,235.2
3968,6272,512,hk_128x128x64,291.0,0.0876,0.0874,0.0863,0.0006,0.0078,PASS,10,218.7,133.1
3968,6272,2048,hk_128x128x64,360.8,0.2825,0.2769,0.2617,0.0094,0.0156,PASS,10,418.1,86.3
3968,6272,4096,hk_128x128x64,397.6,0.5128,0.5241,0.4813,0.0342,0.0156,PASS,10,471.6,84.3
3968,6528,128,hk_128x128x64,141.0,0.0470,0.0475,0.0456,0.0019,0.0039,PASS,10,112.0,125.9
3968,6656,64,hk_128x128x64,87.1,0.0388,0.0395,0.0384,0.0015,0.0020,PASS,10,70.5,123.6
3968,6784,256,hk_128x128x64,212.7,0.0648,0.0654,0.0642,0.0020,0.0039,PASS,10,194.0,109.7
3968,6912,128,hk_128x128x64,141.0,0.0498,0.0502,0.0491,0.0018,0.0039,PASS,10,130.3,108.2
3968,7040,512,hk_128x128x64,286.7,0.0998,0.0997,0.0984,0.0007,0.0078,PASS,10,269.2,106.5
3968,7168,2048,hk_128x128x64,364.2,0.3199,0.3185,0.3124,0.0041,0.0156,PASS,10,489.5,74.4
3968,7296,512,hk_128x128x64,278.8,0.1063,0.1063,0.1048,0.0008,0.0078,PASS,10,262.0,106.4
3968,7296,2048,hk_128x128x64,369.3,0.3211,0.3211,0.3169,0.0030,0.0156,PASS,10,439.9,84.0
3968,7296,8192,hk_128x128x64,377.8,1.2555,1.2573,1.2231,0.0267,0.0312,PASS,10,509.0,74.2
3968,7424,8192,hk_128x128x64,385.5,1.2519,1.2516,1.2229,0.0213,0.0312,PASS,10,525.6,73.4
3968,7552,128,hk_128x128x64,144.4,0.0531,0.0531,0.0518,0.0010,0.0039,PASS,10,90.7,159.2
3968,7680,64,hk_128x128x64,89.9,0.0434,0.0436,0.0421,0.0014,0.0020,PASS,10,74.1,121.3
3968,7680,1024,hk_128x128x64,335.2,0.1862,0.1859,0.1833,0.0014,0.0078,PASS,10,393.3,85.2
3968,7808,1024,hk_128x128x64,337.0,0.1883,0.1889,0.1843,0.0037,0.0078,PASS,10,320.2,105.3
3968,7808,8192,hk_128x128x64,368.5,1.3776,1.3817,1.3477,0.0216,0.0312,PASS,10,516.5,71.3
3968,8064,64,hk_128x128x64,93.0,0.0441,0.0447,0.0429,0.0019,0.0020,PASS,10,66.0,140.8
3968,8064,128,hk_128x128x64,147.9,0.0554,0.0557,0.0541,0.0016,0.0039,PASS,10,124.4,119.0
3968,8064,256,hk_128x128x64,223.3,0.0734,0.0738,0.0730,0.0010,0.0039,PASS,10,198.8,112.3
4032,4416,192,hk_192x192x64,194.7,0.0351,0.0356,0.0335,0.0019,0.0039,PASS,10,125.2,155.5
4032,4608,3072,hk_192x192x64,437.4,0.2610,0.2606,0.2565,0.0023,0.0156,PASS,10,525.8,83.2
4032,4800,768,hk_192x192x64,358.4,0.0830,0.0829,0.0821,0.0007,0.0078,PASS,10,266.4,134.5
4032,4992,64,hk_192x192x64,97.8,0.0263,0.0260,0.0251,0.0005,0.0020,PASS,10,54.3,180.1
4032,4992,384,hk_192x192x64,288.6,0.0536,0.0537,0.0526,0.0008,0.0078,PASS,10,213.0,135.5
4032,4992,768,hk_192x192x64,365.8,0.0845,0.0844,0.0834,0.0007,0.0078,PASS,10,266.8,137.1
4032,4992,3072,hk_192x192x64,448.2,0.2759,0.2740,0.2483,0.0162,0.0156,PASS,10,467.5,95.9
4032,5184,768,hk_192x192x64,372.5,0.0862,0.0862,0.0843,0.0009,0.0078,PASS,10,263.4,141.4
4032,5376,64,hk_192x192x64,101.9,0.0272,0.0271,0.0261,0.0004,0.0020,PASS,10,58.8,173.2
4032,5376,384,hk_192x192x64,301.3,0.0552,0.0555,0.0547,0.0010,0.0078,PASS,10,233.8,128.9
4032,5568,384,hk_192x192x64,259.2,0.0665,0.0664,0.0653,0.0008,0.0078,PASS,10,176.5,146.9
4032,5760,64,hk_192x192x64,93.1,0.0319,0.0319,0.0308,0.0006,0.0020,PASS,10,41.4,225.1
4032,6144,64,hk_192x192x64,96.9,0.0327,0.0327,0.0324,0.0002,0.0020,PASS,10,68.2,142.2
4032,6144,768,hk_192x192x64,333.4,0.1141,0.1143,0.1133,0.0009,0.0078,PASS,10,348.2,95.8
4032,6144,6144,hk_192x192x64,445.4,0.6834,0.6852,0.6771,0.0078,0.0312,PASS,10,549.9,81.0
4096,4096,8192,hk_128x128x64,354.7,0.7749,0.7771,0.7701,0.0089,0.0312,PASS,10,558.8,63.5
4096,4096,8192,hk_256x256x64,580.9,0.4732,0.4770,0.4626,0.0156,0.0312,PASS,10,558.8,103.9
4096,4224,4096,hk_128x128x64,387.5,0.3658,0.3650,0.3531,0.0067,0.0156,PASS,10,497.9,77.8
4096,4480,128,hk_128x128x64,134.2,0.0350,0.0381,0.0345,0.0084,0.0039,PASS,10,89.0,150.7
4096,4608,64,hk_128x128x64,85.5,0.0283,0.0283,0.0271,0.0016,0.0020,PASS,10,73.4,116.5
4096,4608,64,hk_256x256x64,108.4,0.0223,0.0228,0.0216,0.0017,0.0020,PASS,10,73.4,147.7
4096,4736,1024,hk_128x128x64,333.9,0.1190,0.1185,0.1147,0.0032,0.0078,PASS,10,297.4,112.3
4096,5120,128,hk_128x128x64,130.6,0.0411,0.0411,0.0401,0.0006,0.0039,PASS,10,116.7,111.9
4096,5120,128,hk_256x256x64,131.8,0.0407,0.0407,0.0401,0.0003,0.0039,PASS,10,116.7,112.9
4096,5120,256,hk_128x128x64,200.2,0.0536,0.0541,0.0526,0.0016,0.0039,PASS,10,184.1,108.7
4096,5120,256,hk_256x256x64,193.7,0.0554,0.0555,0.0549,0.0006,0.0039,PASS,10,184.1,105.2
4096,5248,512,hk_128x128x64,266.4,0.0826,0.0829,0.0817,0.0010,0.0078,PASS,10,202.1,131.8
4096,5376,8192,hk_128x128x64,362.3,0.9957,1.0055,0.9732,0.0271,0.0312,PASS,10,545.0,66.5
4096,5376,8192,hk_256x256x64,398.5,0.9053,0.9089,0.8998,0.0132,0.0312,PASS,10,545.0,73.1
4096,5504,4096,hk_128x128x64,395.0,0.4675,0.4680,0.4548,0.0082,0.0156,PASS,10,538.3,73.4
4096,5632,128,hk_128x128x64,139.9,0.0422,0.0425,0.0413,0.0016,0.0039,PASS,10,109.7,127.5
4096,5632,128,hk_256x256x64,144.8,0.0408,0.0417,0.0398,0.0023,0.0039,PASS,10,109.7,132.1
4096,5632,1024,hk_128x128x64,327.9,0.1441,0.1427,0.1374,0.0030,0.0078,PASS,10,389.8,84.1
4096,5632,1024,hk_256x256x64,335.2,0.1410,0.1410,0.1394,0.0012,0.0078,PASS,10,389.8,86.0
4096,5760,4096,hk_128x128x64,397.1,0.4867,0.4893,0.4786,0.0081,0.0156,PASS,10,476.0,83.4
4096,5888,128,hk_128x128x64,144.9,0.0426,0.0429,0.0421,0.0010,0.0039,PASS,10,106.9,135.6
4096,5888,128,hk_256x256x64,151.0,0.0409,0.0413,0.0404,0.0012,0.0039,PASS,10,106.9,141.3
4096,6016,8192,hk_128x128x64,378.2,1.0676,1.0757,1.0430,0.0323,0.0312,PASS,10,519.3,72.8
4096,6144,256,hk_128x128x64,214.1,0.0602,0.0603,0.0587,0.0015,0.0039,PASS,10,184.4,116.1
4096,6144,256,hk_256x256x64,229.1,0.0562,0.0568,0.0555,0.0017,0.0039,PASS,10,184.4,124.2
4096,6144,4096,hk_128x128x64,376.5,0.5476,0.5461,0.5251,0.0095,0.0156,PASS,10,505.4,74.5
4096,6144,4096,hk_256x256x64,435.9,0.4729,0.4732,0.4672,0.0039,0.0156,PASS,10,505.4,86.3
4096,6272,1024,hk_128x128x64,327.5,0.1606,0.1603,0.1560,0.0026,0.0078,PASS,10,321.4,101.9
4096,6400,256,hk_128x128x64,211.3,0.0635,0.0633,0.0616,0.0009,0.0039,PASS,10,200.2,105.6
4096,6400,256,hk_256x256x64,237.3,0.0566,0.0565,0.0558,0.0005,0.0039,PASS,10,200.2,118.5
4096,6400,2048,hk_128x128x64,348.8,0.3079,0.3059,0.3005,0.0030,0.0156,PASS,10,498.5,70.0
4096,6400,2048,hk_256x256x64,402.9,0.2665,0.2650,0.2619,0.0022,0.0156,PASS,10,498.5,80.8
4096,6528,64,hk_128x128x64,89.2,0.0384,0.0383,0.0374,0.0007,0.0020,PASS,10,61.2,145.7
4096,6528,2048,hk_128x128x64,352.6,0.3106,0.3107,0.3007,0.0062,0.0156,PASS,10,448.5,78.6
4096,6912,256,hk_128x128x64,207.7,0.0698,0.0694,0.0676,0.0017,0.0039,PASS,10,219.4,94.7
4096,6912,256,hk_256x256x64,241.0,0.0601,0.0597,0.0583,0.0009,0.0039,PASS,10,219.4,109.9
4096,6912,4096,hk_128x128x64,371.4,0.6244,0.6303,0.6086,0.0186,0.0156,PASS,10,492.7,75.4
4096,6912,4096,hk_256x256x64,451.3,0.5139,0.5094,0.4998,0.0074,0.0156,PASS,10,492.7,91.6
4096,7168,2048,hk_128x128x64,354.6,0.3391,0.3383,0.3298,0.0055,0.0156,PASS,10,451.3,78.6
4096,7168,2048,hk_256x256x64,428.9,0.2804,0.2812,0.2757,0.0042,0.0156,PASS,10,451.3,95.0
4096,7296,256,hk_128x128x64,229.1,0.0668,0.0668,0.0660,0.0005,0.0039,PASS,10,182.8,125.3
4096,7424,64,hk_128x128x64,86.7,0.0449,0.0446,0.0435,0.0006,0.0020,PASS,10,84.4,102.7
4096,7424,64,hk_256x256x64,113.4,0.0343,0.0346,0.0340,0.0005,0.0020,PASS,10,84.4,134.3
4096,7424,256,hk_128x128x64,217.1,0.0717,0.0723,0.0710,0.0016,0.0039,PASS,10,226.4,95.9
4096,7424,256,hk_256x256x64,255.7,0.0609,0.0615,0.0601,0.0018,0.0039,PASS,10,226.4,112.9
4096,7552,128,hk_128x128x64,145.6,0.0544,0.0550,0.0537,0.0017,0.0039,PASS,10,102.4,142.1
4096,7680,512,hk_128x128x64,285.8,0.1127,0.1127,0.1107,0.0016,0.0078,PASS,10,316.7,90.3
4096,7680,512,hk_256x256x64,356.0,0.0905,0.0912,0.0896,0.0017,0.0078,PASS,10,316.7,112.4
4096,7808,256,hk_128x128x64,220.1,0.0744,0.0743,0.0727,0.0011,0.0039,PASS,10,198.7,110.7
4096,7808,1024,hk_128x128x64,334.6,0.1958,0.1944,0.1860,0.0055,0.0078,PASS,10,320.3,104.5
4096,7936,128,hk_128x128x64,149.2,0.0558,0.0557,0.0549,0.0005,0.0039,PASS,10,135.0,110.6
4096,7936,128,hk_256x256x64,181.4,0.0459,0.0459,0.0445,0.0007,0.0039,PASS,10,135.0,134.4
4096,7936,2048,hk_128x128x64,355.0,0.3750,0.3746,0.3708,0.0023,0.0156,PASS,10,490.8,72.3
4096,7936,2048,hk_256x256x64,485.2,0.2744,0.2751,0.2721,0.0028,0.0156,PASS,10,490.8,98.9
4096,7936,4096,hk_128x128x64,388.5,0.6855,0.6904,0.6529,0.0333,0.0156,PASS,10,533.1,72.9
4096,7936,4096,hk_256x256x64,504.4,0.5279,0.5267,0.5080,0.0130,0.0156,PASS,10,533.1,94.6
4096,8064,1024,hk_128x128x64,357.5,0.1892,0.1891,0.1850,0.0028,0.0078,PASS,10,387.4,92.3
4224,4224,512,hk_128x128x64,276.0,0.0662,0.0661,0.0649,0.0006,0.0078,PASS,10,242.0,114.1
4224,4224,512,hk_192x192x64,312.1,0.0585,0.0583,0.0565,0.0012,0.0078,PASS,10,242.0,129.0
4224,4352,256,hk_128x128x64,205.6,0.0458,0.0463,0.0448,0.0015,0.0039,PASS,10,197.6,104.0
4224,4352,2048,hk_128x128x64,343.4,0.2193,0.2163,0.2021,0.0062,0.0156,PASS,10,460.8,74.5
4224,4416,1536,hk_192x192x64,417.5,0.1372,0.1372,0.1355,0.0010,0.0156,PASS,10,346.7,120.4
4224,4480,2048,hk_128x128x64,364.8,0.2124,0.2132,0.2071,0.0041,0.0156,PASS,10,401.4,90.9
4224,4608,192,hk_128x128x64,173.7,0.0430,0.0431,0.0418,0.0010,0.0039,PASS,10,136.0,127.8
4224,4608,192,hk_192x192x64,204.9,0.0365,0.0375,0.0361,0.0025,0.0039,PASS,10,136.0,150.7
4224,4608,2048,hk_128x128x64,356.2,0.2238,0.2245,0.2220,0.0027,0.0156,PASS,10,489.7,72.7
4224,4608,2048,hk_192x192x64,474.6,0.1680,0.1677,0.1635,0.0036,0.0156,PASS,10,489.7,96.9
4224,4608,8192,hk_128x128x64,377.4,0.8451,0.8553,0.8320,0.0301,0.0312,PASS,10,543.5,69.4
4224,4608,8192,hk_192x192x64,476.0,0.6699,0.6675,0.6529,0.0077,0.0312,PASS,10,543.5,87.6
4224,4736,128,hk_128x128x64,135.0,0.0379,0.0380,0.0372,0.0009,0.0039,PASS,10,66.3,203.6
4224,4800,768,hk_192x192x64,375.3,0.0830,0.0832,0.0816,0.0014,0.0078,PASS,10,264.9,141.6
4224,4800,6144,hk_192x192x64,468.0,0.5324,0.5328,0.5203,0.0084,0.0312,PASS,10,477.5,98.0
4224,4864,128,hk_128x128x64,128.0,0.0411,0.0410,0.0405,0.0003,0.0039,PASS,10,101.4,126.2
4224,4864,1024,hk_128x128x64,309.7,0.1359,0.1359,0.1335,0.0013,0.0078,PASS,10,377.8,82.0
4224,5120,64,hk_128x128x64,85.8,0.0323,0.0322,0.0318,0.0004,0.0020,PASS,10,60.1,142.7
4224,5120,128,hk_128x128x64,132.8,0.0417,0.0419,0.0401,0.0019,0.0039,PASS,10,111.2,119.4
4224,5120,4096,hk_128x128x64,381.4,0.4645,0.4645,0.4474,0.0108,0.0156,PASS,10,505.4,75.5
4224,5248,8192,hk_128x128x64,364.6,0.9963,1.0074,0.9873,0.0250,0.0312,PASS,10,483.2,75.4
4224,5376,1024,hk_128x128x64,333.1,0.1396,0.1387,0.1354,0.0021,0.0078,PASS,10,376.1,88.6
4224,5376,1024,hk_192x192x64,336.8,0.1381,0.1379,0.1343,0.0020,0.0078,PASS,10,376.1,89.5
4224,5376,1536,hk_128x128x64,316.9,0.2201,0.2196,0.2137,0.0032,0.0156,PASS,10,398.5,79.5
4224,5376,1536,hk_192x192x64,352.1,0.1981,0.1984,0.1966,0.0012,0.0156,PASS,10,398.5,88.3
4224,5568,192,hk_192x192x64,194.2,0.0465,0.0465,0.0457,0.0005,0.0039,PASS,10,102.5,189.5
4224,5632,64,hk_128x128x64,90.3,0.0337,0.0336,0.0327,0.0006,0.0020,PASS,10,79.0,114.4
4224,5632,2048,hk_128x128x64,358.3,0.2720,0.2673,0.2561,0.0063,0.0156,PASS,10,445.3,80.5
4224,5760,128,hk_128x128x64,146.1,0.0426,0.0431,0.0421,0.0017,0.0039,PASS,10,69.2,211.2
4224,5760,128,hk_192x192x64,152.9,0.0407,0.0409,0.0394,0.0013,0.0039,PASS,10,69.2,221.0
4224,5760,256,hk_128x128x64,213.8,0.0583,0.0580,0.0560,0.0016,0.0039,PASS,10,134.0,159.5
4224,5760,256,hk_192x192x64,228.5,0.0545,0.0550,0.0539,0.0016,0.0039,PASS,10,134.0,170.4
4224,5760,3072,hk_128x128x64,341.4,0.4378,0.4377,0.4330,0.0036,0.0156,PASS,10,453.3,75.3
4224,5760,3072,hk_192x192x64,412.2,0.3626,0.3617,0.3525,0.0047,0.0156,PASS,10,453.3,90.9
4224,5760,6144,hk_128x128x64,348.2,0.8587,0.8711,0.8448,0.0339,0.0312,PASS,10,504.4,69.0
4224,5760,6144,hk_192x192x64,435.6,0.6863,0.6900,0.6767,0.0128,0.0312,PASS,10,504.4,86.4
4224,5760,8192,hk_128x128x64,372.1,1.0712,1.0655,1.0273,0.0253,0.0312,PASS,10,499.3,74.5
4224,5760,8192,hk_192x192x64,447.0,0.8918,0.8964,0.8696,0.0237,0.0312,PASS,10,499.3,89.5
4224,5888,128,hk_128x128x64,145.0,0.0439,0.0442,0.0424,0.0016,0.0039,PASS,10,137.3,105.7
4224,5888,4096,hk_128x128x64,394.1,0.5170,0.5158,0.4977,0.0093,0.0156,PASS,10,499.7,78.9
4224,5952,768,hk_192x192x64,336.1,0.1149,0.1153,0.1136,0.0020,0.0078,PASS,10,279.3,120.3
4224,6144,192,hk_128x128x64,183.4,0.0543,0.0547,0.0540,0.0007,0.0039,PASS,10,188.0,97.6
4224,6144,192,hk_192x192x64,209.2,0.0476,0.0480,0.0471,0.0012,0.0039,PASS,10,188.0,111.3
4224,6400,128,hk_128x128x64,142.4,0.0486,0.0487,0.0476,0.0012,0.0039,PASS,10,140.3,101.5
4224,6400,2048,hk_128x128x64,350.7,0.3157,0.3160,0.3021,0.0058,0.0156,PASS,10,474.5,73.9
4224,6784,8192,hk_128x128x64,373.8,1.2561,1.2560,1.2052,0.0281,0.0312,PASS,10,506.5,73.8
4224,7040,8192,hk_128x128x64,385.0,1.2654,1.2658,1.2324,0.0194,0.0312,PASS,10,527.1,73.1
4224,7296,256,hk_128x128x64,207.1,0.0762,0.0768,0.0753,0.0027,0.0039,PASS,10,185.1,111.9
4224,7296,256,hk_192x192x64,257.4,0.0613,0.0614,0.0585,0.0021,0.0039,PASS,10,185.1,139.0
4224,7424,1024,hk_128x128x64,333.7,0.1924,0.1914,0.1847,0.0035,0.0078,PASS,10,413.1,80.8
4224,7552,2048,hk_128x128x64,359.7,0.3633,0.3609,0.3373,0.0148,0.0156,PASS,10,426.7,84.3
4224,7680,256,hk_128x128x64,208.0,0.0799,0.0794,0.0766,0.0013,0.0039,PASS,10,209.4,99.3
4224,7680,256,hk_192x192x64,261.5,0.0635,0.0640,0.0629,0.0012,0.0039,PASS,10,209.4,124.9
4224,7680,512,hk_128x128x64,288.8,0.1150,0.1148,0.1132,0.0012,0.0078,PASS,10,318.9,90.6
4224,7680,512,hk_192x192x64,360.4,0.0922,0.0925,0.0915,0.0012,0.0078,PASS,10,318.9,113.0
4224,7808,512,hk_128x128x64,294.9,0.1145,0.1143,0.1127,0.0011,0.0078,PASS,10,255.2,115.6
4224,7936,2048,hk_128x128x64,358.8,0.3827,0.3854,0.3666,0.0106,0.0156,PASS,10,473.5,75.8
4352,4352,512,hk_128x128x64,258.0,0.0752,0.0749,0.0724,0.0020,0.0078,PASS,10,292.3,88.3
4352,4352,512,hk_256x256x64,356.5,0.0544,0.0546,0.0537,0.0008,0.0078,PASS,10,292.3,122.0
4352,4352,1024,hk_128x128x64,331.1,0.1172,0.1175,0.1163,0.0014,0.0078,PASS,10,404.8,81.8
4352,4352,1024,hk_256x256x64,467.6,0.0830,0.0832,0.0825,0.0007,0.0078,PASS,10,404.8,115.5
4352,4352,2048,hk_128x128x64,379.7,0.2043,0.2029,0.1963,0.0034,0.0156,PASS,10,461.5,82.3
4352,4352,2048,hk_256x256x64,537.9,0.1442,0.1432,0.1397,0.0023,0.0156,PASS,10,461.5,116.6
4352,4480,64,hk_128x128x64,86.9,0.0287,0.0289,0.0277,0.0017,0.0039,PASS,10,36.5,238.4
4352,4608,128,hk_128x128x64,131.6,0.0390,0.0390,0.0385,0.0004,0.0039,PASS,10,123.5,106.6
4352,4608,128,hk_256x256x64,130.9,0.0392,0.0392,0.0383,0.0005,0.0039,PASS,10,123.5,106.0
4352,4608,2048,hk_128x128x64,337.0,0.2438,0.2436,0.2392,0.0034,0.0156,PASS,10,499.2,67.5
4352,4608,2048,hk_256x256x64,327.9,0.2505,0.2497,0.2447,0.0029,0.0156,PASS,10,499.2,65.7
4352,4992,128,hk_128x128x64,136.9,0.0406,0.0405,0.0398,0.0004,0.0039,PASS,10,74.4,184.1
4352,4992,1024,hk_128x128x64,320.7,0.1388,0.1386,0.1353,0.0016,0.0078,PASS,10,286.5,111.9
4352,5120,512,hk_128x128x64,273.0,0.0836,0.0837,0.0831,0.0005,0.0078,PASS,10,284.4,96.0
4352,5120,512,hk_256x256x64,270.9,0.0842,0.0840,0.0830,0.0007,0.0078,PASS,10,284.4,95.2
4352,5120,1024,hk_128x128x64,329.1,0.1387,0.1389,0.1362,0.0021,0.0078,PASS,10,392.9,83.8
4352,5120,1024,hk_256x256x64,327.5,0.1393,0.1387,0.1366,0.0017,0.0078,PASS,10,392.9,83.4
4352,5248,4096,hk_128x128x64,388.1,0.4821,0.4857,0.4775,0.0073,0.0156,PASS,10,457.2,84.9
4352,5504,64,hk_128x128x64,90.7,0.0338,0.0344,0.0330,0.0015,0.0020,PASS,10,36.0,252.2
4352,5632,512,hk_128x128x64,291.3,0.0862,0.0864,0.0850,0.0011,0.0078,PASS,10,269.3,108.2
4352,5632,512,hk_256x256x64,289.7,0.0866,0.0868,0.0849,0.0017,0.0078,PASS,10,269.3,107.6
4352,5632,2048,hk_128x128x64,355.4,0.2824,0.2803,0.2596,0.0135,0.0156,PASS,10,465.0,76.4
4352,5632,2048,hk_256x256x64,403.4,0.2489,0.2493,0.2468,0.0017,0.0156,PASS,10,465.0,86.7
4352,6144,256,hk_128x128x64,214.5,0.0638,0.0643,0.0624,0.0020,0.0039,PASS,10,205.0,104.6
4352,6144,256,hk_256x256x64,232.3,0.0589,0.0588,0.0575,0.0006,0.0039,PASS,10,205.0,113.3
4352,6272,1024,hk_128x128x64,341.3,0.1638,0.1637,0.1604,0.0026,0.0078,PASS,10,314.3,108.6
4352,6272,8192,hk_128x128x64,372.4,1.2008,1.2078,1.1714,0.0290,0.0312,PASS,10,527.0,70.7
4352,6400,256,hk_128x128x64,220.8,0.0646,0.0657,0.0639,0.0022,0.0039,PASS,10,197.8,111.6
4352,6400,256,hk_256x256x64,239.5,0.0595,0.0596,0.0579,0.0017,0.0039,PASS,10,197.8,121.1
4352,6528,64,hk_128x128x64,92.9,0.0391,0.0391,0.0381,0.0005,0.0020,PASS,10,67.4,137.9
4352,6528,512,hk_128x128x64,288.4,0.1009,0.1006,0.0990,0.0009,0.0078,PASS,10,274.0,105.2
4352,6656,256,hk_128x128x64,221.8,0.0669,0.0673,0.0660,0.0009,0.0039,PASS,10,239.3,92.7
4352,6656,256,hk_256x256x64,240.7,0.0616,0.0614,0.0601,0.0007,0.0039,PASS,10,239.3,100.6
4352,6656,512,hk_128x128x64,281.4,0.1054,0.1041,0.0991,0.0031,0.0078,PASS,10,319.4,88.1
4352,6656,512,hk_256x256x64,323.8,0.0916,0.0920,0.0901,0.0015,0.0078,PASS,10,319.4,101.4
4352,6656,1024,hk_128x128x64,351.0,0.1690,0.1685,0.1634,0.0023,0.0078,PASS,10,432.3,81.2
4352,6656,1024,hk_256x256x64,394.9,0.1502,0.1506,0.1486,0.0018,0.0078,PASS,10,432.3,91.4
4352,6656,2048,hk_128x128x64,401.3,0.2956,0.2972,0.2934,0.0035,0.0156,PASS,10,491.5,81.7
4352,6656,2048,hk_256x256x64,457.3,0.2594,0.2600,0.2578,0.0024,0.0156,PASS,10,491.5,93.0
4352,6656,8192,hk_128x128x64,370.6,1.2805,1.2715,1.2256,0.0301,0.0312,PASS,10,517.9,71.6
4352,6656,8192,hk_256x256x64,511.4,0.9281,0.9341,0.9119,0.0215,0.0312,PASS,10,517.9,98.7
4352,6784,512,hk_128x128x64,292.7,0.1033,0.1056,0.1014,0.0046,0.0078,PASS,10,239.4,122.3
4352,6912,128,hk_128x128x64,148.6,0.0518,0.0523,0.0516,0.0011,0.0039,PASS,10,129.3,114.9
4352,6912,128,hk_256x256x64,172.1,0.0447,0.0451,0.0437,0.0017,0.0039,PASS,10,129.3,133.2
4352,7040,1024,hk_128x128x64,322.5,0.1946,0.1944,0.1872,0.0052,0.0078,PASS,10,363.4,88.7
4352,7168,64,hk_128x128x64,90.7,0.0440,0.0440,0.0432,0.0006,0.0020,PASS,10,67.2,135.1
4352,7168,64,hk_256x256x64,114.5,0.0349,0.0349,0.0340,0.0005,0.0020,PASS,10,67.2,170.5
4352,7168,128,hk_128x128x64,144.2,0.0554,0.0553,0.0542,0.0006,0.0039,PASS,10,133.4,108.1
4352,7168,128,hk_256x256x64,168.8,0.0473,0.0469,0.0456,0.0009,0.0039,PASS,10,133.4,126.5
4352,7168,4096,hk_128x128x64,369.8,0.6910,0.6988,0.6804,0.0158,0.0156,PASS,10,516.8,71.6
4352,7168,4096,hk_256x256x64,472.9,0.5404,0.5381,0.5108,0.0236,0.0156,PASS,10,516.8,91.5
4352,7296,2048,hk_128x128x64,365.9,0.3555,0.3542,0.3478,0.0053,0.0156,PASS,10,475.7,76.9
4352,7552,64,hk_128x128x64,94.4,0.0445,0.0446,0.0436,0.0008,0.0020,PASS,10,54.6,173.1
4352,7552,512,hk_128x128x64,293.7,0.1146,0.1145,0.1130,0.0008,0.0078,PASS,10,234.5,125.3
4352,7680,2048,hk_128x128x64,356.8,0.3837,0.3861,0.3773,0.0075,0.0156,PASS,10,518.5,68.8
4352,7680,2048,hk_256x256x64,467.9,0.2926,0.2914,0.2718,0.0174,0.0156,PASS,10,518.5,90.2
4352,7680,4096,hk_128x128x64,387.4,0.7068,0.7100,0.6872,0.0164,0.0156,PASS,10,546.7,70.9
4352,7680,4096,hk_256x256x64,521.4,0.5251,0.5273,0.5133,0.0100,0.0156,PASS,10,546.7,95.4
4352,7808,2048,hk_128x128x64,378.4,0.3678,0.3654,0.3571,0.0067,0.0156,PASS,10,466.2,81.2
4352,7808,8192,hk_128x128x64,391.8,1.4210,1.4258,1.3890,0.0309,0.0312,PASS,10,515.7,76.0
4352,7936,512,hk_128x128x64,304.6,0.1161,0.1168,0.1148,0.0017,0.0078,PASS,10,329.6,92.4
4352,7936,512,hk_256x256x64,353.6,0.1000,0.1003,0.0979,0.0021,0.0078,PASS,10,329.6,107.3
4352,8064,128,hk_128x128x64,151.2,0.0594,0.0591,0.0585,0.0004,0.0039,PASS,10,98.0,154.3
4416,4416,384,hk_192x192x64,288.9,0.0518,0.0523,0.0508,0.0020,0.0078,PASS,10,171.1,168.8
4416,4416,768,hk_192x192x64,354.6,0.0845,0.0840,0.0812,0.0016,0.0078,PASS,10,259.8,136.5
4416,5184,1536,hk_192x192x64,360.0,0.1954,0.1954,0.1941,0.0007,0.0156,PASS,10,381.9,94.3
4416,5568,6144,hk_192x192x64,422.7,0.7148,0.7197,0.6976,0.0263,0.0312,PASS,10,480.8,87.9
4416,5952,3072,hk_192x192x64,447.9,0.3605,0.3605,0.3571,0.0024,0.0156,PASS,10,464.0,96.5
4480,4480,64,hk_128x128x64,82.3,0.0312,0.0311,0.0305,0.0004,0.0020,PASS,10,37.0,222.3
4480,4480,1024,hk_128x128x64,296.1,0.1388,0.1391,0.1367,0.0020,0.0078,PASS,10,304.8,97.1
4480,4608,64,hk_128x128x64,75.8,0.0348,0.0349,0.0335,0.0013,0.0020,PASS,10,61.3,123.7
4480,4608,512,hk_128x128x64,257.0,0.0823,0.0824,0.0803,0.0015,0.0078,PASS,10,280.0,91.8
4480,4736,128,hk_128x128x64,132.7,0.0409,0.0408,0.0399,0.0009,0.0039,PASS,10,103.7,128.0
4480,4736,512,hk_128x128x64,263.8,0.0823,0.0826,0.0814,0.0012,0.0078,PASS,10,244.5,107.9
4480,4864,4096,hk_128x128x64,375.0,0.4761,0.4743,0.4554,0.0089,0.0156,PASS,10,501.2,74.8
4480,4992,1024,hk_128x128x64,339.8,0.1348,0.1351,0.1335,0.0010,0.0078,PASS,10,315.0,107.9
4480,4992,8192,hk_128x128x64,346.8,1.0565,1.9477,0.9209,2.7008,0.0312,PASS,10,515.1,67.3
4480,5248,256,hk_128x128x64,212.0,0.0568,0.0575,0.0546,0.0030,0.0039,PASS,10,121.3,174.8
4480,5248,1024,hk_128x128x64,339.0,0.1420,0.1412,0.1374,0.0025,0.0078,PASS,10,296.8,114.2
4480,5248,8192,hk_128x128x64,368.2,1.0460,1.0324,0.9983,0.0223,0.0312,PASS,10,510.7,72.1
4480,5376,1024,hk_128x128x64,353.3,0.1396,0.1396,0.1367,0.0026,0.0078,PASS,10,377.7,93.5
4480,5504,256,hk_128x128x64,206.9,0.0610,0.0608,0.0579,0.0021,0.0039,PASS,10,144.3,143.4
4480,5632,8192,hk_128x128x64,356.2,1.1605,1.1573,1.1199,0.0190,0.0312,PASS,10,517.5,68.8
4480,6016,64,hk_128x128x64,90.9,0.0380,0.0380,0.0368,0.0015,0.0020,PASS,10,63.4,143.3
4480,6272,256,hk_128x128x64,220.8,0.0652,0.0662,0.0637,0.0035,0.0039,PASS,10,183.5,120.3
4480,6272,2048,hk_128x128x64,365.9,0.3146,0.3145,0.2991,0.0071,0.0156,PASS,10,431.0,84.9
4480,6272,4096,hk_128x128x64,394.5,0.5835,0.5795,0.5588,0.0149,0.0156,PASS,10,487.1,81.0
4480,6400,256,hk_128x128x64,225.0,0.0652,0.0663,0.0646,0.0027,0.0039,PASS,10,214.5,104.9
4480,6400,8192,hk_128x128x64,372.1,1.2624,1.2566,1.2206,0.0341,0.0312,PASS,10,538.9,69.1
4480,6656,512,hk_128x128x64,303.8,0.1005,0.1012,0.0995,0.0019,0.0078,PASS,10,311.1,97.6
4480,6784,512,hk_128x128x64,280.2,0.1111,0.1107,0.1083,0.0014,0.0078,PASS,10,283.1,99.0
4480,6784,4096,hk_128x128x64,355.2,0.7010,0.6954,0.6583,0.0181,0.0156,PASS,10,494.9,71.8
4480,6912,256,hk_128x128x64,217.8,0.0728,0.0740,0.0723,0.0025,0.0039,PASS,10,219.3,99.3
4480,7040,512,hk_128x128x64,287.6,0.1123,0.1125,0.1119,0.0006,0.0078,PASS,10,283.1,101.6
4480,7168,1024,hk_128x128x64,321.6,0.2045,0.2050,0.2021,0.0023,0.0078,PASS,10,434.3,74.1
4480,7296,256,hk_128x128x64,224.3,0.0746,0.0750,0.0735,0.0018,0.0039,PASS,10,161.0,139.3
4480,7296,2048,hk_128x128x64,346.8,0.3861,0.3887,0.3658,0.0186,0.0156,PASS,10,430.9,80.5
4480,7424,4096,hk_128x128x64,380.8,0.7156,0.7207,0.6598,0.0446,0.0156,PASS,10,525.2,72.5
4480,7552,4096,hk_128x128x64,390.7,0.7094,0.7093,0.6964,0.0080,0.0156,PASS,10,511.8,76.3
4480,7552,8192,hk_128x128x64,384.1,1.4431,1.4453,1.4114,0.0284,0.0312,PASS,10,508.4,75.6
4480,7680,4096,hk_128x128x64,402.0,0.7012,0.7098,0.6849,0.0253,0.0156,PASS,10,561.2,71.6
4480,7808,1024,hk_128x128x64,326.2,0.2196,0.2197,0.2169,0.0020,0.0078,PASS,10,346.6,94.1
4480,7936,512,hk_128x128x64,291.3,0.1250,0.1249,0.1226,0.0015,0.0078,PASS,10,320.3,91.0
4480,7936,8192,hk_128x128x64,364.3,1.5988,1.5905,1.5146,0.0413,0.0312,PASS,10,525.5,69.3
4480,8064,2048,hk_128x128x64,376.5,0.3931,0.3912,0.3750,0.0134,0.0156,PASS,10,492.9,76.4
4608,4608,1536,hk_128x128x64,292.8,0.2228,0.2223,0.2200,0.0014,0.0156,PASS,10,489.2,59.9
4608,4608,1536,hk_192x192x64,424.6,0.1536,0.1531,0.1500,0.0024,0.0156,PASS,10,489.2,86.8
4608,4608,1536,hk_256x256x64,324.9,0.2007,0.1986,0.1924,0.0036,0.0156,PASS,10,489.2,66.4
4608,4800,64,hk_192x192x64,103.7,0.0273,0.0278,0.0268,0.0015,0.0020,PASS,10,60.3,172.0
4608,4800,192,hk_192x192x64,216.4,0.0393,0.0397,0.0385,0.0016,0.0039,PASS,10,136.8,158.2
4608,4864,64,hk_128x128x64,87.1,0.0330,0.0336,0.0326,0.0018,0.0020,PASS,10,73.6,118.2
4608,4864,64,hk_256x256x64,87.9,0.0326,0.0332,0.0321,0.0018,0.0020,PASS,10,73.6,119.4
4608,4864,8192,hk_128x128x64,366.9,1.0008,1.0105,0.9733,0.0321,0.0312,PASS,10,535.2,68.6
4608,4864,8192,hk_256x256x64,403.1,0.9109,0.9112,0.9081,0.0028,0.0312,PASS,10,535.2,75.3
4608,4992,192,hk_128x128x64,172.4,0.0512,0.0514,0.0500,0.0017,0.0039,PASS,10,108.2,159.3
4608,4992,192,hk_192x192x64,189.4,0.0466,0.0468,0.0455,0.0011,0.0039,PASS,10,108.2,175.1
4608,4992,2048,hk_128x128x64,355.8,0.2648,0.2622,0.2442,0.0066,0.0156,PASS,10,431.8,82.4
4608,4992,2048,hk_192x192x64,384.3,0.2452,0.2451,0.2437,0.0009,0.0156,PASS,10,431.8,89.0
4608,4992,4096,hk_128x128x64,373.3,0.5048,0.5049,0.4777,0.0278,0.0156,PASS,10,481.8,77.5
4608,4992,4096,hk_192x192x64,427.6,0.4407,0.4375,0.4289,0.0055,0.0156,PASS,10,481.8,88.8
4608,5120,4096,hk_128x128x64,397.1,0.4867,0.4886,0.4755,0.0110,0.0156,PASS,10,548.1,72.5
4608,5120,4096,hk_256x256x64,412.4,0.4686,0.4683,0.4662,0.0016,0.0156,PASS,10,548.1,75.2
4608,5184,64,hk_192x192x64,94.9,0.0322,0.0323,0.0313,0.0007,0.0020,PASS,10,40.3,235.2
4608,5504,128,hk_128x128x64,140.2,0.0463,0.0467,0.0457,0.0017,0.0039,PASS,10,95.0,147.6
4608,5504,512,hk_128x128x64,266.7,0.0974,0.0968,0.0953,0.0009,0.0078,PASS,10,247.9,107.6
4608,5568,6144,hk_192x192x64,435.5,0.7240,0.7227,0.6951,0.0137,0.0312,PASS,10,486.0,89.6
4608,5632,64,hk_128x128x64,88.2,0.0376,0.0385,0.0372,0.0019,0.0020,PASS,10,71.1,124.2
4608,5632,64,hk_256x256x64,100.4,0.0331,0.0331,0.0320,0.0005,0.0020,PASS,10,71.1,141.3
4608,5760,192,hk_128x128x64,181.3,0.0562,0.0565,0.0549,0.0014,0.0039,PASS,10,155.5,116.6
4608,5760,192,hk_192x192x64,211.1,0.0483,0.0494,0.0467,0.0025,0.0039,PASS,10,155.5,135.8
4608,5760,2048,hk_128x128x64,360.5,0.3015,0.3001,0.2873,0.0073,0.0156,PASS,10,418.5,86.2
4608,5760,2048,hk_192x192x64,439.6,0.2473,0.2467,0.2448,0.0012,0.0156,PASS,10,418.5,105.1
4608,5952,6144,hk_192x192x64,458.3,0.7354,0.7343,0.7132,0.0141,0.0312,PASS,10,495.9,92.4
4608,6016,128,hk_128x128x64,146.2,0.0486,0.0487,0.0474,0.0014,0.0039,PASS,10,113.1,129.2
4608,6016,256,hk_128x128x64,215.3,0.0659,0.0659,0.0645,0.0011,0.0039,PASS,10,190.0,113.3
4608,6016,512,hk_128x128x64,284.4,0.0998,0.0993,0.0979,0.0008,0.0078,PASS,10,286.8,99.2
4608,6016,2048,hk_128x128x64,357.3,0.3178,0.3154,0.2967,0.0067,0.0156,PASS,10,427.1,83.7
4608,6144,256,hk_128x128x64,201.1,0.0721,0.0723,0.0680,0.0033,0.0039,PASS,10,223.7,89.9
4608,6144,256,hk_192x192x64,246.8,0.0587,0.0586,0.0576,0.0007,0.0039,PASS,10,223.7,110.3
4608,6144,256,hk_256x256x64,228.7,0.0634,0.0627,0.0610,0.0012,0.0039,PASS,10,223.7,102.2
4608,6144,1536,hk_128x128x64,320.7,0.2712,0.2705,0.2657,0.0019,0.0156,PASS,10,485.3,66.1
4608,6144,1536,hk_192x192x64,423.4,0.2054,0.2043,0.1962,0.0046,0.0156,PASS,10,485.3,87.3
4608,6144,1536,hk_256x256x64,416.1,0.2090,0.2094,0.2058,0.0024,0.0156,PASS,10,485.3,85.7
4608,6144,4096,hk_128x128x64,397.4,0.5836,0.5909,0.5794,0.0139,0.0156,PASS,10,516.3,77.0
4608,6144,4096,hk_192x192x64,492.6,0.4708,0.4671,0.4404,0.0139,0.0156,PASS,10,516.3,95.4
4608,6144,4096,hk_256x256x64,485.0,0.4782,0.4783,0.4737,0.0026,0.0156,PASS,10,516.3,93.9
4608,6528,256,hk_128x128x64,225.0,0.0684,0.0688,0.0668,0.0016,0.0039,PASS,10,194.0,116.0
4608,6528,256,hk_192x192x64,257.5,0.0598,0.0604,0.0588,0.0018,0.0039,PASS,10,194.0,132.7
4608,6784,128,hk_128x128x64,145.6,0.0550,0.0560,0.0538,0.0024,0.0039,PASS,10,118.6,122.8
4608,6784,512,hk_128x128x64,282.1,0.1135,0.1130,0.1106,0.0012,0.0078,PASS,10,282.8,99.8
4608,6912,128,hk_128x128x64,145.6,0.0560,0.0563,0.0545,0.0014,0.0039,PASS,10,153.6,94.8
4608,6912,128,hk_192x192x64,175.9,0.0463,0.0464,0.0455,0.0005,0.0039,PASS,10,153.6,114.5
4608,6912,128,hk_256x256x64,180.1,0.0453,0.0454,0.0444,0.0006,0.0039,PASS,10,153.6,117.3
4608,6912,256,hk_128x128x64,217.2,0.0751,0.0754,0.0747,0.0013,0.0039,PASS,10,239.3,90.8
4608,6912,256,hk_192x192x64,258.7,0.0630,0.0628,0.0610,0.0007,0.0039,PASS,10,239.3,108.1
4608,6912,256,hk_256x256x64,253.7,0.0643,0.0641,0.0625,0.0009,0.0039,PASS,10,239.3,106.1
4608,6912,1024,hk_128x128x64,328.6,0.1985,0.1985,0.1960,0.0024,0.0078,PASS,10,417.8,78.7
4608,6912,1024,hk_192x192x64,426.0,0.1531,0.1520,0.1496,0.0018,0.0078,PASS,10,417.8,102.0
4608,6912,1024,hk_256x256x64,406.9,0.1603,0.1595,0.1561,0.0018,0.0078,PASS,10,417.8,97.4
4608,7040,512,hk_128x128x64,265.0,0.1254,0.1244,0.1209,0.0024,0.0078,PASS,10,286.8,92.4
4608,7040,2048,hk_128x128x64,356.1,0.3731,0.3725,0.3607,0.0081,0.0156,PASS,10,430.5,82.7
4608,7040,8192,hk_128x128x64,373.5,1.4230,1.4292,1.3746,0.0437,0.0312,PASS,10,523.3,71.4
4608,7168,256,hk_128x128x64,228.3,0.0741,0.0745,0.0722,0.0020,0.0039,PASS,10,244.5,93.3
4608,7168,256,hk_256x256x64,272.7,0.0620,0.0655,0.0615,0.0105,0.0039,PASS,10,244.5,111.5
4608,7424,64,hk_128x128x64,97.0,0.0451,0.0455,0.0442,0.0013,0.0020,PASS,10,88.4,109.7
4608,7424,64,hk_256x256x64,119.0,0.0368,0.0371,0.0360,0.0014,0.0020,PASS,10,88.4,134.5
4608,7552,64,hk_128x128x64,98.2,0.0453,0.0462,0.0445,0.0020,0.0039,PASS,10,58.3,168.5
4608,7680,64,hk_128x128x64,95.0,0.0477,0.0475,0.0456,0.0018,0.0020,PASS,10,90.8,104.6
4608,7680,64,hk_192x192x64,101.7,0.0445,0.0450,0.0436,0.0018,0.0020,PASS,10,90.8,112.0
4608,7680,64,hk_256x256x64,118.4,0.0382,0.0387,0.0371,0.0016,0.0020,PASS,10,90.8,130.4
4608,7680,1024,hk_128x128x64,337.7,0.2146,0.2135,0.2076,0.0038,0.0078,PASS,10,419.8,80.4
4608,7680,1024,hk_192x192x64,385.5,0.1880,0.1876,0.1849,0.0014,0.0078,PASS,10,419.8,91.8
4608,7680,1024,hk_256x256x64,464.2,0.1561,0.1567,0.1545,0.0017,0.0078,PASS,10,419.8,110.6
4608,7808,1024,hk_128x128x64,328.3,0.2245,0.2233,0.2118,0.0042,0.0078,PASS,10,357.0,91.9
4608,7936,4096,hk_128x128x64,367.9,0.8142,0.8129,0.7854,0.0246,0.0156,PASS,10,508.6,72.3
4608,7936,4096,hk_256x256x64,527.4,0.5681,0.5630,0.5225,0.0193,0.0156,PASS,10,508.6,103.7
4608,8064,256,hk_128x128x64,231.8,0.0821,0.0822,0.0810,0.0012,0.0039,PASS,10,161.7,143.3
4608,8064,256,hk_192x192x64,256.8,0.0741,0.0739,0.0728,0.0005,0.0039,PASS,10,161.7,158.8
4608,8192,64,hk_128x128x64,99.8,0.0484,0.0489,0.0479,0.0014,0.0020,PASS,10,93.4,107.0
4608,8192,64,hk_256x256x64,116.4,0.0415,0.0412,0.0403,0.0004,0.0020,PASS,10,93.4,124.7
4736,4736,64,hk_128x128x64,86.9,0.0330,0.0335,0.0322,0.0018,0.0020,PASS,10,44.1,197.1
4736,4864,2048,hk_128x128x64,355.2,0.2657,0.2669,0.2620,0.0054,0.0156,PASS,10,477.0,74.5
4736,4992,128,hk_128x128x64,144.0,0.0420,0.0421,0.0410,0.0011,0.0039,PASS,10,69.8,206.5
4736,4992,8192,hk_128x128x64,374.0,1.0358,1.0364,1.0177,0.0153,0.0312,PASS,10,517.2,72.3
4736,5120,1024,hk_128x128x64,354.7,0.1400,0.1416,0.1360,0.0053,0.0078,PASS,10,377.9,93.9
4736,5376,64,hk_128x128x64,88.5,0.0368,0.0367,0.0361,0.0005,0.0020,PASS,10,62.6,141.2
4736,5504,64,hk_128x128x64,89.0,0.0375,0.0378,0.0369,0.0013,0.0020,PASS,10,66.0,134.8
4736,5888,4096,hk_128x128x64,389.7,0.5862,0.5844,0.5756,0.0062,0.0156,PASS,10,513.5,75.9
4736,6016,128,hk_128x128x64,145.9,0.0500,0.0500,0.0488,0.0010,0.0039,PASS,10,110.0,132.6
4736,6144,2048,hk_128x128x64,355.3,0.3354,0.3329,0.3122,0.0143,0.0156,PASS,10,462.8,76.8
4736,6272,4096,hk_128x128x64,400.5,0.6076,0.6033,0.5805,0.0168,0.0156,PASS,10,484.7,82.6
4736,6400,512,hk_128x128x64,280.7,0.1106,0.1103,0.1073,0.0022,0.0078,PASS,10,316.1,88.8
4736,6400,1024,hk_128x128x64,339.2,0.1830,0.1829,0.1793,0.0021,0.0078,PASS,10,402.7,84.2
4736,6400,8192,hk_128x128x64,358.6,1.3848,1.3729,1.3103,0.0279,0.0312,PASS,10,523.6,68.5
4736,6912,128,hk_128x128x64,150.5,0.0557,0.0567,0.0549,0.0023,0.0039,PASS,10,133.1,113.0
4736,7040,256,hk_128x128x64,225.2,0.0758,0.0768,0.0743,0.0031,0.0039,PASS,10,172.2,130.8
4736,7168,64,hk_128x128x64,99.3,0.0437,0.0437,0.0426,0.0005,0.0020,PASS,10,87.3,113.8
4736,7168,1024,hk_128x128x64,347.7,0.2000,0.1984,0.1922,0.0031,0.0078,PASS,10,417.9,83.2
4736,7296,1024,hk_128x128x64,351.6,0.2013,0.2018,0.1987,0.0025,0.0078,PASS,10,359.4,97.8
4736,7424,4096,hk_128x128x64,379.0,0.7600,0.7609,0.7261,0.0240,0.0156,PASS,10,511.6,74.1
4736,7552,128,hk_128x128x64,153.4,0.0597,0.0600,0.0587,0.0014,0.0039,PASS,10,121.9,125.9
4736,7552,256,hk_128x128x64,217.3,0.0843,0.0838,0.0810,0.0020,0.0039,PASS,10,197.9,109.8
4736,7552,1024,hk_128x128x64,338.1,0.2166,0.2155,0.2104,0.0025,0.0078,PASS,10,334.7,101.0
4736,7552,4096,hk_128x128x64,383.1,0.7647,0.7690,0.7509,0.0164,0.0156,PASS,10,512.7,74.7
4736,7680,128,hk_128x128x64,154.0,0.0605,0.0615,0.0599,0.0023,0.0039,PASS,10,157.1,98.0
4736,7808,512,hk_128x128x64,306.6,0.1235,0.1237,0.1220,0.0011,0.0078,PASS,10,309.5,99.1
4736,7808,4096,hk_128x128x64,390.2,0.7764,0.7791,0.7606,0.0173,0.0156,PASS,10,517.0,75.5
4736,8192,256,hk_128x128x64,238.5,0.0833,0.0835,0.0819,0.0014,0.0039,PASS,10,251.8,94.8
4800,5184,1536,hk_192x192x64,387.8,0.1971,0.1968,0.1949,0.0010,0.0156,PASS,10,403.4,96.1
4800,5376,1536,hk_192x192x64,396.7,0.1998,0.2002,0.1983,0.0020,0.0156,PASS,10,451.5,87.9
4800,5568,768,hk_192x192x64,347.6,0.1181,0.1180,0.1161,0.0007,0.0078,PASS,10,312.5,111.2
4800,5760,768,hk_192x192x64,360.0,0.1180,0.1179,0.1164,0.0014,0.0078,PASS,10,325.1,110.7
4800,5952,192,hk_192x192x64,220.0,0.0499,0.0527,0.0492,0.0089,0.0039,PASS,10,161.2,136.4
4800,6144,3072,hk_192x192x64,478.8,0.3785,0.3823,0.3653,0.0193,0.0156,PASS,10,485.6,98.6
4864,4864,4096,hk_128x128x64,409.7,0.4731,0.4785,0.4652,0.0114,0.0156,PASS,10,590.3,69.4
4864,4864,4096,hk_256x256x64,422.6,0.4586,0.4595,0.4550,0.0046,0.0156,PASS,10,590.3,71.6
4864,4992,128,hk_128x128x64,140.9,0.0441,0.0439,0.0427,0.0005,0.0039,PASS,10,73.9,190.6
4864,4992,2048,hk_128x128x64,376.4,0.2642,0.2635,0.2566,0.0042,0.0156,PASS,10,413.1,91.1
4864,4992,8192,hk_128x128x64,371.6,1.0705,1.0684,1.0449,0.0205,0.0312,PASS,10,517.3,71.8
4864,5248,128,hk_128x128x64,141.9,0.0461,0.0466,0.0450,0.0017,0.0039,PASS,10,76.3,186.0
4864,5248,512,hk_128x128x64,266.5,0.0981,0.0981,0.0962,0.0018,0.0078,PASS,10,217.3,122.6
4864,5248,8192,hk_128x128x64,360.0,1.1617,1.1721,1.1268,0.0349,0.0312,PASS,10,515.0,69.9
4864,5504,4096,hk_128x128x64,381.4,0.5750,0.5690,0.5445,0.0180,0.0156,PASS,10,500.9,76.1
4864,5760,1024,hk_128x128x64,352.8,0.1626,0.1631,0.1599,0.0028,0.0078,PASS,10,339.7,103.9
4864,6144,2048,hk_128x128x64,404.0,0.3030,0.3080,0.2998,0.0082,0.0156,PASS,10,486.8,83.0
4864,6144,2048,hk_256x256x64,470.1,0.2604,0.2605,0.2579,0.0015,0.0156,PASS,10,486.8,96.6
4864,6272,256,hk_128x128x64,217.4,0.0718,0.0714,0.0698,0.0009,0.0039,PASS,10,187.3,116.1
4864,6272,512,hk_128x128x64,283.3,0.1103,0.1100,0.1084,0.0011,0.0078,PASS,10,276.8,102.4
4864,6400,64,hk_128x128x64,90.4,0.0441,0.0439,0.0429,0.0005,0.0020,PASS,10,73.9,122.3
4864,6400,64,hk_256x256x64,108.6,0.0367,0.0366,0.0355,0.0007,0.0020,PASS,10,73.9,146.9
4864,6528,256,hk_128x128x64,221.3,0.0734,0.0736,0.0720,0.0014,0.0039,PASS,10,188.3,117.5
4864,6912,2048,hk_128x128x64,385.9,0.3569,0.3593,0.3529,0.0057,0.0156,PASS,10,499.4,77.3
4864,6912,2048,hk_256x256x64,515.6,0.2671,0.2675,0.2636,0.0022,0.0156,PASS,10,499.4,103.2
4864,7040,512,hk_128x128x64,305.4,0.1148,0.1167,0.1140,0.0032,0.0078,PASS,10,230.6,132.4
4864,7040,1024,hk_128x128x64,375.8,0.1866,0.1880,0.1856,0.0024,0.0078,PASS,10,373.3,100.7
4864,7424,512,hk_128x128x64,301.8,0.1225,0.1231,0.1212,0.0020,0.0078,PASS,10,337.7,89.4
4864,7424,512,hk_256x256x64,377.2,0.0980,0.0978,0.0966,0.0007,0.0078,PASS,10,337.7,111.7
4864,7680,256,hk_128x128x64,225.7,0.0848,0.0845,0.0834,0.0007,0.0039,PASS,10,254.8,88.6
4864,7680,256,hk_256x256x64,284.1,0.0673,0.0676,0.0664,0.0011,0.0039,PASS,10,254.8,111.5
4864,7680,512,hk_128x128x64,291.9,0.1311,0.1313,0.1295,0.0016,0.0078,PASS,10,337.9,86.4
4864,7680,512,hk_256x256x64,380.1,0.1006,0.1005,0.1001,0.0004,0.0078,PASS,10,337.9,112.5
4864,7680,4096,hk_128x128x64,396.4,0.7720,0.7815,0.7620,0.0241,0.0156,PASS,10,545.0,72.7
4864,7680,4096,hk_256x256x64,578.6,0.5289,0.5342,0.5103,0.0209,0.0156,PASS,10,545.0,106.2
4864,7808,1024,hk_128x128x64,367.0,0.2119,0.2131,0.2103,0.0039,0.0078,PASS,10,327.2,112.2
4864,7808,4096,hk_128x128x64,401.1,0.7757,0.7856,0.7648,0.0241,0.0156,PASS,10,533.5,75.2
4864,7936,128,hk_128x128x64,158.3,0.0624,0.0626,0.0612,0.0015,0.0039,PASS,10,157.6,100.5
4864,7936,128,hk_256x256x64,195.0,0.0507,0.0513,0.0497,0.0018,0.0039,PASS,10,157.6,123.7
4864,7936,512,hk_128x128x64,286.3,0.1381,0.1365,0.1306,0.0038,0.0078,PASS,10,347.1,82.5
4864,7936,512,hk_256x256x64,389.5,0.1015,0.1016,0.1014,0.0003,0.0078,PASS,10,347.1,112.2
4864,8064,128,hk_128x128x64,160.5,0.0625,0.0628,0.0613,0.0018,0.0039,PASS,10,123.8,129.7
4992,4992,6144,hk_128x128x64,324.8,0.9429,0.9575,0.9203,0.0385,0.0312,PASS,10,499.7,65.0
4992,4992,6144,hk_192x192x64,438.1,0.6989,0.7034,0.6883,0.0139,0.0312,PASS,10,499.7,87.7
4992,4992,8192,hk_128x128x64,361.1,1.1308,1.1353,1.1073,0.0198,0.0312,PASS,10,505.2,71.5
4992,4992,8192,hk_192x192x64,445.1,0.9174,0.9166,0.8783,0.0266,0.0312,PASS,10,505.2,88.1
4992,5120,2048,hk_128x128x64,365.5,0.2865,0.2908,0.2828,0.0079,0.0156,PASS,10,509.9,71.7
4992,5184,6144,hk_192x192x64,436.3,0.7289,0.7262,0.7025,0.0166,0.0312,PASS,10,508.7,85.8
4992,5248,256,hk_128x128x64,206.5,0.0649,0.0650,0.0643,0.0007,0.0039,PASS,10,171.7,120.2
4992,5248,512,hk_128x128x64,276.8,0.0969,0.0976,0.0963,0.0017,0.0078,PASS,10,266.1,104.1
4992,5376,512,hk_128x128x64,274.6,0.1001,0.1003,0.0983,0.0021,0.0078,PASS,10,318.1,86.3
4992,5376,512,hk_192x192x64,320.8,0.0857,0.0863,0.0846,0.0021,0.0078,PASS,10,318.1,100.8
4992,5376,1024,hk_128x128x64,335.3,0.1639,0.1641,0.1619,0.0017,0.0078,PASS,10,415.4,80.7
4992,5376,1024,hk_192x192x64,384.9,0.1428,0.1424,0.1406,0.0011,0.0078,PASS,10,415.4,92.6
4992,5376,3072,hk_128x128x64,323.8,0.5092,0.5071,0.4989,0.0059,0.0156,PASS,10,486.3,66.6
4992,5376,3072,hk_192x192x64,428.6,0.3847,0.3839,0.3771,0.0036,0.0156,PASS,10,486.3,88.1
4992,5568,192,hk_192x192x64,202.3,0.0528,0.0536,0.0517,0.0019,0.0039,PASS,10,144.5,140.0
4992,5760,256,hk_128x128x64,223.9,0.0658,0.0656,0.0645,0.0009,0.0039,PASS,10,186.3,120.2
4992,5760,256,hk_192x192x64,246.6,0.0597,0.0597,0.0583,0.0006,0.0039,PASS,10,186.3,132.4
4992,5760,3072,hk_128x128x64,345.3,0.5117,0.5122,0.5065,0.0047,0.0156,PASS,10,455.9,75.7
4992,5760,3072,hk_192x192x64,446.3,0.3959,0.3952,0.3771,0.0117,0.0156,PASS,10,455.9,97.9
4992,5760,6144,hk_128x128x64,336.3,1.0506,1.0406,0.9874,0.0362,0.0312,PASS,10,504.5,66.7
4992,5760,6144,hk_192x192x64,481.9,0.7332,0.7335,0.7079,0.0219,0.0312,PASS,10,504.5,95.5
4992,5888,64,hk_128x128x64,94.3,0.0399,0.0436,0.0396,0.0096,0.0020,PASS,10,69.4,135.9
4992,5952,1536,hk_192x192x64,441.8,0.2066,0.2051,0.1989,0.0035,0.0156,PASS,10,382.3,115.6
4992,5952,3072,hk_192x192x64,439.9,0.4150,0.4095,0.3916,0.0129,0.0156,PASS,10,441.0,99.7
4992,6016,128,hk_128x128x64,150.8,0.0510,0.0515,0.0501,0.0017,0.0039,PASS,10,84.6,178.2
4992,6144,6144,hk_128x128x64,320.0,1.1776,1.1754,1.1587,0.0076,0.0312,PASS,10,523.8,61.1
4992,6144,6144,hk_192x192x64,482.1,0.7818,0.7864,0.7572,0.0220,0.0312,PASS,10,523.8,92.0
4992,6272,128,hk_128x128x64,145.7,0.0550,0.0551,0.0531,0.0019,0.0039,PASS,10,109.6,132.9
4992,6272,8192,hk_128x128x64,366.0,1.4015,1.3970,1.3327,0.0232,0.0312,PASS,10,521.4,70.2
4992,6528,64,hk_128x128x64,93.4,0.0447,0.0449,0.0432,0.0016,0.0020,PASS,10,52.8,177.0
4992,6528,64,hk_192x192x64,109.7,0.0380,0.0386,0.0373,0.0021,0.0020,PASS,10,52.8,208.0
4992,6528,256,hk_128x128x64,222.0,0.0752,0.0756,0.0735,0.0019,0.0039,PASS,10,171.1,129.8
4992,6528,256,hk_192x192x64,259.9,0.0642,0.0644,0.0632,0.0013,0.0039,PASS,10,171.1,152.0
4992,6784,512,hk_128x128x64,297.1,0.1167,0.1165,0.1155,0.0006,0.0078,PASS,10,263.4,112.8
4992,6912,8192,hk_128x128x64,384.3,1.4711,1.4741,1.4363,0.0269,0.0312,PASS,10,521.7,73.7
4992,6912,8192,hk_192x192x64,455.8,1.2404,1.2203,1.1670,0.0344,0.0312,PASS,10,521.7,87.4
4992,7040,512,hk_128x128x64,292.7,0.1230,0.1235,0.1198,0.0026,0.0078,PASS,10,294.3,99.4
4992,7040,1024,hk_128x128x64,329.1,0.2187,0.2183,0.2127,0.0034,0.0078,PASS,10,374.2,88.0
4992,7040,4096,hk_128x128x64,380.9,0.7558,0.7583,0.7361,0.0173,0.0156,PASS,10,550.5,69.2
4992,7040,8192,hk_128x128x64,368.1,1.5641,1.5748,1.5408,0.0307,0.0312,PASS,10,528.9,69.6
4992,7168,8192,hk_128x128x64,370.1,1.5842,1.5776,1.5308,0.0423,0.0312,PASS,10,557.6,66.4
4992,7296,256,hk_128x128x64,224.0,0.0832,0.0838,0.0823,0.0015,0.0039,PASS,10,205.6,109.0
4992,7296,256,hk_192x192x64,258.3,0.0722,0.0726,0.0699,0.0020,0.0039,PASS,10,205.6,125.6
4992,7296,4096,hk_128x128x64,382.4,0.7802,0.7798,0.7485,0.0294,0.0156,PASS,10,521.8,73.3
4992,7296,4096,hk_192x192x64,519.4,0.5745,0.5827,0.5608,0.0205,0.0156,PASS,10,521.8,99.5
4992,7424,64,hk_128x128x64,98.6,0.0481,0.0485,0.0474,0.0012,0.0020,PASS,10,88.6,111.2
4992,7424,128,hk_128x128x64,151.8,0.0625,0.0628,0.0610,0.0018,0.0039,PASS,10,154.9,98.0
4992,7424,256,hk_128x128x64,224.8,0.0844,0.0844,0.0833,0.0006,0.0039,PASS,10,240.5,93.5
4992,7808,512,hk_128x128x64,301.4,0.1324,0.1315,0.1284,0.0018,0.0078,PASS,10,304.6,98.9
4992,7936,1024,hk_128x128x64,346.3,0.2343,0.2325,0.2248,0.0039,0.0078,PASS,10,426.8,81.2
4992,7936,4096,hk_128x128x64,399.7,0.8120,0.8019,0.7783,0.0173,0.0156,PASS,10,529.9,75.4
4992,8064,64,hk_128x128x64,97.8,0.0527,0.0527,0.0514,0.0012,0.0039,PASS,10,50.5,193.6
4992,8064,64,hk_192x192x64,114.2,0.0451,0.0454,0.0440,0.0010,0.0039,PASS,10,50.5,226.1
4992,8192,64,hk_128x128x64,102.7,0.0510,0.0514,0.0501,0.0015,0.0020,PASS,10,80.9,126.9
4992,8192,1024,hk_128x128x64,356.5,0.2349,0.2349,0.2314,0.0014,0.0078,PASS,10,453.8,78.6
4992,8192,2048,hk_128x128x64,373.4,0.4486,0.4507,0.4317,0.0138,0.0156,PASS,10,480.9,77.7
5120,5248,256,hk_128x128x64,214.5,0.0641,0.0640,0.0631,0.0005,0.0039,PASS,10,176.2,121.8
5120,5376,4096,hk_128x128x64,385.2,0.5853,0.5855,0.5599,0.0117,0.0156,PASS,10,514.4,74.9
5120,5376,4096,hk_256x256x64,471.3,0.4784,0.4779,0.4729,0.0026,0.0156,PASS,10,514.4,91.6
5120,5504,256,hk_128x128x64,224.6,0.0642,0.0648,0.0636,0.0016,0.0039,PASS,10,196.0,114.6
5120,5504,512,hk_128x128x64,290.0,0.0995,0.0995,0.0985,0.0007,0.0078,PASS,10,278.1,104.3
5120,5632,8192,hk_128x128x64,375.2,1.2591,1.2570,1.2135,0.0292,0.0312,PASS,10,542.3,69.2
5120,5632,8192,hk_256x256x64,502.8,0.9396,0.9320,0.8948,0.0257,0.0312,PASS,10,542.3,92.7
5120,5760,512,hk_128x128x64,299.0,0.1010,0.1018,0.1000,0.0018,0.0078,PASS,10,278.3,107.5
5120,5888,512,hk_128x128x64,282.7,0.1092,0.1093,0.1079,0.0010,0.0078,PASS,10,297.9,94.9
5120,5888,512,hk_256x256x64,351.7,0.0878,0.0879,0.0871,0.0005,0.0078,PASS,10,297.9,118.1
5120,5888,2048,hk_128x128x64,362.5,0.3406,0.3403,0.3355,0.0031,0.0156,PASS,10,505.3,71.7
5120,5888,2048,hk_256x256x64,471.1,0.2621,0.2632,0.2611,0.0032,0.0156,PASS,10,505.3,93.2
5120,6272,1024,hk_128x128x64,353.3,0.1861,0.1867,0.1829,0.0029,0.0078,PASS,10,337.3,104.7
5120,6528,1024,hk_128x128x64,360.4,0.1899,0.1903,0.1869,0.0027,0.0078,PASS,10,343.1,105.0
5120,6656,64,hk_128x128x64,96.5,0.0452,0.0483,0.0449,0.0092,0.0020,PASS,10,88.0,109.7
5120,6656,64,hk_256x256x64,119.2,0.0366,0.0362,0.0350,0.0008,0.0020,PASS,10,88.0,135.5
5120,6656,1024,hk_128x128x64,342.7,0.2037,0.2022,0.1932,0.0042,0.0078,PASS,10,436.4,78.5
5120,6656,1024,hk_256x256x64,432.7,0.1613,0.1632,0.1572,0.0048,0.0078,PASS,10,436.4,99.2
5120,6784,256,hk_128x128x64,228.9,0.0777,0.0773,0.0754,0.0014,0.0078,PASS,10,159.9,143.1
5120,6784,8192,hk_128x128x64,385.8,1.4751,1.4829,1.4519,0.0228,0.0312,PASS,10,517.8,74.5
5120,6912,64,hk_128x128x64,98.4,0.0460,0.0462,0.0449,0.0013,0.0020,PASS,10,84.1,117.0
5120,6912,64,hk_256x256x64,118.2,0.0383,0.0387,0.0377,0.0015,0.0020,PASS,10,84.1,140.5
5120,6912,256,hk_128x128x64,227.2,0.0797,0.0798,0.0783,0.0008,0.0039,PASS,10,245.2,92.7
5120,6912,256,hk_256x256x64,278.1,0.0652,0.0655,0.0639,0.0013,0.0039,PASS,10,245.2,113.4
5120,7040,512,hk_128x128x64,291.5,0.1266,0.1265,0.1253,0.0010,0.0078,PASS,10,289.2,100.8
5120,7040,4096,hk_128x128x64,389.8,0.7575,0.7654,0.7378,0.0280,0.0156,PASS,10,507.3,76.8
5120,7040,8192,hk_128x128x64,369.4,1.5985,1.5975,1.5681,0.0242,0.0312,PASS,10,544.9,67.8
5120,7168,2048,hk_128x128x64,385.3,0.3901,0.3875,0.3710,0.0072,0.0156,PASS,10,567.8,67.9
5120,7168,2048,hk_256x256x64,550.9,0.2729,0.2731,0.2688,0.0034,0.0156,PASS,10,567.8,97.0
5120,7168,4096,hk_128x128x64,388.8,0.7733,0.7948,0.7535,0.0392,0.0156,PASS,10,542.0,71.7
5120,7168,4096,hk_256x256x64,514.1,0.5848,0.5783,0.5413,0.0194,0.0156,PASS,10,542.0,94.9
5120,7296,64,hk_128x128x64,97.2,0.0492,0.0491,0.0483,0.0005,0.0039,PASS,10,71.6,135.8
5120,7424,128,hk_128x128x64,152.0,0.0640,0.0643,0.0634,0.0011,0.0039,PASS,10,161.5,94.1
5120,7424,128,hk_256x256x64,192.5,0.0506,0.0507,0.0498,0.0013,0.0039,PASS,10,161.5,119.2
5120,7424,2048,hk_128x128x64,348.3,0.4469,0.4504,0.4145,0.0231,0.0156,PASS,10,479.7,72.6
5120,7424,2048,hk_256x256x64,515.2,0.3022,0.2994,0.2709,0.0119,0.0156,PASS,10,479.7,107.4
5120,7552,256,hk_128x128x64,235.5,0.0841,0.0836,0.0821,0.0008,0.0039,PASS,10,233.0,101.1
5120,7552,512,hk_128x128x64,310.9,0.1274,0.1272,0.1254,0.0010,0.0078,PASS,10,321.5,96.7
5120,7552,2048,hk_128x128x64,377.3,0.4198,0.4171,0.4014,0.0112,0.0156,PASS,10,477.3,79.0
5120,7552,4096,hk_128x128x64,403.7,0.7847,0.8006,0.7703,0.0363,0.0156,PASS,10,507.3,79.6
5120,7680,8192,hk_128x128x64,384.9,1.6738,1.6808,1.6380,0.0333,0.0312,PASS,10,555.8,69.2
5120,7680,8192,hk_256x256x64,556.1,1.1585,1.1585,1.1117,0.0392,0.0312,PASS,10,555.8,100.0
5120,7808,8192,hk_128x128x64,375.8,1.7429,1.7502,1.7237,0.0275,0.0312,PASS,10,527.2,71.3
5120,7936,128,hk_128x128x64,157.3,0.0661,0.0661,0.0639,0.0020,0.0039,PASS,10,148.8,105.8
5120,7936,128,hk_256x256x64,168.8,0.0616,0.0622,0.0610,0.0017,0.0039,PASS,10,148.8,113.5
5120,8064,64,hk_128x128x64,98.3,0.0538,0.0538,0.0522,0.0012,0.0020,PASS,10,60.8,161.7
5120,8064,2048,hk_128x128x64,348.5,0.4852,0.4844,0.4647,0.0106,0.0156,PASS,10,479.7,72.7
5120,8192,512,hk_128x128x64,294.2,0.1460,0.1456,0.1424,0.0021,0.0078,PASS,10,339.9,86.6
5120,8192,512,hk_256x256x64,316.6,0.1357,0.1352,0.1316,0.0029,0.0078,PASS,10,339.9,93.1
5184,5184,384,hk_192x192x64,285.4,0.0723,0.0724,0.0713,0.0006,0.0078,PASS,10,243.9,117.0
5184,5376,768,hk_192x192x64,363.9,0.1176,0.1175,0.1164,0.0007,0.0078,PASS,10,386.3,94.2
5184,5376,3072,hk_192x192x64,449.9,0.3806,0.3795,0.3668,0.0059,0.0156,PASS,10,505.8,88.9
5184,5568,192,hk_192x192x64,223.0,0.0497,0.0496,0.0486,0.0004,0.0039,PASS,10,124.6,178.9
5184,5568,384,hk_192x192x64,308.9,0.0718,0.0718,0.0706,0.0006,0.0078,PASS,10,214.3,144.1
5184,5760,6144,hk_192x192x64,481.4,0.7622,0.7631,0.7378,0.0203,0.0312,PASS,10,506.2,95.1
5184,5952,64,hk_192x192x64,107.9,0.0366,0.0372,0.0357,0.0022,0.0020,PASS,10,63.4,170.2
5184,6144,64,hk_192x192x64,111.7,0.0365,0.0370,0.0359,0.0019,0.0020,PASS,10,87.2,128.1
5184,6144,3072,hk_192x192x64,493.4,0.3966,0.3968,0.3911,0.0029,0.0156,PASS,10,495.8,99.5
5248,5248,64,hk_128x128x64,89.0,0.0396,0.0429,0.0385,0.0090,0.0020,PASS,10,55.2,161.3
5248,5376,1024,hk_128x128x64,341.7,0.1691,0.1697,0.1652,0.0028,0.0078,PASS,10,401.0,85.2
5248,5632,512,hk_128x128x64,297.1,0.1019,0.1017,0.1004,0.0007,0.0078,PASS,10,304.9,97.4
5248,5632,8192,hk_128x128x64,380.6,1.2725,1.2737,1.2532,0.0164,0.0312,PASS,10,525.2,72.5
5248,6144,1024,hk_128x128x64,352.6,0.1873,0.1874,0.1853,0.0013,0.0078,PASS,10,430.9,81.8
5248,6144,8192,hk_128x128x64,373.7,1.4137,1.4159,1.3794,0.0325,0.0312,PASS,10,526.8,70.9
5248,6272,64,hk_128x128x64,95.0,0.0443,0.0456,0.0433,0.0027,0.0039,PASS,10,50.2,189.2
5248,6272,128,hk_128x128x64,150.4,0.0560,0.0569,0.0557,0.0019,0.0039,PASS,10,98.5,152.8
5248,6400,4096,hk_128x128x64,395.0,0.6966,0.6934,0.6649,0.0161,0.0156,PASS,10,533.6,74.0
5248,6400,8192,hk_128x128x64,379.5,1.4502,1.4564,1.4240,0.0291,0.0312,PASS,10,539.8,70.3
5248,6656,2048,hk_128x128x64,359.2,0.3983,0.3961,0.3797,0.0062,0.0156,PASS,10,535.2,67.1
5248,6656,8192,hk_128x128x64,366.8,1.5601,1.5688,1.5147,0.0364,0.0312,PASS,10,542.7,67.6
5248,6784,256,hk_128x128x64,210.0,0.0868,0.0873,0.0843,0.0027,0.0039,PASS,10,150.5,139.5
5248,6784,512,hk_128x128x64,285.0,0.1279,0.1291,0.1269,0.0029,0.0078,PASS,10,228.2,124.9
5248,6784,2048,hk_128x128x64,352.9,0.4133,0.4128,0.4034,0.0039,0.0156,PASS,10,423.6,83.3
5248,6912,256,hk_128x128x64,222.2,0.0836,0.0835,0.0825,0.0007,0.0039,PASS,10,220.5,100.8
5248,7040,128,hk_128x128x64,151.8,0.0623,0.0623,0.0609,0.0007,0.0039,PASS,10,121.3,125.2
5248,7168,8192,hk_128x128x64,377.8,1.6315,1.6426,1.6089,0.0289,0.0312,PASS,10,564.5,66.9
5248,7424,512,hk_128x128x64,313.4,0.1273,0.1285,0.1255,0.0035,0.0078,PASS,10,333.6,94.0
5248,7424,1024,hk_128x128x64,368.9,0.2163,0.2155,0.2112,0.0023,0.0078,PASS,10,410.9,89.8
5248,7424,8192,hk_128x128x64,382.4,1.6691,1.6681,1.6350,0.0205,0.0312,PASS,10,540.2,70.8
5248,7680,512,hk_128x128x64,297.2,0.1389,0.1397,0.1360,0.0044,0.0078,PASS,10,342.7,86.7
5248,7936,128,hk_128x128x64,154.2,0.0692,0.0696,0.0683,0.0015,0.0039,PASS,10,152.1,101.4
5248,7936,2048,hk_128x128x64,357.6,0.4770,0.4787,0.4717,0.0061,0.0156,PASS,10,488.9,73.1
5248,8064,64,hk_128x128x64,94.7,0.0572,0.0574,0.0564,0.0008,0.0020,PASS,10,54.8,172.8
5248,8064,256,hk_128x128x64,234.7,0.0923,0.0929,0.0905,0.0019,0.0039,PASS,10,182.1,128.9
5248,8192,4096,hk_128x128x64,409.5,0.8600,0.8630,0.8395,0.0228,0.0156,PASS,10,545.4,75.1
5376,5376,192,hk_128x128x64,192.8,0.0576,0.0582,0.0567,0.0025,0.0039,PASS,10,194.9,98.9
5376,5376,192,hk_192x192x64,220.2,0.0504,0.0507,0.0496,0.0016,0.0039,PASS,10,194.9,113.0
5376,5376,192,hk_256x256x64,220.2,0.0504,0.0505,0.0491,0.0013,0.0039,PASS,10,194.9,113.0
5376,5376,1024,hk_128x128x64,343.7,0.1722,0.1715,0.1680,0.0018,0.0078,PASS,10,434.5,79.1
5376,5376,1024,hk_192x192x64,406.8,0.1455,0.1459,0.1440,0.0012,0.0078,PASS,10,434.5,93.6
5376,5376,1024,hk_256x256x64,392.4,0.1508,0.1505,0.1494,0.0009,0.0078,PASS,10,434.5,90.3
5376,5376,2048,hk_128x128x64,377.0,0.3140,0.3141,0.3084,0.0042,0.0156,PASS,10,474.5,79.5
5376,5376,2048,hk_192x192x64,470.8,0.2515,0.2509,0.2420,0.0036,0.0156,PASS,10,474.5,99.2
5376,5376,2048,hk_256x256x64,455.6,0.2598,0.2598,0.2582,0.0008,0.0156,PASS,10,474.5,96.0
5376,5504,256,hk_128x128x64,227.6,0.0666,0.0667,0.0656,0.0010,0.0039,PASS,10,161.4,141.0
5376,5504,512,hk_128x128x64,297.8,0.1018,0.1020,0.1009,0.0008,0.0078,PASS,10,263.0,113.2
5376,5760,384,hk_128x128x64,253.5,0.0938,0.0934,0.0919,0.0008,0.0078,PASS,10,227.7,111.3
5376,5760,384,hk_192x192x64,313.2,0.0759,0.0756,0.0744,0.0011,0.0078,PASS,10,227.7,137.5
5376,5888,128,hk_128x128x64,146.4,0.0554,0.0555,0.0545,0.0007,0.0039,PASS,10,154.9,94.5
5376,5888,128,hk_256x256x64,177.1,0.0457,0.0459,0.0453,0.0005,0.0039,PASS,10,154.9,114.4
5376,5952,64,hk_192x192x64,110.4,0.0371,0.0370,0.0362,0.0004,0.0020,PASS,10,68.7,160.6
5376,5952,384,hk_192x192x64,320.6,0.0767,0.0765,0.0757,0.0004,0.0078,PASS,10,242.5,132.2
5376,6144,128,hk_128x128x64,151.2,0.0559,0.0559,0.0554,0.0002,0.0039,PASS,10,153.8,98.3
5376,6144,128,hk_192x192x64,182.8,0.0463,0.0464,0.0454,0.0009,0.0039,PASS,10,153.8,118.8
5376,6144,128,hk_256x256x64,179.8,0.0470,0.0470,0.0454,0.0011,0.0039,PASS,10,153.8,116.9
5376,6272,256,hk_128x128x64,228.1,0.0757,0.0757,0.0747,0.0008,0.0039,PASS,10,158.3,144.1
5376,6400,8192,hk_128x128x64,379.0,1.4875,1.4839,1.4214,0.0377,0.0312,PASS,10,564.7,67.1
5376,6400,8192,hk_256x256x64,530.0,1.0636,1.0623,1.0169,0.0273,0.0312,PASS,10,564.7,93.8
5376,6528,64,hk_128x128x64,95.8,0.0469,0.0473,0.0459,0.0016,0.0020,PASS,10,50.9,188.2
5376,6528,64,hk_192x192x64,103.5,0.0434,0.0443,0.0426,0.0020,0.0020,PASS,10,50.9,203.1
5376,6784,64,hk_128x128x64,95.1,0.0491,0.0496,0.0487,0.0015,0.0020,PASS,10,55.7,170.8
5376,6784,256,hk_128x128x64,219.4,0.0851,0.0854,0.0836,0.0018,0.0039,PASS,10,154.3,142.2
5376,6784,1024,hk_128x128x64,349.4,0.2138,0.2147,0.2096,0.0048,0.0078,PASS,10,339.2,103.0
5376,6912,128,hk_128x128x64,142.5,0.0668,0.0664,0.0650,0.0010,0.0039,PASS,10,155.7,91.5
5376,6912,128,hk_192x192x64,167.4,0.0568,0.0570,0.0564,0.0006,0.0039,PASS,10,155.7,107.6
5376,6912,128,hk_256x256x64,189.4,0.0502,0.0509,0.0499,0.0015,0.0039,PASS,10,155.7,121.6
5376,6912,1024,hk_128x128x64,352.9,0.2156,0.2171,0.2104,0.0053,0.0078,PASS,10,400.5,88.1
5376,6912,1024,hk_192x192x64,409.6,0.1858,0.1861,0.1832,0.0021,0.0078,PASS,10,400.5,102.3
5376,6912,1024,hk_256x256x64,491.0,0.1550,0.1554,0.1534,0.0018,0.0078,PASS,10,400.5,122.6
5376,7040,1024,hk_128x128x64,358.6,0.2161,0.2173,0.2129,0.0038,0.0078,PASS,10,349.2,102.7
5376,7040,4096,hk_128x128x64,392.2,0.7905,0.7911,0.7663,0.0177,0.0156,PASS,10,531.7,73.8
5376,7168,4096,hk_128x128x64,389.3,0.8109,0.8109,0.7907,0.0165,0.0156,PASS,10,542.5,71.8
5376,7168,4096,hk_256x256x64,534.0,0.5912,0.5855,0.5555,0.0162,0.0156,PASS,10,542.5,98.4
5376,7296,1024,hk_128x128x64,355.3,0.2261,0.2273,0.2213,0.0051,0.0078,PASS,10,392.9,90.4
5376,7296,1024,hk_192x192x64,431.3,0.1862,0.1863,0.1852,0.0009,0.0078,PASS,10,392.9,109.8
5376,7552,256,hk_128x128x64,234.6,0.0886,0.0892,0.0868,0.0023,0.0039,PASS,10,225.6,104.0
5376,7552,1024,hk_128x128x64,353.8,0.2350,0.2349,0.2292,0.0041,0.0078,PASS,10,390.0,90.7
5376,7552,2048,hk_128x128x64,364.4,0.4563,0.4571,0.4386,0.0094,0.0156,PASS,10,483.1,75.4
5376,7680,8192,hk_128x128x64,377.8,1.7904,1.7929,1.7676,0.0260,0.0312,PASS,10,530.9,71.2
5376,7680,8192,hk_192x192x64,491.1,1.3773,1.3797,1.3301,0.0259,0.0312,PASS,10,530.9,92.5
5376,7680,8192,hk_256x256x64,490.1,1.3803,1.3813,1.3310,0.0313,0.0312,PASS,10,530.9,92.3
5376,7808,64,hk_128x128x64,99.0,0.0543,0.0548,0.0533,0.0017,0.0020,PASS,10,78.4,126.2
5376,7808,8192,hk_128x128x64,387.9,1.7731,1.7790,1.7475,0.0245,0.0312,PASS,10,528.7,73.4
5376,7936,64,hk_128x128x64,97.7,0.0559,0.0561,0.0548,0.0011,0.0039,PASS,10,85.7,114.1
5376,7936,64,hk_256x256x64,111.3,0.0491,0.0495,0.0482,0.0018,0.0039,PASS,10,85.7,129.9
5376,7936,256,hk_128x128x64,221.3,0.0987,0.0977,0.0956,0.0015,0.0039,PASS,10,241.6,91.6
5376,7936,256,hk_256x256x64,243.7,0.0896,0.0892,0.0875,0.0011,0.0039,PASS,10,241.6,100.8
5376,7936,1024,hk_128x128x64,329.2,0.2655,0.2624,0.2504,0.0072,0.0078,PASS,10,436.7,75.4
5376,7936,1024,hk_256x256x64,394.0,0.2218,0.2222,0.2205,0.0013,0.0078,PASS,10,436.7,90.2
5376,7936,2048,hk_128x128x64,379.1,0.4610,0.4595,0.4456,0.0138,0.0156,PASS,10,497.6,76.2
5376,7936,2048,hk_256x256x64,436.0,0.4008,0.3998,0.3947,0.0022,0.0156,PASS,10,497.6,87.6
5376,8064,512,hk_128x128x64,308.0,0.1441,0.1440,0.1415,0.0018,0.0078,PASS,10,262.8,117.2
5376,8064,512,hk_192x192x64,368.0,0.1206,0.1203,0.1190,0.0008,0.0078,PASS,10,262.8,140.0
5376,8192,1024,hk_128x128x64,345.0,0.2614,0.2610,0.2588,0.0011,0.0078,PASS,10,449.6,76.7
5376,8192,1024,hk_256x256x64,398.7,0.2262,0.2262,0.2250,0.0011,0.0078,PASS,10,449.6,88.7
5504,5504,128,hk_128x128x64,146.1,0.0531,0.0531,0.0521,0.0007,0.0039,PASS,10,115.2,126.8
5504,5632,1024,hk_128x128x64,324.8,0.1954,0.1948,0.1870,0.0043,0.0078,PASS,10,411.7,78.9
5504,5760,512,hk_128x128x64,284.3,0.1142,0.1139,0.1117,0.0013,0.0078,PASS,10,220.9,128.7
5504,5760,2048,hk_128x128x64,337.2,0.3851,0.3807,0.3726,0.0054,0.0156,PASS,10,433.7,77.8
5504,5760,8192,hk_128x128x64,370.4,1.4024,1.3996,1.3634,0.0262,0.0312,PASS,10,523.7,70.7
5504,5888,64,hk_128x128x64,92.5,0.0448,0.0452,0.0434,0.0013,0.0020,PASS,10,70.6,131.0
5504,5888,512,hk_128x128x64,288.2,0.1151,0.1156,0.1139,0.0015,0.0078,PASS,10,303.2,95.1
5504,6144,128,hk_128x128x64,152.8,0.0567,0.0564,0.0543,0.0009,0.0039,PASS,10,148.2,103.1
5504,6144,2048,hk_128x128x64,352.3,0.3932,0.3940,0.3719,0.0200,0.0156,PASS,10,476.3,74.0
5504,6272,128,hk_128x128x64,156.7,0.0564,0.0564,0.0552,0.0007,0.0039,PASS,10,99.1,158.1
5504,6272,512,hk_128x128x64,303.2,0.1166,0.1169,0.1143,0.0019,0.0078,PASS,10,256.5,118.2
5504,6272,4096,hk_128x128x64,393.6,0.7185,0.7242,0.6960,0.0191,0.0156,PASS,10,475.7,82.7
5504,6400,128,hk_128x128x64,156.0,0.0578,0.0579,0.0562,0.0014,0.0039,PASS,10,127.5,122.3
5504,6400,4096,hk_128x128x64,385.2,0.7490,0.7564,0.7316,0.0215,0.0156,PASS,10,519.5,74.2
5504,6528,64,hk_128x128x64,97.9,0.0470,0.0472,0.0453,0.0018,0.0020,PASS,10,69.9,139.9
5504,6528,1024,hk_128x128x64,323.1,0.2278,0.2253,0.2142,0.0049,0.0078,PASS,10,326.2,99.0
5504,6656,256,hk_128x128x64,223.1,0.0841,0.0845,0.0830,0.0014,0.0039,PASS,10,250.4,89.1
5504,6784,512,hk_128x128x64,299.8,0.1275,0.1281,0.1267,0.0014,0.0078,PASS,10,271.9,110.2
5504,7040,4096,hk_128x128x64,399.6,0.7943,0.7939,0.7812,0.0107,0.0156,PASS,10,504.1,79.3
5504,7040,8192,hk_128x128x64,383.5,1.6553,1.6609,1.6437,0.0169,0.0312,PASS,10,514.7,74.5
5504,7168,128,hk_128x128x64,157.5,0.0641,0.0642,0.0627,0.0016,0.0039,PASS,10,146.5,107.6
5504,7296,4096,hk_128x128x64,368.6,0.8924,0.8940,0.8716,0.0154,0.0156,PASS,10,486.6,75.8
5504,7424,256,hk_128x128x64,233.7,0.0895,0.0900,0.0872,0.0034,0.0039,PASS,10,243.2,96.1
5504,7552,2048,hk_128x128x64,368.5,0.4620,0.4605,0.4463,0.0118,0.0156,PASS,10,494.3,74.5
5504,7552,4096,hk_128x128x64,389.4,0.8745,0.8773,0.8620,0.0133,0.0156,PASS,10,501.4,77.7
5504,7680,2048,hk_128x128x64,371.6,0.4659,0.4664,0.4497,0.0073,0.0156,PASS,10,546.8,68.0
5504,7680,4096,hk_128x128x64,394.3,0.8782,0.8811,0.8457,0.0317,0.0156,PASS,10,515.5,76.5
5504,7936,64,hk_128x128x64,102.1,0.0548,0.0554,0.0535,0.0019,0.0020,PASS,10,76.5,133.4
5504,7936,128,hk_128x128x64,159.1,0.0703,0.0705,0.0685,0.0022,0.0039,PASS,10,148.0,107.5
5504,7936,1024,hk_128x128x64,343.9,0.2601,0.2603,0.2564,0.0025,0.0078,PASS,10,422.1,81.5
5504,8192,256,hk_128x128x64,236.1,0.0978,0.0975,0.0942,0.0024,0.0039,PASS,10,227.8,103.6
5504,8192,4096,hk_128x128x64,401.3,0.9204,0.9151,0.8872,0.0192,0.0156,PASS,10,544.3,73.7
5504,8192,8192,hk_128x128x64,378.5,1.9516,1.9448,1.9045,0.0168,0.0312,PASS,10,578.0,65.5
5568,5568,192,hk_192x192x64,214.4,0.0555,0.0582,0.0533,0.0086,0.0039,PASS,10,160.3,133.7
5568,5568,384,hk_192x192x64,314.6,0.0757,0.0761,0.0742,0.0016,0.0078,PASS,10,246.0,127.9
5568,6144,384,hk_192x192x64,288.7,0.0910,0.0910,0.0897,0.0012,0.0078,PASS,10,284.9,101.3
5568,6144,1536,hk_192x192x64,409.1,0.2569,0.2567,0.2542,0.0011,0.0156,PASS,10,461.5,88.6
5568,6144,6144,hk_192x192x64,442.8,0.9493,0.9552,0.9383,0.0139,0.0312,PASS,10,527.4,84.0
5632,5632,128,hk_128x128x64,143.2,0.0567,0.0567,0.0551,0.0009,0.0039,PASS,10,149.8,95.6
5632,5632,128,hk_256x256x64,177.2,0.0458,0.0460,0.0451,0.0012,0.0039,PASS,10,149.8,118.3
5632,5888,2048,hk_128x128x64,360.2,0.3771,0.3742,0.3593,0.0124,0.0156,PASS,10,508.0,70.9
5632,5888,2048,hk_256x256x64,474.2,0.2864,0.2907,0.2782,0.0168,0.0156,PASS,10,508.0,93.4
5632,6144,64,hk_128x128x64,99.4,0.0445,0.0476,0.0435,0.0095,0.0020,PASS,10,81.2,122.5
5632,6144,64,hk_256x256x64,117.4,0.0377,0.0376,0.0361,0.0006,0.0020,PASS,10,81.2,144.6
5632,6144,128,hk_128x128x64,158.3,0.0560,0.0563,0.0556,0.0009,0.0039,PASS,10,156.6,101.1
5632,6144,128,hk_256x256x64,182.2,0.0486,0.0486,0.0480,0.0005,0.0039,PASS,10,156.6,116.3
5632,6400,2048,hk_128x128x64,357.1,0.4134,0.4113,0.3992,0.0076,0.0156,PASS,10,504.3,70.8
5632,6400,2048,hk_256x256x64,478.8,0.3083,0.3082,0.2939,0.0142,0.0156,PASS,10,504.3,94.9
5632,6656,256,hk_128x128x64,226.1,0.0849,0.0841,0.0818,0.0015,0.0039,PASS,10,257.7,87.8
5632,6656,256,hk_256x256x64,286.3,0.0670,0.0669,0.0656,0.0008,0.0039,PASS,10,257.7,111.1
5632,6656,1024,hk_128x128x64,333.5,0.2302,0.2275,0.2195,0.0045,0.0078,PASS,10,454.5,73.4
5632,6656,1024,hk_256x256x64,462.1,0.1661,0.1660,0.1603,0.0033,0.0078,PASS,10,454.5,101.7
5632,6784,2048,hk_128x128x64,384.8,0.4067,0.4067,0.3984,0.0072,0.0156,PASS,10,448.8,85.7
5632,6912,128,hk_128x128x64,155.5,0.0641,0.0647,0.0629,0.0023,0.0039,PASS,10,165.1,94.2
5632,6912,128,hk_256x256x64,194.5,0.0512,0.0510,0.0501,0.0006,0.0039,PASS,10,165.1,117.8
5632,6912,512,hk_128x128x64,303.8,0.1312,0.1312,0.1295,0.0018,0.0078,PASS,10,353.2,86.0
5632,6912,512,hk_256x256x64,380.7,0.1047,0.1048,0.1037,0.0006,0.0078,PASS,10,353.2,107.8
5632,7040,64,hk_128x128x64,93.3,0.0544,0.0544,0.0539,0.0003,0.0039,PASS,10,74.5,125.1
5632,7040,128,hk_128x128x64,159.5,0.0636,0.0637,0.0631,0.0004,0.0039,PASS,10,136.3,117.0
5632,7040,512,hk_128x128x64,303.1,0.1339,0.1355,0.1295,0.0058,0.0078,PASS,10,308.7,98.2
5632,7040,1024,hk_128x128x64,343.9,0.2361,0.2378,0.2279,0.0061,0.0078,PASS,10,391.1,87.9
5632,7168,64,hk_128x128x64,90.5,0.0571,0.0572,0.0554,0.0013,0.0020,PASS,10,91.3,99.2
5632,7168,64,hk_256x256x64,105.7,0.0489,0.0491,0.0478,0.0013,0.0020,PASS,10,91.3,115.8
5632,7168,8192,hk_128x128x64,374.7,1.7652,1.7671,1.7265,0.0335,0.0312,PASS,10,556.0,67.4
5632,7168,8192,hk_256x256x64,483.3,1.3686,1.3804,1.3172,0.0496,0.0312,PASS,10,556.0,86.9
5632,7424,512,hk_128x128x64,301.5,0.1420,0.1419,0.1390,0.0024,0.0078,PASS,10,353.5,85.3
5632,7424,512,hk_256x256x64,327.0,0.1309,0.1308,0.1295,0.0010,0.0078,PASS,10,353.5,92.5
5632,7424,8192,hk_128x128x64,378.5,1.8097,1.8134,1.7871,0.0302,0.0312,PASS,10,529.0,71.6
5632,7424,8192,hk_256x256x64,492.4,1.3913,1.3905,1.3564,0.0237,0.0312,PASS,10,529.0,93.1
5632,7680,256,hk_128x128x64,234.0,0.0947,0.0950,0.0919,0.0024,0.0039,PASS,10,258.4,90.6
5632,7680,256,hk_256x256x64,259.5,0.0854,0.0862,0.0833,0.0024,0.0039,PASS,10,258.4,100.4
5632,7680,1024,hk_128x128x64,361.2,0.2452,0.2431,0.2370,0.0031,0.0078,PASS,10,456.8,79.1
5632,7680,1024,hk_256x256x64,406.3,0.2180,0.2178,0.2163,0.0007,0.0078,PASS,10,456.8,88.9
5632,7680,8192,hk_128x128x64,385.0,1.8408,1.8473,1.8228,0.0209,0.0312,PASS,10,543.8,70.8
5632,7680,8192,hk_256x256x64,508.4,1.3938,1.4008,1.3382,0.0537,0.0312,PASS,10,543.8,93.5
5632,7808,4096,hk_128x128x64,399.0,0.9029,0.8994,0.8662,0.0219,0.0156,PASS,10,511.3,78.0
5632,7936,64,hk_128x128x64,102.7,0.0557,0.0555,0.0542,0.0011,0.0039,PASS,10,72.0,142.7
5632,7936,64,hk_256x256x64,115.2,0.0497,0.0497,0.0486,0.0010,0.0039,PASS,10,72.0,160.0
5632,8064,64,hk_128x128x64,102.7,0.0566,0.0568,0.0553,0.0012,0.0020,PASS,10,59.6,172.4
5632,8064,512,hk_128x128x64,303.6,0.1532,0.1530,0.1505,0.0019,0.0078,PASS,10,242.1,125.4
5632,8064,8192,hk_128x128x64,384.0,1.9379,1.9422,1.9260,0.0176,0.0312,PASS,10,535.8,71.7
5632,8192,512,hk_128x128x64,314.5,0.1502,0.1503,0.1466,0.0025,0.0078,PASS,10,330.5,95.1
5632,8192,512,hk_256x256x64,351.3,0.1345,0.1352,0.1330,0.0020,0.0078,PASS,10,330.5,106.3
5632,8192,2048,hk_128x128x64,384.1,0.4920,0.4901,0.4791,0.0083,0.0156,PASS,10,551.4,69.7
5632,8192,2048,hk_256x256x64,491.2,0.3848,0.3856,0.3812,0.0033,0.0156,PASS,10,551.4,89.1
5632,8192,4096,hk_128x128x64,403.1,0.9375,0.9356,0.9062,0.0197,0.0156,PASS,10,574.1,70.2
5632,8192,4096,hk_256x256x64,500.6,0.7550,0.7520,0.7040,0.0387,0.0156,PASS,10,574.1,87.2
5632,8192,8192,hk_128x128x64,387.2,1.9522,1.9510,1.9367,0.0088,0.0312,PASS,10,573.8,67.5
5632,8192,8192,hk_256x256x64,531.4,1.4226,1.4301,1.3819,0.0372,0.0312,PASS,10,573.8,92.6
5760,5760,512,hk_128x128x64,296.8,0.1145,0.1144,0.1122,0.0020,0.0078,PASS,10,254.1,116.8
5760,5760,512,hk_192x192x64,350.3,0.0970,0.0964,0.0945,0.0012,0.0078,PASS,10,254.1,137.9
5760,5760,6144,hk_128x128x64,336.2,1.2125,1.2057,1.1568,0.0311,0.0312,PASS,10,530.0,63.4
5760,5760,6144,hk_192x192x64,482.9,0.8442,0.8433,0.8164,0.0239,0.0312,PASS,10,530.0,91.1
5760,5888,256,hk_128x128x64,229.9,0.0755,0.0791,0.0745,0.0098,0.0039,PASS,10,192.8,119.2
5760,5888,2048,hk_128x128x64,381.2,0.3644,0.3634,0.3501,0.0093,0.0156,PASS,10,478.6,79.6
5760,6016,512,hk_128x128x64,307.1,0.1155,0.1164,0.1133,0.0027,0.0078,PASS,10,225.3,136.3
5760,6144,256,hk_128x128x64,222.4,0.0815,0.0809,0.0766,0.0026,0.0039,PASS,10,251.5,88.4
5760,6144,256,hk_192x192x64,249.7,0.0726,0.0727,0.0713,0.0010,0.0039,PASS,10,251.5,99.3
5760,6144,1536,hk_128x128x64,329.6,0.3299,0.3312,0.3245,0.0045,0.0156,PASS,10,511.7,64.4
5760,6144,1536,hk_192x192x64,418.0,0.2601,0.2597,0.2575,0.0017,0.0156,PASS,10,511.7,81.7
5760,6272,512,hk_128x128x64,301.1,0.1228,0.1227,0.1214,0.0007,0.0078,PASS,10,302.1,99.7
5760,6400,128,hk_128x128x64,151.9,0.0621,0.0622,0.0614,0.0004,0.0039,PASS,10,164.8,92.1
5760,6400,1024,hk_128x128x64,340.2,0.2219,0.2219,0.2166,0.0036,0.0078,PASS,10,421.5,80.7
5760,6528,512,hk_128x128x64,294.1,0.1309,0.1316,0.1291,0.0020,0.0078,PASS,10,293.6,100.2
5760,6528,512,hk_192x192x64,336.6,0.1144,0.1141,0.1133,0.0006,0.0078,PASS,10,293.6,114.7
5760,6656,128,hk_128x128x64,150.3,0.0653,0.0653,0.0643,0.0007,0.0039,PASS,10,165.5,90.8
5760,6784,2048,hk_128x128x64,365.8,0.4375,0.4357,0.4225,0.0054,0.0156,PASS,10,431.9,84.7
5760,6912,64,hk_128x128x64,89.1,0.0572,0.0571,0.0540,0.0012,0.0020,PASS,10,92.0,96.8
5760,6912,64,hk_192x192x64,107.2,0.0475,0.0477,0.0467,0.0012,0.0020,PASS,10,92.0,116.5
5760,7040,2048,hk_128x128x64,346.4,0.4795,0.4735,0.4476,0.0138,0.0156,PASS,10,449.4,77.1
5760,7040,8192,hk_128x128x64,373.3,1.7797,1.7827,1.7411,0.0299,0.0312,PASS,10,510.5,73.1
5760,7168,512,hk_128x128x64,296.9,0.1424,0.1421,0.1356,0.0029,0.0078,PASS,10,373.5,79.5
5760,7296,256,hk_128x128x64,236.2,0.0911,0.0909,0.0892,0.0011,0.0039,PASS,10,232.0,101.8
5760,7296,256,hk_192x192x64,277.5,0.0775,0.0774,0.0764,0.0010,0.0039,PASS,10,232.0,119.6
5760,7424,128,hk_128x128x64,153.5,0.0713,0.0722,0.0702,0.0029,0.0039,PASS,10,172.9,88.8
5760,7424,4096,hk_128x128x64,389.7,0.8990,0.8938,0.8640,0.0267,0.0156,PASS,10,512.6,76.0
5760,7808,1024,hk_128x128x64,345.6,0.2665,0.2662,0.2570,0.0048,0.0078,PASS,10,329.5,104.9
5760,8064,1024,hk_128x128x64,358.3,0.2655,0.2652,0.2597,0.0048,0.0078,PASS,10,353.0,101.5
5760,8064,1024,hk_192x192x64,413.4,0.2301,0.2300,0.2269,0.0022,0.0078,PASS,10,353.0,117.1
5760,8064,8192,hk_128x128x64,391.1,1.9460,1.9547,1.9253,0.0239,0.0312,PASS,10,542.3,72.1
5760,8064,8192,hk_192x192x64,476.7,1.5963,1.5850,1.4941,0.0699,0.0312,PASS,10,542.3,87.9
5888,5888,8192,hk_128x128x64,383.1,1.4829,1.4879,1.4512,0.0242,0.0312,PASS,10,532.6,71.9
5888,5888,8192,hk_256x256x64,528.0,1.0758,1.0651,1.0055,0.0289,0.0312,PASS,10,532.6,99.1
5888,6016,256,hk_128x128x64,215.7,0.0841,0.0846,0.0799,0.0037,0.0039,PASS,10,148.4,145.4
5888,6016,1024,hk_128x128x64,312.9,0.2319,0.2293,0.2101,0.0105,0.0078,PASS,10,331.9,94.3
5888,6144,1024,hk_128x128x64,332.1,0.2231,0.2241,0.2193,0.0043,0.0078,PASS,10,449.1,74.0
5888,6144,1024,hk_256x256x64,453.0,0.1635,0.1632,0.1605,0.0016,0.0078,PASS,10,449.1,100.9
5888,6272,256,hk_128x128x64,221.9,0.0852,0.0856,0.0832,0.0021,0.0039,PASS,10,209.5,105.9
5888,6272,8192,hk_128x128x64,372.3,1.6250,1.6240,1.5787,0.0214,0.0312,PASS,10,506.7,73.5
5888,6400,8192,hk_128x128x64,376.3,1.6407,1.6510,1.5926,0.0402,0.0312,PASS,10,532.5,70.7
5888,6400,8192,hk_256x256x64,544.2,1.1346,1.1437,1.0857,0.0392,0.0312,PASS,10,532.5,102.2
5888,6656,512,hk_128x128x64,314.4,0.1277,0.1281,0.1263,0.0020,0.0078,PASS,10,350.6,89.7
5888,6656,512,hk_256x256x64,388.7,0.1032,0.1032,0.1014,0.0016,0.0078,PASS,10,350.6,110.9
5888,7040,64,hk_128x128x64,100.5,0.0528,0.0532,0.0521,0.0015,0.0020,PASS,10,58.7,171.2
5888,7040,1024,hk_128x128x64,332.7,0.2551,0.2509,0.2383,0.0060,0.0078,PASS,10,345.1,96.4
5888,7168,64,hk_128x128x64,96.8,0.0558,0.0560,0.0551,0.0008,0.0020,PASS,10,82.9,116.7
5888,7168,64,hk_256x256x64,108.3,0.0499,0.0499,0.0486,0.0011,0.0020,PASS,10,82.9,130.6
5888,7168,128,hk_128x128x64,153.2,0.0705,0.0707,0.0694,0.0010,0.0039,PASS,10,148.0,103.5
5888,7168,128,hk_256x256x64,174.4,0.0619,0.0618,0.0609,0.0005,0.0039,PASS,10,148.0,117.9
5888,7168,8192,hk_128x128x64,380.9,1.8152,1.8141,1.7635,0.0285,0.0312,PASS,10,535.5,71.1
5888,7168,8192,hk_256x256x64,503.2,1.3742,1.3859,1.3353,0.0446,0.0312,PASS,10,535.5,94.0
5888,7296,1024,hk_128x128x64,373.3,0.2357,0.2362,0.2335,0.0029,0.0078,PASS,10,379.9,98.3
5888,7424,2048,hk_128x128x64,379.7,0.4715,0.4717,0.4505,0.0103,0.0156,PASS,10,541.2,70.2
5888,7424,2048,hk_256x256x64,455.4,0.3932,0.3922,0.3859,0.0029,0.0156,PASS,10,541.2,84.1
5888,7552,256,hk_128x128x64,240.0,0.0949,0.0952,0.0935,0.0015,0.0039,PASS,10,186.2,128.9
5888,7552,512,hk_128x128x64,311.9,0.1460,0.1456,0.1422,0.0018,0.0078,PASS,10,283.9,109.9
5888,7680,64,hk_128x128x64,101.2,0.0572,0.0569,0.0558,0.0005,0.0020,PASS,10,85.4,118.5
5888,7680,64,hk_256x256x64,114.9,0.0504,0.0504,0.0495,0.0006,0.0020,PASS,10,85.4,134.4
5888,7936,128,hk_128x128x64,153.9,0.0777,0.0777,0.0754,0.0011,0.0039,PASS,10,149.6,102.8
5888,7936,128,hk_256x256x64,185.1,0.0646,0.0648,0.0625,0.0021,0.0039,PASS,10,149.6,123.7
5888,7936,512,hk_128x128x64,305.4,0.1567,0.1565,0.1543,0.0015,0.0078,PASS,10,332.9,91.7
5888,7936,512,hk_256x256x64,346.3,0.1382,0.1378,0.1367,0.0005,0.0078,PASS,10,332.9,104.0
5888,8192,256,hk_128x128x64,242.0,0.1020,0.1028,0.1004,0.0023,0.0039,PASS,10,245.4,98.6
5888,8192,256,hk_256x256x64,263.7,0.0937,0.0938,0.0921,0.0015,0.0039,PASS,10,245.4,107.4
5888,8192,4096,hk_128x128x64,415.5,0.9510,0.9556,0.9292,0.0200,0.0156,PASS,10,560.1,74.2
5888,8192,4096,hk_256x256x64,542.5,0.7284,0.7356,0.7102,0.0290,0.0156,PASS,10,560.1,96.9
5952,5952,64,hk_192x192x64,104.0,0.0436,0.0435,0.0425,0.0006,0.0020,PASS,10,48.0,216.9
5952,5952,192,hk_192x192x64,215.6,0.0631,0.0629,0.0620,0.0006,0.0039,PASS,10,130.5,165.2
6016,6144,128,hk_128x128x64,154.1,0.0614,0.0612,0.0597,0.0008,0.0039,PASS,10,164.2,93.8
6016,6144,1024,hk_128x128x64,337.3,0.2244,0.2241,0.2199,0.0034,0.0078,PASS,10,468.3,72.0
6016,6272,128,hk_128x128x64,155.6,0.0621,0.0621,0.0615,0.0004,0.0039,PASS,10,136.2,114.3
6016,6272,4096,hk_128x128x64,389.9,0.7929,0.7960,0.7665,0.0203,0.0156,PASS,10,489.6,79.6
6016,6272,8192,hk_128x128x64,376.2,1.6433,1.6455,1.6136,0.0212,0.0312,PASS,10,526.0,71.5
6016,6528,2048,hk_128x128x64,401.2,0.4010,0.4037,0.3889,0.0113,0.0156,PASS,10,432.3,92.8
6016,6528,4096,hk_128x128x64,415.3,0.7747,0.7851,0.7636,0.0256,0.0156,PASS,10,488.1,85.1
6016,6656,64,hk_128x128x64,101.9,0.0503,0.0508,0.0496,0.0015,0.0039,PASS,10,82.1,124.2
6016,6656,128,hk_128x128x64,157.1,0.0652,0.0655,0.0637,0.0017,0.0039,PASS,10,149.1,105.4
6016,6656,1024,hk_128x128x64,322.7,0.2541,0.2520,0.2473,0.0037,0.0078,PASS,10,438.0,73.7
6016,6784,512,hk_128x128x64,292.2,0.1430,0.1424,0.1392,0.0021,0.0078,PASS,10,316.8,92.2
6016,6784,8192,hk_128x128x64,368.5,1.8143,1.8192,1.7928,0.0284,0.0312,PASS,10,512.0,72.0
6016,6912,64,hk_128x128x64,97.3,0.0547,0.0572,0.0526,0.0094,0.0020,PASS,10,83.4,116.6
6016,7040,512,hk_128x128x64,301.9,0.1437,0.1432,0.1415,0.0009,0.0078,PASS,10,247.3,122.1
6016,7168,128,hk_128x128x64,153.5,0.0719,0.0717,0.0700,0.0009,0.0039,PASS,10,148.8,103.1
6016,7296,128,hk_128x128x64,161.4,0.0696,0.0699,0.0688,0.0008,0.0039,PASS,10,107.0,150.9
6016,7424,1024,hk_128x128x64,339.4,0.2695,0.2674,0.2563,0.0055,0.0078,PASS,10,432.0,78.6
6016,7424,8192,hk_128x128x64,385.3,1.8993,1.9028,1.8800,0.0220,0.0312,PASS,10,545.8,70.6
6016,7552,64,hk_128x128x64,100.0,0.0582,0.0615,0.0571,0.0094,0.0020,PASS,10,58.5,170.9
6016,7552,2048,hk_128x128x64,349.0,0.5331,0.5335,0.5258,0.0058,0.0156,PASS,10,453.8,76.9
6016,7552,8192,hk_128x128x64,377.1,1.9739,1.9803,1.9569,0.0236,0.0312,PASS,10,544.4,69.3
6016,7680,8192,hk_128x128x64,381.7,1.9832,1.9832,1.9592,0.0263,0.0312,PASS,10,565.6,67.5
6016,7936,1024,hk_128x128x64,362.2,0.2700,0.2704,0.2633,0.0055,0.0078,PASS,10,439.3,82.4
6016,8064,128,hk_128x128x64,165.7,0.0749,0.0746,0.0731,0.0010,0.0039,PASS,10,116.7,142.0
6016,8192,64,hk_128x128x64,106.1,0.0595,0.0593,0.0583,0.0006,0.0020,PASS,10,92.1,115.2
6144,6144,64,hk_128x128x64,99.4,0.0486,0.0487,0.0478,0.0008,0.0020,PASS,10,95.2,104.4
6144,6144,64,hk_192x192x64,105.3,0.0459,0.0460,0.0450,0.0007,0.0020,PASS,10,95.2,110.7
6144,6144,64,hk_256x256x64,116.8,0.0414,0.0419,0.0399,0.0017,0.0020,PASS,10,95.2,122.7
6144,6144,1024,hk_128x128x64,340.0,0.2274,0.2275,0.2262,0.0009,0.0078,PASS,10,473.0,71.9
6144,6144,1024,hk_192x192x64,396.7,0.1949,0.1955,0.1929,0.0021,0.0078,PASS,10,473.0,83.9
6144,6144,1024,hk_256x256x64,446.4,0.1732,0.1723,0.1691,0.0014,0.0078,PASS,10,473.0,94.4
6144,6144,1536,hk_128x128x64,323.4,0.3585,0.3572,0.3535,0.0026,0.0156,PASS,10,486.0,66.5
6144,6144,1536,hk_192x192x64,429.9,0.2697,0.2697,0.2630,0.0036,0.0156,PASS,10,486.0,88.5
6144,6144,1536,hk_256x256x64,492.8,0.2353,0.2369,0.2258,0.0065,0.0156,PASS,10,486.0,101.4
6144,6272,1024,hk_128x128x64,349.4,0.2259,0.2237,0.2106,0.0062,0.0078,PASS,10,352.9,99.0
6144,6272,8192,hk_128x128x64,382.9,1.6489,1.6536,1.6311,0.0237,0.0312,PASS,10,514.7,74.4
6144,6528,256,hk_128x128x64,233.0,0.0881,0.0882,0.0860,0.0024,0.0039,PASS,10,219.4,106.2
6144,6528,256,hk_192x192x64,270.1,0.0760,0.0764,0.0750,0.0018,0.0039,PASS,10,219.4,123.2
6144,6528,1024,hk_128x128x64,317.6,0.2586,0.2544,0.2365,0.0102,0.0078,PASS,10,364.2,87.2
6144,6528,1024,hk_192x192x64,416.3,0.1973,0.1969,0.1954,0.0012,0.0078,PASS,10,364.2,114.3
6144,6784,64,hk_128x128x64,93.0,0.0574,0.0575,0.0559,0.0018,0.0020,PASS,10,71.7,129.7
6144,6784,4096,hk_128x128x64,398.2,0.8575,0.8654,0.8280,0.0286,0.0156,PASS,10,503.8,79.0
6144,6912,64,hk_128x128x64,102.3,0.0532,0.0536,0.0524,0.0016,0.0039,PASS,10,85.1,120.2
6144,6912,64,hk_192x192x64,116.1,0.0468,0.0472,0.0456,0.0013,0.0039,PASS,10,85.1,136.5
6144,6912,64,hk_256x256x64,110.2,0.0493,0.0499,0.0487,0.0020,0.0039,PASS,10,85.1,129.6
6144,6912,256,hk_128x128x64,230.1,0.0945,0.0952,0.0940,0.0016,0.0039,PASS,10,241.6,95.2
6144,6912,256,hk_192x192x64,270.1,0.0805,0.0802,0.0787,0.0010,0.0039,PASS,10,241.6,111.8
6144,6912,256,hk_256x256x64,250.7,0.0867,0.0875,0.0858,0.0023,0.0039,PASS,10,241.6,103.8
6144,7424,64,hk_128x128x64,99.3,0.0588,0.0589,0.0568,0.0013,0.0020,PASS,10,82.6,120.1
6144,7424,64,hk_256x256x64,113.7,0.0514,0.0510,0.0499,0.0005,0.0020,PASS,10,82.6,137.5
6144,7552,512,hk_128x128x64,299.8,0.1585,0.1582,0.1548,0.0024,0.0078,PASS,10,238.4,125.7
6144,7552,2048,hk_128x128x64,351.2,0.5411,0.5370,0.5206,0.0084,0.0156,PASS,10,465.7,75.4
6144,7680,4096,hk_128x128x64,407.0,0.9497,0.9522,0.9248,0.0216,0.0156,PASS,10,540.4,75.3
6144,7680,4096,hk_192x192x64,488.1,0.7919,0.7939,0.7523,0.0325,0.0156,PASS,10,540.4,90.3
6144,7680,4096,hk_256x256x64,498.0,0.7762,0.7779,0.7423,0.0233,0.0156,PASS,10,540.4,92.1
6144,7808,4096,hk_128x128x64,391.3,1.0044,0.9963,0.9592,0.0271,0.0156,PASS,10,503.5,77.7
6144,7808,8192,hk_128x128x64,393.2,1.9992,2.0050,1.9628,0.0490,0.0312,PASS,10,539.7,72.8
6144,7936,8192,hk_128x128x64,397.8,2.0083,2.0166,1.9707,0.0423,0.0312,PASS,10,540.7,73.6
6144,7936,8192,hk_256x256x64,528.3,1.5122,1.4974,1.4165,0.0579,0.0312,PASS,10,540.7,97.7
6144,8192,1024,hk_128x128x64,382.8,0.2693,0.2686,0.2636,0.0025,0.0078,PASS,10,469.6,81.5
6144,8192,1024,hk_256x256x64,462.1,0.2231,0.2231,0.2221,0.0010,0.0078,PASS,10,469.6,98.4
6272,6272,512,hk_128x128x64,304.9,0.1321,0.1328,0.1287,0.0033,0.0078,PASS,10,239.8,127.2
6272,6400,64,hk_128x128x64,102.4,0.0502,0.0501,0.0494,0.0004,0.0039,PASS,10,75.0,136.6
6272,6400,128,hk_128x128x64,157.2,0.0654,0.0655,0.0637,0.0013,0.0039,PASS,10,135.0,116.4
6272,6400,2048,hk_128x128x64,348.9,0.4712,0.4743,0.4652,0.0086,0.0156,PASS,10,502.8,69.4
6272,6400,4096,hk_128x128x64,383.8,0.8569,0.8620,0.8266,0.0220,0.0156,PASS,10,509.5,75.3
6272,6656,128,hk_128x128x64,156.0,0.0685,0.0687,0.0670,0.0017,0.0039,PASS,10,139.1,112.1
6272,6656,512,hk_128x128x64,295.1,0.1449,0.1451,0.1414,0.0026,0.0078,PASS,10,335.8,87.9
6272,6656,4096,hk_128x128x64,392.4,0.8714,0.8715,0.8458,0.0174,0.0156,PASS,10,516.5,76.0
6272,6912,256,hk_128x128x64,231.4,0.0959,0.0953,0.0929,0.0019,0.0039,PASS,10,223.9,103.4
6272,6912,512,hk_128x128x64,313.1,0.1418,0.1424,0.1403,0.0023,0.0078,PASS,10,333.9,93.8
6272,7296,1024,hk_128x128x64,349.2,0.2684,0.2650,0.2573,0.0045,0.0078,PASS,10,389.3,89.7
6272,7296,2048,hk_128x128x64,369.8,0.5068,0.5083,0.4941,0.0084,0.0156,PASS,10,479.4,77.1
6272,7552,2048,hk_128x128x64,361.1,0.5372,0.5345,0.5172,0.0084,0.0156,PASS,10,469.7,76.9
6272,7808,4096,hk_128x128x64,399.6,1.0039,1.0062,0.9512,0.0322,0.0156,PASS,10,517.6,77.2
6272,7936,128,hk_128x128x64,165.8,0.0769,0.0771,0.0756,0.0015,0.0039,PASS,10,143.0,116.0
6272,8064,2048,hk_128x128x64,347.4,0.5964,0.6032,0.5788,0.0217,0.0156,PASS,10,461.6,75.2
6272,8192,64,hk_128x128x64,105.4,0.0624,0.0626,0.0600,0.0026,0.0039,PASS,10,87.5,120.5
6272,8192,256,hk_128x128x64,239.6,0.1098,0.1100,0.1049,0.0030,0.0039,PASS,10,245.6,97.6
6272,8192,512,hk_128x128x64,279.3,0.1884,0.1872,0.1796,0.0043,0.0078,PASS,10,354.3,78.8
6272,8192,4096,hk_128x128x64,403.0,1.0444,1.0349,1.0010,0.0241,0.0156,PASS,10,521.4,77.3
6400,6400,2048,hk_128x128x64,379.1,0.4425,0.4432,0.4217,0.0135,0.0156,PASS,10,514.7,73.7
6400,6400,2048,hk_256x256x64,434.5,0.3862,0.3865,0.3840,0.0023,0.0156,PASS,10,514.7,84.4
6400,6528,2048,hk_128x128x64,375.8,0.4554,0.4555,0.4449,0.0108,0.0156,PASS,10,468.6,80.2
6400,6656,1024,hk_128x128x64,354.4,0.2462,0.2443,0.2384,0.0033,0.0078,PASS,10,463.8,76.4
6400,6656,1024,hk_256x256x64,399.9,0.2182,0.2183,0.2175,0.0007,0.0078,PASS,10,463.8,86.2
6400,6784,128,hk_128x128x64,158.5,0.0701,0.0706,0.0692,0.0021,0.0039,PASS,10,108.3,146.4
6400,6912,2048,hk_128x128x64,357.9,0.5062,0.5092,0.4888,0.0161,0.0156,PASS,10,490.4,73.0
6400,6912,2048,hk_256x256x64,464.4,0.3902,0.3897,0.3830,0.0029,0.0156,PASS,10,490.4,94.7
6400,7040,256,hk_128x128x64,239.6,0.0963,0.0962,0.0935,0.0018,0.0039,PASS,10,188.2,127.3
6400,7040,1024,hk_128x128x64,338.0,0.2730,0.2707,0.2574,0.0068,0.0078,PASS,10,398.1,84.9
6400,7040,4096,hk_128x128x64,383.5,0.9625,0.9605,0.9358,0.0209,0.0156,PASS,10,516.1,74.3
6400,7168,8192,hk_128x128x64,377.3,1.9919,1.9899,1.9492,0.0192,0.0312,PASS,10,560.2,67.4
6400,7168,8192,hk_256x256x64,515.6,1.4578,1.4547,1.3781,0.0553,0.0312,PASS,10,560.2,92.0
6400,7296,64,hk_128x128x64,99.5,0.0601,0.0601,0.0584,0.0015,0.0020,PASS,10,58.9,168.8
6400,7424,2048,hk_128x128x64,389.5,0.4996,0.5020,0.4807,0.0166,0.0156,PASS,10,493.4,79.0
6400,7424,2048,hk_256x256x64,491.4,0.3961,0.3967,0.3904,0.0051,0.0156,PASS,10,493.4,99.6
6400,7552,8192,hk_128x128x64,389.7,2.0322,2.0415,2.0147,0.0283,0.0312,PASS,10,549.4,70.9
6400,7680,4096,hk_128x128x64,392.4,1.0261,1.0194,0.9678,0.0277,0.0156,PASS,10,553.7,70.9
6400,7680,4096,hk_256x256x64,518.2,0.7769,0.7727,0.7327,0.0222,0.0156,PASS,10,553.7,93.6
6400,7936,256,hk_128x128x64,243.8,0.1066,0.1077,0.1044,0.0031,0.0039,PASS,10,228.1,106.9
6400,7936,256,hk_256x256x64,282.0,0.0922,0.0924,0.0913,0.0009,0.0039,PASS,10,228.1,123.7
6400,7936,512,hk_128x128x64,318.0,0.1636,0.1643,0.1621,0.0022,0.0078,PASS,10,341.7,93.0
6400,7936,512,hk_256x256x64,379.1,0.1372,0.1373,0.1362,0.0011,0.0078,PASS,10,341.7,110.9
6400,8064,2048,hk_128x128x64,376.7,0.5611,0.5630,0.5533,0.0081,0.0156,PASS,10,491.9,76.6
6528,6784,512,hk_128x128x64,304.5,0.1489,0.1485,0.1425,0.0049,0.0078,PASS,10,269.7,112.9
6528,6912,512,hk_128x128x64,312.1,0.1481,0.1476,0.1445,0.0016,0.0078,PASS,10,352.2,88.6
6528,6912,512,hk_192x192x64,337.2,0.1370,0.1370,0.1359,0.0010,0.0078,PASS,10,352.2,95.7
6528,7040,64,hk_128x128x64,99.7,0.0590,0.0619,0.0573,0.0094,0.0020,PASS,10,60.7,164.3
6528,7040,512,hk_128x128x64,296.0,0.1590,0.1582,0.1554,0.0015,0.0078,PASS,10,240.0,123.4
6528,7168,128,hk_128x128x64,157.2,0.0762,0.0760,0.0739,0.0013,0.0039,PASS,10,151.9,103.5
6528,7168,2048,hk_128x128x64,366.1,0.5235,0.5303,0.5127,0.0158,0.0156,PASS,10,508.1,72.1
6528,7168,4096,hk_128x128x64,397.8,0.9635,0.9747,0.9390,0.0275,0.0312,PASS,10,549.7,72.4
6528,7296,4096,hk_128x128x64,392.1,0.9951,0.9889,0.9587,0.0149,0.0156,PASS,10,531.7,73.7
6528,7296,4096,hk_192x192x64,474.6,0.8221,0.8184,0.7878,0.0170,0.0156,PASS,10,531.7,89.3
6528,7680,512,hk_128x128x64,316.9,0.1620,0.1619,0.1587,0.0027,0.0078,PASS,10,337.6,93.9
6528,7680,512,hk_192x192x64,362.3,0.1417,0.1420,0.1408,0.0010,0.0078,PASS,10,337.6,107.3
6528,7936,2048,hk_128x128x64,374.3,0.5669,0.5636,0.5541,0.0061,0.0156,PASS,10,534.7,70.0
6528,7936,8192,hk_128x128x64,391.5,2.1681,2.1744,2.1250,0.0349,0.0312,PASS,10,528.3,74.1
6528,8064,128,hk_128x128x64,163.5,0.0824,0.0817,0.0788,0.0020,0.0039,PASS,10,113.7,143.8
6528,8064,128,hk_192x192x64,193.3,0.0697,0.0698,0.0690,0.0009,0.0039,PASS,10,113.7,170.0
6528,8064,256,hk_128x128x64,238.6,0.1130,0.1124,0.1085,0.0024,0.0039,PASS,10,195.6,122.0
6528,8064,256,hk_192x192x64,275.7,0.0977,0.0976,0.0967,0.0005,0.0039,PASS,10,195.6,141.0
6528,8064,2048,hk_128x128x64,379.7,0.5679,0.5695,0.5541,0.0148,0.0156,PASS,10,480.6,79.0
6528,8064,2048,hk_192x192x64,490.0,0.4400,0.4409,0.4274,0.0095,0.0156,PASS,10,480.6,102.0
6528,8064,4096,hk_128x128x64,406.8,1.0601,1.0686,1.0265,0.0296,0.0156,PASS,10,512.0,79.5
6528,8064,4096,hk_192x192x64,490.6,0.8791,0.8734,0.8358,0.0273,0.0156,PASS,10,512.0,95.8
6528,8192,256,hk_128x128x64,257.4,0.1064,0.1104,0.1039,0.0115,0.0039,PASS,10,229.4,112.2
6656,6656,2048,hk_128x128x64,379.4,0.4783,0.4790,0.4624,0.0139,0.0156,PASS,10,516.4,73.5
6656,6656,2048,hk_256x256x64,468.2,0.3876,0.3887,0.3828,0.0041,0.0156,PASS,10,516.4,90.7
6656,6784,128,hk_128x128x64,159.6,0.0724,0.0723,0.0707,0.0009,0.0039,PASS,10,115.0,138.8
6656,7040,256,hk_128x128x64,219.4,0.1093,0.1083,0.1040,0.0032,0.0039,PASS,10,172.0,127.6
6656,7168,8192,hk_128x128x64,385.6,2.0273,2.0346,2.0043,0.0356,0.0312,PASS,10,562.0,68.6
6656,7168,8192,hk_256x256x64,529.5,1.4763,1.4926,1.4183,0.0538,0.0312,PASS,10,562.0,94.2
6656,7296,1024,hk_128x128x64,370.4,0.2685,0.2702,0.2599,0.0067,0.0078,PASS,10,395.2,93.7
6656,7424,512,hk_128x128x64,318.7,0.1588,0.1587,0.1573,0.0014,0.0078,PASS,10,365.3,87.2
6656,7424,512,hk_256x256x64,359.7,0.1407,0.1409,0.1358,0.0044,0.0078,PASS,10,365.3,98.5
6656,7424,4096,hk_128x128x64,404.5,1.0006,1.0001,0.9700,0.0166,0.0156,PASS,10,537.2,75.3
6656,7424,4096,hk_256x256x64,511.3,0.7917,0.7959,0.7522,0.0291,0.0156,PASS,10,537.2,95.2
6656,7552,128,hk_128x128x64,157.0,0.0820,0.0812,0.0772,0.0031,0.0039,PASS,10,116.3,134.9
6656,7552,2048,hk_128x128x64,366.4,0.5620,0.5656,0.5421,0.0152,0.0156,PASS,10,459.7,79.7
6656,7552,4096,hk_128x128x64,391.8,1.0511,1.0565,1.0027,0.0423,0.0156,PASS,10,514.9,76.1
6656,7680,128,hk_128x128x64,166.9,0.0784,0.0789,0.0777,0.0012,0.0039,PASS,10,145.1,115.0
6656,7680,128,hk_256x256x64,193.3,0.0677,0.0682,0.0669,0.0012,0.0039,PASS,10,145.1,133.2
6656,7680,8192,hk_128x128x64,382.4,2.1900,2.1920,2.1508,0.0394,0.0312,PASS,10,560.6,68.2
6656,7680,8192,hk_256x256x64,549.4,1.5246,1.5324,1.4839,0.0381,0.0312,PASS,10,560.6,98.0
6656,7808,1024,hk_128x128x64,360.1,0.2956,0.2967,0.2878,0.0071,0.0078,PASS,10,397.4,90.6
6656,7936,128,hk_128x128x64,166.8,0.0811,0.0808,0.0794,0.0009,0.0039,PASS,10,162.8,102.5
6656,7936,128,hk_256x256x64,202.1,0.0669,0.0669,0.0658,0.0006,0.0039,PASS,10,162.8,124.1
6656,7936,512,hk_128x128x64,284.0,0.1904,0.1879,0.1754,0.0062,0.0078,PASS,10,354.8,80.0
6656,7936,512,hk_256x256x64,369.1,0.1465,0.1458,0.1424,0.0021,0.0078,PASS,10,354.8,104.0
6656,7936,2048,hk_128x128x64,380.4,0.5688,0.5719,0.5642,0.0081,0.0156,PASS,10,479.1,79.4
6656,7936,2048,hk_256x256x64,517.6,0.4180,0.4184,0.4128,0.0047,0.0156,PASS,10,479.1,108.0
6656,7936,8192,hk_128x128x64,394.8,2.1918,2.1867,2.1393,0.0279,0.0312,PASS,10,535.3,73.8
6656,7936,8192,hk_256x256x64,546.4,1.5840,1.5814,1.5268,0.0415,0.0312,PASS,10,535.3,102.1
6656,8064,64,hk_128x128x64,106.5,0.0645,0.0645,0.0630,0.0008,0.0039,PASS,10,63.3,168.2
6656,8064,128,hk_128x128x64,166.7,0.0824,0.0831,0.0810,0.0018,0.0039,PASS,10,122.1,136.5
6656,8064,8192,hk_128x128x64,397.1,2.2147,2.2179,2.1912,0.0282,0.0312,PASS,10,535.8,74.1
6656,8192,256,hk_128x128x64,254.7,0.1096,0.1097,0.1073,0.0016,0.0039,PASS,10,229.5,111.0
6656,8192,256,hk_256x256x64,291.8,0.0957,0.0956,0.0950,0.0005,0.0039,PASS,10,229.5,127.2
6656,8192,8192,hk_128x128x64,405.0,2.2057,2.2104,2.1655,0.0247,0.0312,PASS,10,559.5,72.4
6656,8192,8192,hk_256x256x64,556.0,1.6069,1.5866,1.5125,0.0316,0.0312,PASS,10,559.5,99.4
6784,6784,512,hk_128x128x64,304.5,0.1548,0.1559,0.1501,0.0044,0.0078,PASS,10,269.5,113.0
6784,6912,1024,hk_128x128x64,367.7,0.2612,0.2617,0.2556,0.0049,0.0078,PASS,10,432.4,85.0
6784,6912,8192,hk_128x128x64,381.0,2.0164,2.0247,1.9982,0.0360,0.0312,PASS,10,529.3,72.0
6784,7040,64,hk_128x128x64,100.3,0.0609,0.0606,0.0587,0.0014,0.0039,PASS,10,76.3,131.4
6784,7040,128,hk_128x128x64,159.1,0.0769,0.0770,0.0744,0.0018,0.0039,PASS,10,140.5,113.2
6784,7040,1024,hk_128x128x64,320.0,0.3057,0.3008,0.2688,0.0111,0.0078,PASS,10,374.2,85.5
6784,7552,256,hk_128x128x64,232.7,0.1127,0.1127,0.1115,0.0012,0.0039,PASS,10,185.0,125.7
6784,7680,4096,hk_128x128x64,394.1,1.0831,1.0873,1.0283,0.0402,0.0156,PASS,10,504.8,78.1
6784,7808,64,hk_128x128x64,107.3,0.0632,0.0634,0.0619,0.0012,0.0020,PASS,10,83.5,128.5
6784,8064,2048,hk_128x128x64,368.9,0.6074,0.6086,0.5660,0.0310,0.0156,PASS,10,460.3,80.2
6912,6912,256,hk_128x128x64,235.2,0.1040,0.1044,0.1034,0.0011,0.0039,PASS,10,239.3,98.3
6912,6912,256,hk_192x192x64,264.7,0.0924,0.0925,0.0910,0.0012,0.0039,PASS,10,239.3,110.6
6912,6912,256,hk_256x256x64,271.6,0.0900,0.0903,0.0872,0.0020,0.0039,PASS,10,239.3,113.5
6912,7168,2048,hk_128x128x64,380.5,0.5333,0.5292,0.5072,0.0103,0.0156,PASS,10,515.9,73.8
6912,7168,2048,hk_256x256x64,496.3,0.4089,0.4098,0.3943,0.0110,0.0156,PASS,10,515.9,96.2
6912,7680,4096,hk_128x128x64,407.1,1.0683,1.0656,1.0259,0.0280,0.0156,PASS,10,522.3,77.9
6912,7680,4096,hk_192x192x64,510.9,0.8512,0.8458,0.7776,0.0422,0.0156,PASS,10,522.3,97.8
6912,7680,4096,hk_256x256x64,503.2,0.8641,0.8593,0.8223,0.0230,0.0156,PASS,10,522.3,96.3
6912,7936,512,hk_128x128x64,323.9,0.1734,0.1725,0.1682,0.0032,0.0078,PASS,10,409.3,79.1
6912,7936,512,hk_256x256x64,391.9,0.1433,0.1461,0.1413,0.0098,0.0078,PASS,10,409.3,95.7
6912,7936,2048,hk_128x128x64,370.4,0.6066,0.6039,0.5932,0.0079,0.0156,PASS,10,513.3,72.1
6912,7936,2048,hk_256x256x64,523.0,0.4296,0.4275,0.4180,0.0075,0.0156,PASS,10,513.3,101.9
6912,8064,256,hk_128x128x64,249.2,0.1145,0.1146,0.1119,0.0018,0.0039,PASS,10,185.8,134.1
6912,8064,256,hk_192x192x64,286.7,0.0995,0.0995,0.0981,0.0006,0.0039,PASS,10,185.8,154.3
6912,8064,2048,hk_128x128x64,366.0,0.6237,0.6196,0.6044,0.0081,0.0156,PASS,10,497.2,73.6
6912,8064,2048,hk_192x192x64,505.3,0.4518,0.4470,0.4102,0.0180,0.0156,PASS,10,497.2,101.6
6912,8064,8192,hk_128x128x64,387.3,2.3577,2.3692,2.3172,0.0477,0.0312,PASS,10,545.2,71.0
6912,8064,8192,hk_192x192x64,510.2,1.7900,1.7931,1.7633,0.0249,0.0312,PASS,10,545.2,93.6
6912,8192,1024,hk_128x128x64,373.2,0.3108,0.3097,0.2929,0.0118,0.0078,PASS,10,496.2,75.2
6912,8192,1024,hk_256x256x64,503.2,0.2305,0.2315,0.2287,0.0027,0.0078,PASS,10,496.2,101.4
7040,7040,4096,hk_128x128x64,395.4,1.0268,1.0262,0.9600,0.0409,0.0156,PASS,10,524.5,75.4
7040,7040,8192,hk_128x128x64,387.4,2.0962,2.1032,2.0807,0.0236,0.0312,PASS,10,533.1,72.7
7040,7296,4096,hk_128x128x64,394.4,1.0670,1.0789,1.0257,0.0457,0.0156,PASS,10,515.3,76.5
7040,7680,2048,hk_128x128x64,369.7,0.5990,0.5935,0.5719,0.0145,0.0156,PASS,10,539.4,68.5
7040,7808,2048,hk_128x128x64,367.1,0.6133,0.6152,0.5944,0.0157,0.0156,PASS,10,470.2,78.1
7040,7936,512,hk_128x128x64,328.3,0.1742,0.1744,0.1718,0.0017,0.0078,PASS,10,339.8,96.6
7040,7936,8192,hk_128x128x64,385.8,2.3725,2.3684,2.3240,0.0368,0.0312,PASS,10,545.7,70.7
7040,8064,64,hk_128x128x64,103.7,0.0701,0.0696,0.0665,0.0025,0.0039,PASS,10,63.1,164.4
7040,8064,512,hk_128x128x64,313.4,0.1855,0.1857,0.1816,0.0029,0.0078,PASS,10,282.3,111.0
7040,8064,2048,hk_128x128x64,352.0,0.6607,0.6643,0.6393,0.0208,0.0156,PASS,10,451.3,78.0
7040,8064,4096,hk_128x128x64,392.7,1.1842,1.1661,1.1045,0.0300,0.0156,PASS,10,522.9,75.1
7040,8192,4096,hk_128x128x64,407.7,1.1589,1.1477,1.1252,0.0181,0.0156,PASS,10,574.0,71.0
7168,7296,64,hk_128x128x64,106.8,0.0627,0.0632,0.0617,0.0015,0.0020,PASS,10,83.8,127.5
7168,7296,2048,hk_128x128x64,371.0,0.5774,0.5745,0.5423,0.0258,0.0156,PASS,10,464.2,79.9
7168,7552,64,hk_128x128x64,105.2,0.0659,0.0663,0.0645,0.0019,0.0020,PASS,10,87.2,120.6
7168,7552,128,hk_128x128x64,159.2,0.0870,0.0867,0.0847,0.0015,0.0039,PASS,10,150.7,105.7
7168,7552,512,hk_128x128x64,293.7,0.1887,0.1897,0.1842,0.0049,0.0078,PASS,10,337.9,86.9
7168,7552,4096,hk_128x128x64,395.9,1.1201,1.1177,1.0632,0.0354,0.0156,PASS,10,520.6,76.0
7168,7680,1024,hk_128x128x64,366.3,0.3078,0.3065,0.3003,0.0049,0.0078,PASS,10,496.0,73.8
7168,7680,1024,hk_256x256x64,491.5,0.2294,0.2290,0.2265,0.0015,0.0078,PASS,10,496.0,99.1
7168,7680,8192,hk_128x128x64,379.0,2.3800,2.3842,2.3549,0.0332,0.0312,PASS,10,576.8,65.7
7168,7680,8192,hk_256x256x64,557.2,1.6186,1.6204,1.5976,0.0201,0.0312,PASS,10,576.8,96.6
7168,7808,8192,hk_128x128x64,387.0,2.3694,2.3746,2.3264,0.0377,0.0312,PASS,10,534.5,72.4
7168,7936,1024,hk_128x128x64,363.9,0.3201,0.3219,0.3134,0.0074,0.0078,PASS,10,458.3,79.4
7168,7936,1024,hk_256x256x64,502.6,0.2318,0.2317,0.2282,0.0021,0.0078,PASS,10,458.3,109.7
7168,8064,256,hk_128x128x64,246.4,0.1201,0.1198,0.1181,0.0008,0.0039,PASS,10,193.9,127.0
7168,8192,1024,hk_128x128x64,370.2,0.3249,0.3213,0.2999,0.0075,0.0078,PASS,10,518.2,71.4
7168,8192,1024,hk_256x256x64,505.8,0.2377,0.2377,0.2344,0.0031,0.0078,PASS,10,518.2,97.6
7168,8192,2048,hk_128x128x64,379.7,0.6335,0.6355,0.6158,0.0131,0.0156,PASS,10,531.9,71.4
7168,8192,2048,hk_256x256x64,522.7,0.4602,0.4567,0.4364,0.0104,0.0156,PASS,10,531.9,98.3
7296,7552,1024,hk_128x128x64,360.2,0.3132,0.3119,0.2955,0.0085,0.0078,PASS,10,382.7,94.1
7296,7808,8192,hk_128x128x64,393.1,2.3743,2.3923,2.3521,0.0510,0.0312,PASS,10,525.7,74.8
7296,7936,256,hk_128x128x64,248.6,0.1192,0.1229,0.1172,0.0109,0.0039,PASS,10,250.8,99.1
7296,7936,512,hk_128x128x64,321.0,0.1847,0.1841,0.1801,0.0028,0.0078,PASS,10,359.6,89.3
7296,8064,64,hk_128x128x64,111.7,0.0674,0.0676,0.0665,0.0007,0.0020,PASS,10,65.4,170.7
7296,8064,64,hk_192x192x64,117.3,0.0642,0.0644,0.0631,0.0013,0.0020,PASS,10,65.4,179.2
7296,8192,512,hk_128x128x64,308.8,0.1982,0.1955,0.1880,0.0037,0.0078,PASS,10,374.4,82.5
7424,7424,64,hk_128x128x64,97.4,0.0724,0.0732,0.0710,0.0019,0.0020,PASS,10,95.8,101.6
7424,7424,64,hk_256x256x64,124.4,0.0567,0.0567,0.0560,0.0005,0.0020,PASS,10,95.8,129.8
7424,7424,4096,hk_128x128x64,391.2,1.1543,1.1584,1.1202,0.0262,0.0156,PASS,10,523.0,74.8
7424,7424,4096,hk_256x256x64,524.0,0.8616,0.8669,0.8350,0.0289,0.0156,PASS,10,523.0,100.2
7424,7552,4096,hk_128x128x64,394.4,1.1647,1.1685,1.1013,0.0437,0.0312,PASS,10,517.7,76.2
7424,7552,8192,hk_128x128x64,383.8,2.3932,2.4019,2.3678,0.0401,0.0312,PASS,10,543.3,70.7
7424,7680,2048,hk_128x128x64,378.5,0.6171,0.6182,0.5813,0.0205,0.0156,PASS,10,555.3,68.2
7424,7680,2048,hk_256x256x64,504.3,0.4631,0.4568,0.4324,0.0122,0.0156,PASS,10,555.3,90.8
7424,7680,4096,hk_128x128x64,385.7,1.2110,1.2016,1.1500,0.0358,0.0156,PASS,10,531.3,72.6
7424,7680,4096,hk_256x256x64,522.8,0.8935,0.8870,0.8408,0.0243,0.0156,PASS,10,531.3,98.4
7424,7680,8192,hk_128x128x64,386.3,2.4184,2.4183,2.3674,0.0466,0.0312,PASS,10,570.9,67.7
7424,7680,8192,hk_256x256x64,551.5,1.6937,1.7029,1.6296,0.0440,0.0312,PASS,10,570.9,96.6
7424,7808,8192,hk_128x128x64,394.1,2.4099,2.4106,2.3742,0.0322,0.0312,PASS,10,531.4,74.2
7424,8064,512,hk_128x128x64,322.7,0.1900,0.1908,0.1877,0.0035,0.0078,PASS,10,286.3,112.7
7424,8064,4096,hk_128x128x64,392.4,1.2498,1.2383,1.1904,0.0305,0.0156,PASS,10,507.0,77.4
7424,8192,4096,hk_128x128x64,398.2,1.2511,1.2488,1.1993,0.0336,0.0156,PASS,10,549.0,72.5
7424,8192,4096,hk_256x256x64,503.6,0.9894,0.9838,0.9236,0.0425,0.0156,PASS,10,549.0,91.7
7424,8192,8192,hk_128x128x64,390.2,2.5539,2.5540,2.5186,0.0257,0.0312,PASS,10,549.3,71.0
7424,8192,8192,hk_256x256x64,528.6,1.8850,1.8796,1.8488,0.0159,0.0312,PASS,10,549.3,96.2
7552,7552,1024,hk_128x128x64,371.7,0.3142,0.3127,0.3044,0.0057,0.0078,PASS,10,397.7,93.5
7552,7680,512,hk_128x128x64,322.6,0.1841,0.1840,0.1813,0.0022,0.0078,PASS,10,351.5,91.8
7552,7808,128,hk_128x128x64,167.6,0.0901,0.0895,0.0864,0.0019,0.0039,PASS,10,147.9,113.3
7552,7808,1024,hk_128x128x64,370.0,0.3264,0.3269,0.3175,0.0077,0.0078,PASS,10,418.2,88.5
7552,8192,512,hk_128x128x64,314.6,0.2014,0.2011,0.1952,0.0029,0.0078,PASS,10,372.8,84.4
7552,8192,1024,hk_128x128x64,368.1,0.3442,0.3424,0.3336,0.0048,0.0078,PASS,10,474.4,77.6
7680,7808,128,hk_128x128x64,173.6,0.0884,0.0885,0.0877,0.0006,0.0039,PASS,10,148.4,117.0
7680,8064,128,hk_128x128x64,162.1,0.0978,0.0973,0.0913,0.0028,0.0039,PASS,10,123.8,131.0
7680,8064,128,hk_192x192x64,188.9,0.0839,0.0841,0.0827,0.0012,0.0039,PASS,10,123.8,152.7
7680,8192,512,hk_128x128x64,305.0,0.2112,0.2113,0.2058,0.0026,0.0078,PASS,10,371.2,82.2
7680,8192,512,hk_256x256x64,345.3,0.1866,0.1873,0.1841,0.0028,0.0078,PASS,10,371.2,93.0
7808,7808,512,hk_128x128x64,299.0,0.2088,0.2062,0.1986,0.0051,0.0078,PASS,10,310.3,96.4
7808,7936,2048,hk_128x128x64,373.0,0.6805,0.6809,0.6621,0.0120,0.0156,PASS,10,472.9,78.9
7808,7936,8192,hk_128x128x64,393.0,2.5831,2.5822,2.5459,0.0289,0.0312,PASS,10,545.7,72.0
7808,8064,1024,hk_128x128x64,358.1,0.3601,0.3604,0.3464,0.0076,0.0156,PASS,10,440.8,81.2
7808,8192,256,hk_128x128x64,257.3,0.1273,0.1268,0.1238,0.0019,0.0078,PASS,10,267.8,96.1
7808,8192,512,hk_128x128x64,308.3,0.2124,0.2088,0.1982,0.0069,0.0078,PASS,10,371.0,83.1
7808,8192,2048,hk_128x128x64,380.9,0.6879,0.6852,0.6624,0.0139,0.0156,PASS,10,516.3,73.8
7936,7936,64,hk_128x128x64,108.2,0.0745,0.0775,0.0726,0.0100,0.0020,PASS,10,88.8,121.9
7936,7936,64,hk_256x256x64,122.0,0.0661,0.0659,0.0647,0.0011,0.0020,PASS,10,88.8,137.4
7936,7936,512,hk_128x128x64,280.6,0.2298,0.2257,0.2102,0.0094,0.0078,PASS,10,367.3,76.4
7936,7936,512,hk_256x256x64,343.9,0.1875,0.1874,0.1847,0.0022,0.0078,PASS,10,367.3,93.6
7936,8064,512,hk_128x128x64,316.6,0.2070,0.2075,0.2020,0.0038,0.0078,PASS,10,285.0,111.1
7936,8064,1024,hk_128x128x64,339.1,0.3865,0.3888,0.3813,0.0065,0.0078,PASS,10,416.8,81.4
7936,8192,128,hk_128x128x64,162.5,0.1024,0.1033,0.0985,0.0031,0.0039,PASS,10,164.9,98.6
7936,8192,128,hk_256x256x64,180.1,0.0924,0.0915,0.0886,0.0017,0.0039,PASS,10,164.9,109.2
7936,8192,2048,hk_128x128x64,366.0,0.7275,0.7230,0.6843,0.0271,0.0156,PASS,10,500.8,73.1
7936,8192,2048,hk_256x256x64,519.7,0.5124,0.5135,0.5072,0.0046,0.0156,PASS,10,500.8,103.8
7936,8192,4096,hk_128x128x64,402.1,1.3245,1.3164,1.2878,0.0221,0.0156,PASS,10,551.9,72.9
7936,8192,4096,hk_256x256x64,507.6,1.0491,1.0376,0.9902,0.0351,0.0156,PASS,10,551.9,92.0
8064,8064,4096,hk_128x128x64,398.4,1.3372,1.3379,1.2798,0.0430,0.0156,PASS,10,532.2,74.9
8064,8064,4096,hk_192x192x64,504.7,1.0555,1.0558,1.0096,0.0485,0.0156,PASS,10,532.2,94.8
8064,8192,512,hk_128x128x64,332.5,0.2034,0.2049,0.1998,0.0037,0.0078,PASS,10,351.7,94.5
8064,8192,4096,hk_128x128x64,400.9,1.3500,1.3400,1.3029,0.0208,0.0156,PASS,10,559.6,71.6
